{
"type": "FeatureCollection",
"name": "random points",
"crs": { "type": "name", "properties": { "name": "urn:ogc:def:crs:OGC:1.3:CRS84" } },
"features": [
{ "type": "Feature", "properties": { "rand_point_id": 0, "OBJECTID": 120, "admin4Name": "Ward No-01", "admin4Pcod": "20150601", "admin4RefN": null, "admin4AltN": null, "admin4Al_1": null, "admin3Name": "Bayejid Bostami", "admin3Pcod": "201506", "admin2Name": "Chittagong", "admin2Pcod": "2015", "admin1Name": "Chittagong", "admin1Pcod": "20", "admin0Name": "Bangladesh", "admin0Pcod": "BD", "date": "2015-01-01", "validOn": "2018-04-10", "validTo": null, "Shape_Leng": 0.20038457574, "Shape_Area": 0.00203084545, "name": "Ward No-01" }, "geometry": { "type": "Point", "coordinates": [ 91.833311042327978, 22.359372430731526 ] } },
{ "type": "Feature", "properties": { "rand_point_id": 1, "OBJECTID": 120, "admin4Name": "Ward No-01", "admin4Pcod": "20150601", "admin4RefN": null, "admin4AltN": null, "admin4Al_1": null, "admin3Name": "Bayejid Bostami", "admin3Pcod": "201506", "admin2Name": "Chittagong", "admin2Pcod": "2015", "admin1Name": "Chittagong", "admin1Pcod": "20", "admin0Name": "Bangladesh", "admin0Pcod": "BD", "date": "2015-01-01", "validOn": "2018-04-10", "validTo": null, "Shape_Leng": 0.20038457574, "Shape_Area": 0.00203084545, "name": "Ward No-01" }, "geometry": { "type": "Point", "coordinates": [ 91.822371675604046, 22.250937051551432 ] } },
{ "type": "Feature", "properties": { "rand_point_id": 2, "OBJECTID": 120, "admin4Name": "Ward No-01", "admin4Pcod": "20150601", "admin4RefN": null, "admin4AltN": null, "admin4Al_1": null, "admin3Name": "Bayejid Bostami", "admin3Pcod": "201506", "admin2Name": "Chittagong", "admin2Pcod": "2015", "admin1Name": "Chittagong", "admin1Pcod": "20", "admin0Name": "Bangladesh", "admin0Pcod": "BD", "date": "2015-01-01", "validOn": "2018-04-10", "validTo": null, "Shape_Leng": 0.20038457574, "Shape_Area": 0.00203084545, "name": "Ward No-01" }, "geometry": { "type": "Point", "coordinates": [ 91.83564014051403, 22.33179767715168 ] } },
{ "type": "Feature", "properties": { "rand_point_id": 3, "OBJECTID": 120, "admin4Name": "Ward No-01", "admin4Pcod": "20150601", "admin4RefN": null, "admin4AltN": null, "admin4Al_1": null, "admin3Name": "Bayejid Bostami", "admin3Pcod": "201506", "admin2Name": "Chittagong", "admin2Pcod": "2015", "admin1Name": "Chittagong", "admin1Pcod": "20", "admin0Name": "Bangladesh", "admin0Pcod": "BD", "date": "2015-01-01", "validOn": "2018-04-10", "validTo": null, "Shape_Leng": 0.20038457574, "Shape_Area": 0.00203084545, "name": "Ward No-01" }, "geometry": { "type": "Point", "coordinates": [ 91.807080959818919, 22.232476787356656 ] } },
{ "type": "Feature", "properties": { "rand_point_id": 4, "OBJECTID": 120, "admin4Name": "Ward No-01", "admin4Pcod": "20150601", "admin4RefN": null, "admin4AltN": null, "admin4Al_1": null, "admin3Name": "Bayejid Bostami", "admin3Pcod": "201506", "admin2Name": "Chittagong", "admin2Pcod": "2015", "admin1Name": "Chittagong", "admin1Pcod": "20", "admin0Name": "Bangladesh", "admin0Pcod": "BD", "date": "2015-01-01", "validOn": "2018-04-10", "validTo": null, "Shape_Leng": 0.20038457574, "Shape_Area": 0.00203084545, "name": "Ward No-01" }, "geometry": { "type": "Point", "coordinates": [ 91.829334056033261, 22.377178963308186 ] } },
{ "type": "Feature", "properties": { "rand_point_id": 5, "OBJECTID": 120, "admin4Name": "Ward No-01", "admin4Pcod": "20150601", "admin4RefN": null, "admin4AltN": null, "admin4Al_1": null, "admin3Name": "Bayejid Bostami", "admin3Pcod": "201506", "admin2Name": "Chittagong", "admin2Pcod": "2015", "admin1Name": "Chittagong", "admin1Pcod": "20", "admin0Name": "Bangladesh", "admin0Pcod": "BD", "date": "2015-01-01", "validOn": "2018-04-10", "validTo": null, "Shape_Leng": 0.20038457574, "Shape_Area": 0.00203084545, "name": "Ward No-01" }, "geometry": { "type": "Point", "coordinates": [ 91.760292189533573, 22.365202359507002 ] } },
{ "type": "Feature", "properties": { "rand_point_id": 6, "OBJECTID": 120, "admin4Name": "Ward No-01", "admin4Pcod": "20150601", "admin4RefN": null, "admin4AltN": null, "admin4Al_1": null, "admin3Name": "Bayejid Bostami", "admin3Pcod": "201506", "admin2Name": "Chittagong", "admin2Pcod": "2015", "admin1Name": "Chittagong", "admin1Pcod": "20", "admin0Name": "Bangladesh", "admin0Pcod": "BD", "date": "2015-01-01", "validOn": "2018-04-10", "validTo": null, "Shape_Leng": 0.20038457574, "Shape_Area": 0.00203084545, "name": "Ward No-01" }, "geometry": { "type": "Point", "coordinates": [ 91.798393813663409, 22.420362601121745 ] } },
{ "type": "Feature", "properties": { "rand_point_id": 7, "OBJECTID": 120, "admin4Name": "Ward No-01", "admin4Pcod": "20150601", "admin4RefN": null, "admin4AltN": null, "admin4Al_1": null, "admin3Name": "Bayejid Bostami", "admin3Pcod": "201506", "admin2Name": "Chittagong", "admin2Pcod": "2015", "admin1Name": "Chittagong", "admin1Pcod": "20", "admin0Name": "Bangladesh", "admin0Pcod": "BD", "date": "2015-01-01", "validOn": "2018-04-10", "validTo": null, "Shape_Leng": 0.20038457574, "Shape_Area": 0.00203084545, "name": "Ward No-01" }, "geometry": { "type": "Point", "coordinates": [ 91.78591985250516, 22.435464332855268 ] } },
{ "type": "Feature", "properties": { "rand_point_id": 8, "OBJECTID": 120, "admin4Name": "Ward No-01", "admin4Pcod": "20150601", "admin4RefN": null, "admin4AltN": null, "admin4Al_1": null, "admin3Name": "Bayejid Bostami", "admin3Pcod": "201506", "admin2Name": "Chittagong", "admin2Pcod": "2015", "admin1Name": "Chittagong", "admin1Pcod": "20", "admin0Name": "Bangladesh", "admin0Pcod": "BD", "date": "2015-01-01", "validOn": "2018-04-10", "validTo": null, "Shape_Leng": 0.20038457574, "Shape_Area": 0.00203084545, "name": "Ward No-01" }, "geometry": { "type": "Point", "coordinates": [ 91.848797780572284, 22.348058061247876 ] } },
{ "type": "Feature", "properties": { "rand_point_id": 9, "OBJECTID": 120, "admin4Name": "Ward No-01", "admin4Pcod": "20150601", "admin4RefN": null, "admin4AltN": null, "admin4Al_1": null, "admin3Name": "Bayejid Bostami", "admin3Pcod": "201506", "admin2Name": "Chittagong", "admin2Pcod": "2015", "admin1Name": "Chittagong", "admin1Pcod": "20", "admin0Name": "Bangladesh", "admin0Pcod": "BD", "date": "2015-01-01", "validOn": "2018-04-10", "validTo": null, "Shape_Leng": 0.20038457574, "Shape_Area": 0.00203084545, "name": "Ward No-01" }, "geometry": { "type": "Point", "coordinates": [ 91.82568138991904, 22.250210931413843 ] } },
{ "type": "Feature", "properties": { "rand_point_id": 10, "OBJECTID": 120, "admin4Name": "Ward No-01", "admin4Pcod": "20150601", "admin4RefN": null, "admin4AltN": null, "admin4Al_1": null, "admin3Name": "Bayejid Bostami", "admin3Pcod": "201506", "admin2Name": "Chittagong", "admin2Pcod": "2015", "admin1Name": "Chittagong", "admin1Pcod": "20", "admin0Name": "Bangladesh", "admin0Pcod": "BD", "date": "2015-01-01", "validOn": "2018-04-10", "validTo": null, "Shape_Leng": 0.20038457574, "Shape_Area": 0.00203084545, "name": "Ward No-01" }, "geometry": { "type": "Point", "coordinates": [ 91.821850557769508, 22.25190970951331 ] } },
{ "type": "Feature", "properties": { "rand_point_id": 11, "OBJECTID": 120, "admin4Name": "Ward No-01", "admin4Pcod": "20150601", "admin4RefN": null, "admin4AltN": null, "admin4Al_1": null, "admin3Name": "Bayejid Bostami", "admin3Pcod": "201506", "admin2Name": "Chittagong", "admin2Pcod": "2015", "admin1Name": "Chittagong", "admin1Pcod": "20", "admin0Name": "Bangladesh", "admin0Pcod": "BD", "date": "2015-01-01", "validOn": "2018-04-10", "validTo": null, "Shape_Leng": 0.20038457574, "Shape_Area": 0.00203084545, "name": "Ward No-01" }, "geometry": { "type": "Point", "coordinates": [ 91.811812942023792, 22.422330902718535 ] } },
{ "type": "Feature", "properties": { "rand_point_id": 12, "OBJECTID": 120, "admin4Name": "Ward No-01", "admin4Pcod": "20150601", "admin4RefN": null, "admin4AltN": null, "admin4Al_1": null, "admin3Name": "Bayejid Bostami", "admin3Pcod": "201506", "admin2Name": "Chittagong", "admin2Pcod": "2015", "admin1Name": "Chittagong", "admin1Pcod": "20", "admin0Name": "Bangladesh", "admin0Pcod": "BD", "date": "2015-01-01", "validOn": "2018-04-10", "validTo": null, "Shape_Leng": 0.20038457574, "Shape_Area": 0.00203084545, "name": "Ward No-01" }, "geometry": { "type": "Point", "coordinates": [ 91.785181169811992, 22.247400933687334 ] } },
{ "type": "Feature", "properties": { "rand_point_id": 13, "OBJECTID": 120, "admin4Name": "Ward No-01", "admin4Pcod": "20150601", "admin4RefN": null, "admin4AltN": null, "admin4Al_1": null, "admin3Name": "Bayejid Bostami", "admin3Pcod": "201506", "admin2Name": "Chittagong", "admin2Pcod": "2015", "admin1Name": "Chittagong", "admin1Pcod": "20", "admin0Name": "Bangladesh", "admin0Pcod": "BD", "date": "2015-01-01", "validOn": "2018-04-10", "validTo": null, "Shape_Leng": 0.20038457574, "Shape_Area": 0.00203084545, "name": "Ward No-01" }, "geometry": { "type": "Point", "coordinates": [ 91.874881830215543, 22.382817653385306 ] } },
{ "type": "Feature", "properties": { "rand_point_id": 14, "OBJECTID": 120, "admin4Name": "Ward No-01", "admin4Pcod": "20150601", "admin4RefN": null, "admin4AltN": null, "admin4Al_1": null, "admin3Name": "Bayejid Bostami", "admin3Pcod": "201506", "admin2Name": "Chittagong", "admin2Pcod": "2015", "admin1Name": "Chittagong", "admin1Pcod": "20", "admin0Name": "Bangladesh", "admin0Pcod": "BD", "date": "2015-01-01", "validOn": "2018-04-10", "validTo": null, "Shape_Leng": 0.20038457574, "Shape_Area": 0.00203084545, "name": "Ward No-01" }, "geometry": { "type": "Point", "coordinates": [ 91.831183228134037, 22.353649835173329 ] } },
{ "type": "Feature", "properties": { "rand_point_id": 15, "OBJECTID": 120, "admin4Name": "Ward No-01", "admin4Pcod": "20150601", "admin4RefN": null, "admin4AltN": null, "admin4Al_1": null, "admin3Name": "Bayejid Bostami", "admin3Pcod": "201506", "admin2Name": "Chittagong", "admin2Pcod": "2015", "admin1Name": "Chittagong", "admin1Pcod": "20", "admin0Name": "Bangladesh", "admin0Pcod": "BD", "date": "2015-01-01", "validOn": "2018-04-10", "validTo": null, "Shape_Leng": 0.20038457574, "Shape_Area": 0.00203084545, "name": "Ward No-01" }, "geometry": { "type": "Point", "coordinates": [ 91.822026890526644, 22.386706809174868 ] } },
{ "type": "Feature", "properties": { "rand_point_id": 16, "OBJECTID": 120, "admin4Name": "Ward No-01", "admin4Pcod": "20150601", "admin4RefN": null, "admin4AltN": null, "admin4Al_1": null, "admin3Name": "Bayejid Bostami", "admin3Pcod": "201506", "admin2Name": "Chittagong", "admin2Pcod": "2015", "admin1Name": "Chittagong", "admin1Pcod": "20", "admin0Name": "Bangladesh", "admin0Pcod": "BD", "date": "2015-01-01", "validOn": "2018-04-10", "validTo": null, "Shape_Leng": 0.20038457574, "Shape_Area": 0.00203084545, "name": "Ward No-01" }, "geometry": { "type": "Point", "coordinates": [ 91.765721839795248, 22.342340543637249 ] } },
{ "type": "Feature", "properties": { "rand_point_id": 17, "OBJECTID": 120, "admin4Name": "Ward No-01", "admin4Pcod": "20150601", "admin4RefN": null, "admin4AltN": null, "admin4Al_1": null, "admin3Name": "Bayejid Bostami", "admin3Pcod": "201506", "admin2Name": "Chittagong", "admin2Pcod": "2015", "admin1Name": "Chittagong", "admin1Pcod": "20", "admin0Name": "Bangladesh", "admin0Pcod": "BD", "date": "2015-01-01", "validOn": "2018-04-10", "validTo": null, "Shape_Leng": 0.20038457574, "Shape_Area": 0.00203084545, "name": "Ward No-01" }, "geometry": { "type": "Point", "coordinates": [ 91.884866352808359, 22.409926442295479 ] } },
{ "type": "Feature", "properties": { "rand_point_id": 18, "OBJECTID": 120, "admin4Name": "Ward No-01", "admin4Pcod": "20150601", "admin4RefN": null, "admin4AltN": null, "admin4Al_1": null, "admin3Name": "Bayejid Bostami", "admin3Pcod": "201506", "admin2Name": "Chittagong", "admin2Pcod": "2015", "admin1Name": "Chittagong", "admin1Pcod": "20", "admin0Name": "Bangladesh", "admin0Pcod": "BD", "date": "2015-01-01", "validOn": "2018-04-10", "validTo": null, "Shape_Leng": 0.20038457574, "Shape_Area": 0.00203084545, "name": "Ward No-01" }, "geometry": { "type": "Point", "coordinates": [ 91.847659621287704, 22.335916595738254 ] } },
{ "type": "Feature", "properties": { "rand_point_id": 19, "OBJECTID": 120, "admin4Name": "Ward No-01", "admin4Pcod": "20150601", "admin4RefN": null, "admin4AltN": null, "admin4Al_1": null, "admin3Name": "Bayejid Bostami", "admin3Pcod": "201506", "admin2Name": "Chittagong", "admin2Pcod": "2015", "admin1Name": "Chittagong", "admin1Pcod": "20", "admin0Name": "Bangladesh", "admin0Pcod": "BD", "date": "2015-01-01", "validOn": "2018-04-10", "validTo": null, "Shape_Leng": 0.20038457574, "Shape_Area": 0.00203084545, "name": "Ward No-01" }, "geometry": { "type": "Point", "coordinates": [ 91.83170579921476, 22.353588670660375 ] } },
{ "type": "Feature", "properties": { "rand_point_id": 20, "OBJECTID": 120, "admin4Name": "Ward No-01", "admin4Pcod": "20150601", "admin4RefN": null, "admin4AltN": null, "admin4Al_1": null, "admin3Name": "Bayejid Bostami", "admin3Pcod": "201506", "admin2Name": "Chittagong", "admin2Pcod": "2015", "admin1Name": "Chittagong", "admin1Pcod": "20", "admin0Name": "Bangladesh", "admin0Pcod": "BD", "date": "2015-01-01", "validOn": "2018-04-10", "validTo": null, "Shape_Leng": 0.20038457574, "Shape_Area": 0.00203084545, "name": "Ward No-01" }, "geometry": { "type": "Point", "coordinates": [ 91.811385694292156, 22.256758176768976 ] } },
{ "type": "Feature", "properties": { "rand_point_id": 21, "OBJECTID": 120, "admin4Name": "Ward No-01", "admin4Pcod": "20150601", "admin4RefN": null, "admin4AltN": null, "admin4Al_1": null, "admin3Name": "Bayejid Bostami", "admin3Pcod": "201506", "admin2Name": "Chittagong", "admin2Pcod": "2015", "admin1Name": "Chittagong", "admin1Pcod": "20", "admin0Name": "Bangladesh", "admin0Pcod": "BD", "date": "2015-01-01", "validOn": "2018-04-10", "validTo": null, "Shape_Leng": 0.20038457574, "Shape_Area": 0.00203084545, "name": "Ward No-01" }, "geometry": { "type": "Point", "coordinates": [ 91.859899744080252, 22.379977109110587 ] } },
{ "type": "Feature", "properties": { "rand_point_id": 22, "OBJECTID": 120, "admin4Name": "Ward No-01", "admin4Pcod": "20150601", "admin4RefN": null, "admin4AltN": null, "admin4Al_1": null, "admin3Name": "Bayejid Bostami", "admin3Pcod": "201506", "admin2Name": "Chittagong", "admin2Pcod": "2015", "admin1Name": "Chittagong", "admin1Pcod": "20", "admin0Name": "Bangladesh", "admin0Pcod": "BD", "date": "2015-01-01", "validOn": "2018-04-10", "validTo": null, "Shape_Leng": 0.20038457574, "Shape_Area": 0.00203084545, "name": "Ward No-01" }, "geometry": { "type": "Point", "coordinates": [ 91.809150525544908, 22.235690696186342 ] } },
{ "type": "Feature", "properties": { "rand_point_id": 23, "OBJECTID": 120, "admin4Name": "Ward No-01", "admin4Pcod": "20150601", "admin4RefN": null, "admin4AltN": null, "admin4Al_1": null, "admin3Name": "Bayejid Bostami", "admin3Pcod": "201506", "admin2Name": "Chittagong", "admin2Pcod": "2015", "admin1Name": "Chittagong", "admin1Pcod": "20", "admin0Name": "Bangladesh", "admin0Pcod": "BD", "date": "2015-01-01", "validOn": "2018-04-10", "validTo": null, "Shape_Leng": 0.20038457574, "Shape_Area": 0.00203084545, "name": "Ward No-01" }, "geometry": { "type": "Point", "coordinates": [ 91.781842430394533, 22.367341261735724 ] } },
{ "type": "Feature", "properties": { "rand_point_id": 24, "OBJECTID": 120, "admin4Name": "Ward No-01", "admin4Pcod": "20150601", "admin4RefN": null, "admin4AltN": null, "admin4Al_1": null, "admin3Name": "Bayejid Bostami", "admin3Pcod": "201506", "admin2Name": "Chittagong", "admin2Pcod": "2015", "admin1Name": "Chittagong", "admin1Pcod": "20", "admin0Name": "Bangladesh", "admin0Pcod": "BD", "date": "2015-01-01", "validOn": "2018-04-10", "validTo": null, "Shape_Leng": 0.20038457574, "Shape_Area": 0.00203084545, "name": "Ward No-01" }, "geometry": { "type": "Point", "coordinates": [ 91.757464253402318, 22.347694445743034 ] } },
{ "type": "Feature", "properties": { "rand_point_id": 25, "OBJECTID": 120, "admin4Name": "Ward No-01", "admin4Pcod": "20150601", "admin4RefN": null, "admin4AltN": null, "admin4Al_1": null, "admin3Name": "Bayejid Bostami", "admin3Pcod": "201506", "admin2Name": "Chittagong", "admin2Pcod": "2015", "admin1Name": "Chittagong", "admin1Pcod": "20", "admin0Name": "Bangladesh", "admin0Pcod": "BD", "date": "2015-01-01", "validOn": "2018-04-10", "validTo": null, "Shape_Leng": 0.20038457574, "Shape_Area": 0.00203084545, "name": "Ward No-01" }, "geometry": { "type": "Point", "coordinates": [ 91.801910022353923, 22.463285967257438 ] } },
{ "type": "Feature", "properties": { "rand_point_id": 26, "OBJECTID": 120, "admin4Name": "Ward No-01", "admin4Pcod": "20150601", "admin4RefN": null, "admin4AltN": null, "admin4Al_1": null, "admin3Name": "Bayejid Bostami", "admin3Pcod": "201506", "admin2Name": "Chittagong", "admin2Pcod": "2015", "admin1Name": "Chittagong", "admin1Pcod": "20", "admin0Name": "Bangladesh", "admin0Pcod": "BD", "date": "2015-01-01", "validOn": "2018-04-10", "validTo": null, "Shape_Leng": 0.20038457574, "Shape_Area": 0.00203084545, "name": "Ward No-01" }, "geometry": { "type": "Point", "coordinates": [ 91.79102594614946, 22.451033498654432 ] } },
{ "type": "Feature", "properties": { "rand_point_id": 27, "OBJECTID": 120, "admin4Name": "Ward No-01", "admin4Pcod": "20150601", "admin4RefN": null, "admin4AltN": null, "admin4Al_1": null, "admin3Name": "Bayejid Bostami", "admin3Pcod": "201506", "admin2Name": "Chittagong", "admin2Pcod": "2015", "admin1Name": "Chittagong", "admin1Pcod": "20", "admin0Name": "Bangladesh", "admin0Pcod": "BD", "date": "2015-01-01", "validOn": "2018-04-10", "validTo": null, "Shape_Leng": 0.20038457574, "Shape_Area": 0.00203084545, "name": "Ward No-01" }, "geometry": { "type": "Point", "coordinates": [ 91.795969982549067, 22.302018322813787 ] } },
{ "type": "Feature", "properties": { "rand_point_id": 28, "OBJECTID": 120, "admin4Name": "Ward No-01", "admin4Pcod": "20150601", "admin4RefN": null, "admin4AltN": null, "admin4Al_1": null, "admin3Name": "Bayejid Bostami", "admin3Pcod": "201506", "admin2Name": "Chittagong", "admin2Pcod": "2015", "admin1Name": "Chittagong", "admin1Pcod": "20", "admin0Name": "Bangladesh", "admin0Pcod": "BD", "date": "2015-01-01", "validOn": "2018-04-10", "validTo": null, "Shape_Leng": 0.20038457574, "Shape_Area": 0.00203084545, "name": "Ward No-01" }, "geometry": { "type": "Point", "coordinates": [ 91.785680839660714, 22.340426430109986 ] } },
{ "type": "Feature", "properties": { "rand_point_id": 29, "OBJECTID": 120, "admin4Name": "Ward No-01", "admin4Pcod": "20150601", "admin4RefN": null, "admin4AltN": null, "admin4Al_1": null, "admin3Name": "Bayejid Bostami", "admin3Pcod": "201506", "admin2Name": "Chittagong", "admin2Pcod": "2015", "admin1Name": "Chittagong", "admin1Pcod": "20", "admin0Name": "Bangladesh", "admin0Pcod": "BD", "date": "2015-01-01", "validOn": "2018-04-10", "validTo": null, "Shape_Leng": 0.20038457574, "Shape_Area": 0.00203084545, "name": "Ward No-01" }, "geometry": { "type": "Point", "coordinates": [ 91.773784259793047, 22.294400807412096 ] } },
{ "type": "Feature", "properties": { "rand_point_id": 30, "OBJECTID": 120, "admin4Name": "Ward No-01", "admin4Pcod": "20150601", "admin4RefN": null, "admin4AltN": null, "admin4Al_1": null, "admin3Name": "Bayejid Bostami", "admin3Pcod": "201506", "admin2Name": "Chittagong", "admin2Pcod": "2015", "admin1Name": "Chittagong", "admin1Pcod": "20", "admin0Name": "Bangladesh", "admin0Pcod": "BD", "date": "2015-01-01", "validOn": "2018-04-10", "validTo": null, "Shape_Leng": 0.20038457574, "Shape_Area": 0.00203084545, "name": "Ward No-01" }, "geometry": { "type": "Point", "coordinates": [ 91.790609471296719, 22.25502184109456 ] } },
{ "type": "Feature", "properties": { "rand_point_id": 31, "OBJECTID": 120, "admin4Name": "Ward No-01", "admin4Pcod": "20150601", "admin4RefN": null, "admin4AltN": null, "admin4Al_1": null, "admin3Name": "Bayejid Bostami", "admin3Pcod": "201506", "admin2Name": "Chittagong", "admin2Pcod": "2015", "admin1Name": "Chittagong", "admin1Pcod": "20", "admin0Name": "Bangladesh", "admin0Pcod": "BD", "date": "2015-01-01", "validOn": "2018-04-10", "validTo": null, "Shape_Leng": 0.20038457574, "Shape_Area": 0.00203084545, "name": "Ward No-01" }, "geometry": { "type": "Point", "coordinates": [ 91.868658593318713, 22.395588805624708 ] } },
{ "type": "Feature", "properties": { "rand_point_id": 32, "OBJECTID": 120, "admin4Name": "Ward No-01", "admin4Pcod": "20150601", "admin4RefN": null, "admin4AltN": null, "admin4Al_1": null, "admin3Name": "Bayejid Bostami", "admin3Pcod": "201506", "admin2Name": "Chittagong", "admin2Pcod": "2015", "admin1Name": "Chittagong", "admin1Pcod": "20", "admin0Name": "Bangladesh", "admin0Pcod": "BD", "date": "2015-01-01", "validOn": "2018-04-10", "validTo": null, "Shape_Leng": 0.20038457574, "Shape_Area": 0.00203084545, "name": "Ward No-01" }, "geometry": { "type": "Point", "coordinates": [ 91.875263746414163, 22.372786622013045 ] } },
{ "type": "Feature", "properties": { "rand_point_id": 33, "OBJECTID": 120, "admin4Name": "Ward No-01", "admin4Pcod": "20150601", "admin4RefN": null, "admin4AltN": null, "admin4Al_1": null, "admin3Name": "Bayejid Bostami", "admin3Pcod": "201506", "admin2Name": "Chittagong", "admin2Pcod": "2015", "admin1Name": "Chittagong", "admin1Pcod": "20", "admin0Name": "Bangladesh", "admin0Pcod": "BD", "date": "2015-01-01", "validOn": "2018-04-10", "validTo": null, "Shape_Leng": 0.20038457574, "Shape_Area": 0.00203084545, "name": "Ward No-01" }, "geometry": { "type": "Point", "coordinates": [ 91.795728850112482, 22.364456680656467 ] } },
{ "type": "Feature", "properties": { "rand_point_id": 34, "OBJECTID": 120, "admin4Name": "Ward No-01", "admin4Pcod": "20150601", "admin4RefN": null, "admin4AltN": null, "admin4Al_1": null, "admin3Name": "Bayejid Bostami", "admin3Pcod": "201506", "admin2Name": "Chittagong", "admin2Pcod": "2015", "admin1Name": "Chittagong", "admin1Pcod": "20", "admin0Name": "Bangladesh", "admin0Pcod": "BD", "date": "2015-01-01", "validOn": "2018-04-10", "validTo": null, "Shape_Leng": 0.20038457574, "Shape_Area": 0.00203084545, "name": "Ward No-01" }, "geometry": { "type": "Point", "coordinates": [ 91.789984587277687, 22.410408152768362 ] } },
{ "type": "Feature", "properties": { "rand_point_id": 35, "OBJECTID": 120, "admin4Name": "Ward No-01", "admin4Pcod": "20150601", "admin4RefN": null, "admin4AltN": null, "admin4Al_1": null, "admin3Name": "Bayejid Bostami", "admin3Pcod": "201506", "admin2Name": "Chittagong", "admin2Pcod": "2015", "admin1Name": "Chittagong", "admin1Pcod": "20", "admin0Name": "Bangladesh", "admin0Pcod": "BD", "date": "2015-01-01", "validOn": "2018-04-10", "validTo": null, "Shape_Leng": 0.20038457574, "Shape_Area": 0.00203084545, "name": "Ward No-01" }, "geometry": { "type": "Point", "coordinates": [ 91.81282672743373, 22.25977205337043 ] } },
{ "type": "Feature", "properties": { "rand_point_id": 36, "OBJECTID": 120, "admin4Name": "Ward No-01", "admin4Pcod": "20150601", "admin4RefN": null, "admin4AltN": null, "admin4Al_1": null, "admin3Name": "Bayejid Bostami", "admin3Pcod": "201506", "admin2Name": "Chittagong", "admin2Pcod": "2015", "admin1Name": "Chittagong", "admin1Pcod": "20", "admin0Name": "Bangladesh", "admin0Pcod": "BD", "date": "2015-01-01", "validOn": "2018-04-10", "validTo": null, "Shape_Leng": 0.20038457574, "Shape_Area": 0.00203084545, "name": "Ward No-01" }, "geometry": { "type": "Point", "coordinates": [ 91.827269191535876, 22.364143848240744 ] } },
{ "type": "Feature", "properties": { "rand_point_id": 37, "OBJECTID": 120, "admin4Name": "Ward No-01", "admin4Pcod": "20150601", "admin4RefN": null, "admin4AltN": null, "admin4Al_1": null, "admin3Name": "Bayejid Bostami", "admin3Pcod": "201506", "admin2Name": "Chittagong", "admin2Pcod": "2015", "admin1Name": "Chittagong", "admin1Pcod": "20", "admin0Name": "Bangladesh", "admin0Pcod": "BD", "date": "2015-01-01", "validOn": "2018-04-10", "validTo": null, "Shape_Leng": 0.20038457574, "Shape_Area": 0.00203084545, "name": "Ward No-01" }, "geometry": { "type": "Point", "coordinates": [ 91.797918183571653, 22.427015458279971 ] } },
{ "type": "Feature", "properties": { "rand_point_id": 38, "OBJECTID": 120, "admin4Name": "Ward No-01", "admin4Pcod": "20150601", "admin4RefN": null, "admin4AltN": null, "admin4Al_1": null, "admin3Name": "Bayejid Bostami", "admin3Pcod": "201506", "admin2Name": "Chittagong", "admin2Pcod": "2015", "admin1Name": "Chittagong", "admin1Pcod": "20", "admin0Name": "Bangladesh", "admin0Pcod": "BD", "date": "2015-01-01", "validOn": "2018-04-10", "validTo": null, "Shape_Leng": 0.20038457574, "Shape_Area": 0.00203084545, "name": "Ward No-01" }, "geometry": { "type": "Point", "coordinates": [ 91.820937646881717, 22.255547333448689 ] } },
{ "type": "Feature", "properties": { "rand_point_id": 39, "OBJECTID": 120, "admin4Name": "Ward No-01", "admin4Pcod": "20150601", "admin4RefN": null, "admin4AltN": null, "admin4Al_1": null, "admin3Name": "Bayejid Bostami", "admin3Pcod": "201506", "admin2Name": "Chittagong", "admin2Pcod": "2015", "admin1Name": "Chittagong", "admin1Pcod": "20", "admin0Name": "Bangladesh", "admin0Pcod": "BD", "date": "2015-01-01", "validOn": "2018-04-10", "validTo": null, "Shape_Leng": 0.20038457574, "Shape_Area": 0.00203084545, "name": "Ward No-01" }, "geometry": { "type": "Point", "coordinates": [ 91.818211879159108, 22.268124609741527 ] } },
{ "type": "Feature", "properties": { "rand_point_id": 40, "OBJECTID": 120, "admin4Name": "Ward No-01", "admin4Pcod": "20150601", "admin4RefN": null, "admin4AltN": null, "admin4Al_1": null, "admin3Name": "Bayejid Bostami", "admin3Pcod": "201506", "admin2Name": "Chittagong", "admin2Pcod": "2015", "admin1Name": "Chittagong", "admin1Pcod": "20", "admin0Name": "Bangladesh", "admin0Pcod": "BD", "date": "2015-01-01", "validOn": "2018-04-10", "validTo": null, "Shape_Leng": 0.20038457574, "Shape_Area": 0.00203084545, "name": "Ward No-01" }, "geometry": { "type": "Point", "coordinates": [ 91.79049673229116, 22.323783548009967 ] } },
{ "type": "Feature", "properties": { "rand_point_id": 41, "OBJECTID": 120, "admin4Name": "Ward No-01", "admin4Pcod": "20150601", "admin4RefN": null, "admin4AltN": null, "admin4Al_1": null, "admin3Name": "Bayejid Bostami", "admin3Pcod": "201506", "admin2Name": "Chittagong", "admin2Pcod": "2015", "admin1Name": "Chittagong", "admin1Pcod": "20", "admin0Name": "Bangladesh", "admin0Pcod": "BD", "date": "2015-01-01", "validOn": "2018-04-10", "validTo": null, "Shape_Leng": 0.20038457574, "Shape_Area": 0.00203084545, "name": "Ward No-01" }, "geometry": { "type": "Point", "coordinates": [ 91.782542703410996, 22.27927705982589 ] } },
{ "type": "Feature", "properties": { "rand_point_id": 42, "OBJECTID": 120, "admin4Name": "Ward No-01", "admin4Pcod": "20150601", "admin4RefN": null, "admin4AltN": null, "admin4Al_1": null, "admin3Name": "Bayejid Bostami", "admin3Pcod": "201506", "admin2Name": "Chittagong", "admin2Pcod": "2015", "admin1Name": "Chittagong", "admin1Pcod": "20", "admin0Name": "Bangladesh", "admin0Pcod": "BD", "date": "2015-01-01", "validOn": "2018-04-10", "validTo": null, "Shape_Leng": 0.20038457574, "Shape_Area": 0.00203084545, "name": "Ward No-01" }, "geometry": { "type": "Point", "coordinates": [ 91.837376343099521, 22.361419402124042 ] } },
{ "type": "Feature", "properties": { "rand_point_id": 43, "OBJECTID": 120, "admin4Name": "Ward No-01", "admin4Pcod": "20150601", "admin4RefN": null, "admin4AltN": null, "admin4Al_1": null, "admin3Name": "Bayejid Bostami", "admin3Pcod": "201506", "admin2Name": "Chittagong", "admin2Pcod": "2015", "admin1Name": "Chittagong", "admin1Pcod": "20", "admin0Name": "Bangladesh", "admin0Pcod": "BD", "date": "2015-01-01", "validOn": "2018-04-10", "validTo": null, "Shape_Leng": 0.20038457574, "Shape_Area": 0.00203084545, "name": "Ward No-01" }, "geometry": { "type": "Point", "coordinates": [ 91.812829138166606, 22.36775818443629 ] } },
{ "type": "Feature", "properties": { "rand_point_id": 44, "OBJECTID": 120, "admin4Name": "Ward No-01", "admin4Pcod": "20150601", "admin4RefN": null, "admin4AltN": null, "admin4Al_1": null, "admin3Name": "Bayejid Bostami", "admin3Pcod": "201506", "admin2Name": "Chittagong", "admin2Pcod": "2015", "admin1Name": "Chittagong", "admin1Pcod": "20", "admin0Name": "Bangladesh", "admin0Pcod": "BD", "date": "2015-01-01", "validOn": "2018-04-10", "validTo": null, "Shape_Leng": 0.20038457574, "Shape_Area": 0.00203084545, "name": "Ward No-01" }, "geometry": { "type": "Point", "coordinates": [ 91.832576515402394, 22.409499186481167 ] } },
{ "type": "Feature", "properties": { "rand_point_id": 45, "OBJECTID": 120, "admin4Name": "Ward No-01", "admin4Pcod": "20150601", "admin4RefN": null, "admin4AltN": null, "admin4Al_1": null, "admin3Name": "Bayejid Bostami", "admin3Pcod": "201506", "admin2Name": "Chittagong", "admin2Pcod": "2015", "admin1Name": "Chittagong", "admin1Pcod": "20", "admin0Name": "Bangladesh", "admin0Pcod": "BD", "date": "2015-01-01", "validOn": "2018-04-10", "validTo": null, "Shape_Leng": 0.20038457574, "Shape_Area": 0.00203084545, "name": "Ward No-01" }, "geometry": { "type": "Point", "coordinates": [ 91.820624572420584, 22.408341619775403 ] } },
{ "type": "Feature", "properties": { "rand_point_id": 46, "OBJECTID": 120, "admin4Name": "Ward No-01", "admin4Pcod": "20150601", "admin4RefN": null, "admin4AltN": null, "admin4Al_1": null, "admin3Name": "Bayejid Bostami", "admin3Pcod": "201506", "admin2Name": "Chittagong", "admin2Pcod": "2015", "admin1Name": "Chittagong", "admin1Pcod": "20", "admin0Name": "Bangladesh", "admin0Pcod": "BD", "date": "2015-01-01", "validOn": "2018-04-10", "validTo": null, "Shape_Leng": 0.20038457574, "Shape_Area": 0.00203084545, "name": "Ward No-01" }, "geometry": { "type": "Point", "coordinates": [ 91.757757466228995, 22.353753192878916 ] } },
{ "type": "Feature", "properties": { "rand_point_id": 47, "OBJECTID": 120, "admin4Name": "Ward No-01", "admin4Pcod": "20150601", "admin4RefN": null, "admin4AltN": null, "admin4Al_1": null, "admin3Name": "Bayejid Bostami", "admin3Pcod": "201506", "admin2Name": "Chittagong", "admin2Pcod": "2015", "admin1Name": "Chittagong", "admin1Pcod": "20", "admin0Name": "Bangladesh", "admin0Pcod": "BD", "date": "2015-01-01", "validOn": "2018-04-10", "validTo": null, "Shape_Leng": 0.20038457574, "Shape_Area": 0.00203084545, "name": "Ward No-01" }, "geometry": { "type": "Point", "coordinates": [ 91.79887462681063, 22.363255980684031 ] } },
{ "type": "Feature", "properties": { "rand_point_id": 48, "OBJECTID": 120, "admin4Name": "Ward No-01", "admin4Pcod": "20150601", "admin4RefN": null, "admin4AltN": null, "admin4Al_1": null, "admin3Name": "Bayejid Bostami", "admin3Pcod": "201506", "admin2Name": "Chittagong", "admin2Pcod": "2015", "admin1Name": "Chittagong", "admin1Pcod": "20", "admin0Name": "Bangladesh", "admin0Pcod": "BD", "date": "2015-01-01", "validOn": "2018-04-10", "validTo": null, "Shape_Leng": 0.20038457574, "Shape_Area": 0.00203084545, "name": "Ward No-01" }, "geometry": { "type": "Point", "coordinates": [ 91.843676852842236, 22.360054928056361 ] } },
{ "type": "Feature", "properties": { "rand_point_id": 49, "OBJECTID": 120, "admin4Name": "Ward No-01", "admin4Pcod": "20150601", "admin4RefN": null, "admin4AltN": null, "admin4Al_1": null, "admin3Name": "Bayejid Bostami", "admin3Pcod": "201506", "admin2Name": "Chittagong", "admin2Pcod": "2015", "admin1Name": "Chittagong", "admin1Pcod": "20", "admin0Name": "Bangladesh", "admin0Pcod": "BD", "date": "2015-01-01", "validOn": "2018-04-10", "validTo": null, "Shape_Leng": 0.20038457574, "Shape_Area": 0.00203084545, "name": "Ward No-01" }, "geometry": { "type": "Point", "coordinates": [ 91.803406058156995, 22.378525789207071 ] } },
{ "type": "Feature", "properties": { "rand_point_id": 50, "OBJECTID": 120, "admin4Name": "Ward No-01", "admin4Pcod": "20150601", "admin4RefN": null, "admin4AltN": null, "admin4Al_1": null, "admin3Name": "Bayejid Bostami", "admin3Pcod": "201506", "admin2Name": "Chittagong", "admin2Pcod": "2015", "admin1Name": "Chittagong", "admin1Pcod": "20", "admin0Name": "Bangladesh", "admin0Pcod": "BD", "date": "2015-01-01", "validOn": "2018-04-10", "validTo": null, "Shape_Leng": 0.20038457574, "Shape_Area": 0.00203084545, "name": "Ward No-01" }, "geometry": { "type": "Point", "coordinates": [ 91.780842485570531, 22.44826518406509 ] } },
{ "type": "Feature", "properties": { "rand_point_id": 51, "OBJECTID": 120, "admin4Name": "Ward No-01", "admin4Pcod": "20150601", "admin4RefN": null, "admin4AltN": null, "admin4Al_1": null, "admin3Name": "Bayejid Bostami", "admin3Pcod": "201506", "admin2Name": "Chittagong", "admin2Pcod": "2015", "admin1Name": "Chittagong", "admin1Pcod": "20", "admin0Name": "Bangladesh", "admin0Pcod": "BD", "date": "2015-01-01", "validOn": "2018-04-10", "validTo": null, "Shape_Leng": 0.20038457574, "Shape_Area": 0.00203084545, "name": "Ward No-01" }, "geometry": { "type": "Point", "coordinates": [ 91.785730828321817, 22.432383255811335 ] } },
{ "type": "Feature", "properties": { "rand_point_id": 52, "OBJECTID": 120, "admin4Name": "Ward No-01", "admin4Pcod": "20150601", "admin4RefN": null, "admin4AltN": null, "admin4Al_1": null, "admin3Name": "Bayejid Bostami", "admin3Pcod": "201506", "admin2Name": "Chittagong", "admin2Pcod": "2015", "admin1Name": "Chittagong", "admin1Pcod": "20", "admin0Name": "Bangladesh", "admin0Pcod": "BD", "date": "2015-01-01", "validOn": "2018-04-10", "validTo": null, "Shape_Leng": 0.20038457574, "Shape_Area": 0.00203084545, "name": "Ward No-01" }, "geometry": { "type": "Point", "coordinates": [ 91.844421676088288, 22.391919896967945 ] } },
{ "type": "Feature", "properties": { "rand_point_id": 53, "OBJECTID": 120, "admin4Name": "Ward No-01", "admin4Pcod": "20150601", "admin4RefN": null, "admin4AltN": null, "admin4Al_1": null, "admin3Name": "Bayejid Bostami", "admin3Pcod": "201506", "admin2Name": "Chittagong", "admin2Pcod": "2015", "admin1Name": "Chittagong", "admin1Pcod": "20", "admin0Name": "Bangladesh", "admin0Pcod": "BD", "date": "2015-01-01", "validOn": "2018-04-10", "validTo": null, "Shape_Leng": 0.20038457574, "Shape_Area": 0.00203084545, "name": "Ward No-01" }, "geometry": { "type": "Point", "coordinates": [ 91.788759219173755, 22.328061307439665 ] } },
{ "type": "Feature", "properties": { "rand_point_id": 54, "OBJECTID": 120, "admin4Name": "Ward No-01", "admin4Pcod": "20150601", "admin4RefN": null, "admin4AltN": null, "admin4Al_1": null, "admin3Name": "Bayejid Bostami", "admin3Pcod": "201506", "admin2Name": "Chittagong", "admin2Pcod": "2015", "admin1Name": "Chittagong", "admin1Pcod": "20", "admin0Name": "Bangladesh", "admin0Pcod": "BD", "date": "2015-01-01", "validOn": "2018-04-10", "validTo": null, "Shape_Leng": 0.20038457574, "Shape_Area": 0.00203084545, "name": "Ward No-01" }, "geometry": { "type": "Point", "coordinates": [ 91.831545597847779, 22.402293632743859 ] } },
{ "type": "Feature", "properties": { "rand_point_id": 55, "OBJECTID": 120, "admin4Name": "Ward No-01", "admin4Pcod": "20150601", "admin4RefN": null, "admin4AltN": null, "admin4Al_1": null, "admin3Name": "Bayejid Bostami", "admin3Pcod": "201506", "admin2Name": "Chittagong", "admin2Pcod": "2015", "admin1Name": "Chittagong", "admin1Pcod": "20", "admin0Name": "Bangladesh", "admin0Pcod": "BD", "date": "2015-01-01", "validOn": "2018-04-10", "validTo": null, "Shape_Leng": 0.20038457574, "Shape_Area": 0.00203084545, "name": "Ward No-01" }, "geometry": { "type": "Point", "coordinates": [ 91.792437349289344, 22.375657968981269 ] } },
{ "type": "Feature", "properties": { "rand_point_id": 56, "OBJECTID": 120, "admin4Name": "Ward No-01", "admin4Pcod": "20150601", "admin4RefN": null, "admin4AltN": null, "admin4Al_1": null, "admin3Name": "Bayejid Bostami", "admin3Pcod": "201506", "admin2Name": "Chittagong", "admin2Pcod": "2015", "admin1Name": "Chittagong", "admin1Pcod": "20", "admin0Name": "Bangladesh", "admin0Pcod": "BD", "date": "2015-01-01", "validOn": "2018-04-10", "validTo": null, "Shape_Leng": 0.20038457574, "Shape_Area": 0.00203084545, "name": "Ward No-01" }, "geometry": { "type": "Point", "coordinates": [ 91.808862662091542, 22.324437997254819 ] } },
{ "type": "Feature", "properties": { "rand_point_id": 57, "OBJECTID": 120, "admin4Name": "Ward No-01", "admin4Pcod": "20150601", "admin4RefN": null, "admin4AltN": null, "admin4Al_1": null, "admin3Name": "Bayejid Bostami", "admin3Pcod": "201506", "admin2Name": "Chittagong", "admin2Pcod": "2015", "admin1Name": "Chittagong", "admin1Pcod": "20", "admin0Name": "Bangladesh", "admin0Pcod": "BD", "date": "2015-01-01", "validOn": "2018-04-10", "validTo": null, "Shape_Leng": 0.20038457574, "Shape_Area": 0.00203084545, "name": "Ward No-01" }, "geometry": { "type": "Point", "coordinates": [ 91.787229283256579, 22.255751006644754 ] } },
{ "type": "Feature", "properties": { "rand_point_id": 58, "OBJECTID": 120, "admin4Name": "Ward No-01", "admin4Pcod": "20150601", "admin4RefN": null, "admin4AltN": null, "admin4Al_1": null, "admin3Name": "Bayejid Bostami", "admin3Pcod": "201506", "admin2Name": "Chittagong", "admin2Pcod": "2015", "admin1Name": "Chittagong", "admin1Pcod": "20", "admin0Name": "Bangladesh", "admin0Pcod": "BD", "date": "2015-01-01", "validOn": "2018-04-10", "validTo": null, "Shape_Leng": 0.20038457574, "Shape_Area": 0.00203084545, "name": "Ward No-01" }, "geometry": { "type": "Point", "coordinates": [ 91.793003873662286, 22.404451853770674 ] } },
{ "type": "Feature", "properties": { "rand_point_id": 59, "OBJECTID": 120, "admin4Name": "Ward No-01", "admin4Pcod": "20150601", "admin4RefN": null, "admin4AltN": null, "admin4Al_1": null, "admin3Name": "Bayejid Bostami", "admin3Pcod": "201506", "admin2Name": "Chittagong", "admin2Pcod": "2015", "admin1Name": "Chittagong", "admin1Pcod": "20", "admin0Name": "Bangladesh", "admin0Pcod": "BD", "date": "2015-01-01", "validOn": "2018-04-10", "validTo": null, "Shape_Leng": 0.20038457574, "Shape_Area": 0.00203084545, "name": "Ward No-01" }, "geometry": { "type": "Point", "coordinates": [ 91.795756396058508, 22.307304739352507 ] } },
{ "type": "Feature", "properties": { "rand_point_id": 60, "OBJECTID": 120, "admin4Name": "Ward No-01", "admin4Pcod": "20150601", "admin4RefN": null, "admin4AltN": null, "admin4Al_1": null, "admin3Name": "Bayejid Bostami", "admin3Pcod": "201506", "admin2Name": "Chittagong", "admin2Pcod": "2015", "admin1Name": "Chittagong", "admin1Pcod": "20", "admin0Name": "Bangladesh", "admin0Pcod": "BD", "date": "2015-01-01", "validOn": "2018-04-10", "validTo": null, "Shape_Leng": 0.20038457574, "Shape_Area": 0.00203084545, "name": "Ward No-01" }, "geometry": { "type": "Point", "coordinates": [ 91.836264540924347, 22.382860852865459 ] } },
{ "type": "Feature", "properties": { "rand_point_id": 61, "OBJECTID": 120, "admin4Name": "Ward No-01", "admin4Pcod": "20150601", "admin4RefN": null, "admin4AltN": null, "admin4Al_1": null, "admin3Name": "Bayejid Bostami", "admin3Pcod": "201506", "admin2Name": "Chittagong", "admin2Pcod": "2015", "admin1Name": "Chittagong", "admin1Pcod": "20", "admin0Name": "Bangladesh", "admin0Pcod": "BD", "date": "2015-01-01", "validOn": "2018-04-10", "validTo": null, "Shape_Leng": 0.20038457574, "Shape_Area": 0.00203084545, "name": "Ward No-01" }, "geometry": { "type": "Point", "coordinates": [ 91.842680408482892, 22.351291746238214 ] } },
{ "type": "Feature", "properties": { "rand_point_id": 62, "OBJECTID": 120, "admin4Name": "Ward No-01", "admin4Pcod": "20150601", "admin4RefN": null, "admin4AltN": null, "admin4Al_1": null, "admin3Name": "Bayejid Bostami", "admin3Pcod": "201506", "admin2Name": "Chittagong", "admin2Pcod": "2015", "admin1Name": "Chittagong", "admin1Pcod": "20", "admin0Name": "Bangladesh", "admin0Pcod": "BD", "date": "2015-01-01", "validOn": "2018-04-10", "validTo": null, "Shape_Leng": 0.20038457574, "Shape_Area": 0.00203084545, "name": "Ward No-01" }, "geometry": { "type": "Point", "coordinates": [ 91.766307272739638, 22.313408791270938 ] } },
{ "type": "Feature", "properties": { "rand_point_id": 63, "OBJECTID": 120, "admin4Name": "Ward No-01", "admin4Pcod": "20150601", "admin4RefN": null, "admin4AltN": null, "admin4Al_1": null, "admin3Name": "Bayejid Bostami", "admin3Pcod": "201506", "admin2Name": "Chittagong", "admin2Pcod": "2015", "admin1Name": "Chittagong", "admin1Pcod": "20", "admin0Name": "Bangladesh", "admin0Pcod": "BD", "date": "2015-01-01", "validOn": "2018-04-10", "validTo": null, "Shape_Leng": 0.20038457574, "Shape_Area": 0.00203084545, "name": "Ward No-01" }, "geometry": { "type": "Point", "coordinates": [ 91.863998926556803, 22.340630113885098 ] } },
{ "type": "Feature", "properties": { "rand_point_id": 64, "OBJECTID": 120, "admin4Name": "Ward No-01", "admin4Pcod": "20150601", "admin4RefN": null, "admin4AltN": null, "admin4Al_1": null, "admin3Name": "Bayejid Bostami", "admin3Pcod": "201506", "admin2Name": "Chittagong", "admin2Pcod": "2015", "admin1Name": "Chittagong", "admin1Pcod": "20", "admin0Name": "Bangladesh", "admin0Pcod": "BD", "date": "2015-01-01", "validOn": "2018-04-10", "validTo": null, "Shape_Leng": 0.20038457574, "Shape_Area": 0.00203084545, "name": "Ward No-01" }, "geometry": { "type": "Point", "coordinates": [ 91.828375708067526, 22.395475882289013 ] } },
{ "type": "Feature", "properties": { "rand_point_id": 65, "OBJECTID": 120, "admin4Name": "Ward No-01", "admin4Pcod": "20150601", "admin4RefN": null, "admin4AltN": null, "admin4Al_1": null, "admin3Name": "Bayejid Bostami", "admin3Pcod": "201506", "admin2Name": "Chittagong", "admin2Pcod": "2015", "admin1Name": "Chittagong", "admin1Pcod": "20", "admin0Name": "Bangladesh", "admin0Pcod": "BD", "date": "2015-01-01", "validOn": "2018-04-10", "validTo": null, "Shape_Leng": 0.20038457574, "Shape_Area": 0.00203084545, "name": "Ward No-01" }, "geometry": { "type": "Point", "coordinates": [ 91.861685896956814, 22.359266112464965 ] } },
{ "type": "Feature", "properties": { "rand_point_id": 66, "OBJECTID": 120, "admin4Name": "Ward No-01", "admin4Pcod": "20150601", "admin4RefN": null, "admin4AltN": null, "admin4Al_1": null, "admin3Name": "Bayejid Bostami", "admin3Pcod": "201506", "admin2Name": "Chittagong", "admin2Pcod": "2015", "admin1Name": "Chittagong", "admin1Pcod": "20", "admin0Name": "Bangladesh", "admin0Pcod": "BD", "date": "2015-01-01", "validOn": "2018-04-10", "validTo": null, "Shape_Leng": 0.20038457574, "Shape_Area": 0.00203084545, "name": "Ward No-01" }, "geometry": { "type": "Point", "coordinates": [ 91.785405193176032, 22.44825114316675 ] } },
{ "type": "Feature", "properties": { "rand_point_id": 67, "OBJECTID": 120, "admin4Name": "Ward No-01", "admin4Pcod": "20150601", "admin4RefN": null, "admin4AltN": null, "admin4Al_1": null, "admin3Name": "Bayejid Bostami", "admin3Pcod": "201506", "admin2Name": "Chittagong", "admin2Pcod": "2015", "admin1Name": "Chittagong", "admin1Pcod": "20", "admin0Name": "Bangladesh", "admin0Pcod": "BD", "date": "2015-01-01", "validOn": "2018-04-10", "validTo": null, "Shape_Leng": 0.20038457574, "Shape_Area": 0.00203084545, "name": "Ward No-01" }, "geometry": { "type": "Point", "coordinates": [ 91.763131534490753, 22.33460142854473 ] } },
{ "type": "Feature", "properties": { "rand_point_id": 68, "OBJECTID": 120, "admin4Name": "Ward No-01", "admin4Pcod": "20150601", "admin4RefN": null, "admin4AltN": null, "admin4Al_1": null, "admin3Name": "Bayejid Bostami", "admin3Pcod": "201506", "admin2Name": "Chittagong", "admin2Pcod": "2015", "admin1Name": "Chittagong", "admin1Pcod": "20", "admin0Name": "Bangladesh", "admin0Pcod": "BD", "date": "2015-01-01", "validOn": "2018-04-10", "validTo": null, "Shape_Leng": 0.20038457574, "Shape_Area": 0.00203084545, "name": "Ward No-01" }, "geometry": { "type": "Point", "coordinates": [ 91.807642808058333, 22.322471600975724 ] } },
{ "type": "Feature", "properties": { "rand_point_id": 69, "OBJECTID": 120, "admin4Name": "Ward No-01", "admin4Pcod": "20150601", "admin4RefN": null, "admin4AltN": null, "admin4Al_1": null, "admin3Name": "Bayejid Bostami", "admin3Pcod": "201506", "admin2Name": "Chittagong", "admin2Pcod": "2015", "admin1Name": "Chittagong", "admin1Pcod": "20", "admin0Name": "Bangladesh", "admin0Pcod": "BD", "date": "2015-01-01", "validOn": "2018-04-10", "validTo": null, "Shape_Leng": 0.20038457574, "Shape_Area": 0.00203084545, "name": "Ward No-01" }, "geometry": { "type": "Point", "coordinates": [ 91.85150017565978, 22.372650229851427 ] } },
{ "type": "Feature", "properties": { "rand_point_id": 70, "OBJECTID": 120, "admin4Name": "Ward No-01", "admin4Pcod": "20150601", "admin4RefN": null, "admin4AltN": null, "admin4Al_1": null, "admin3Name": "Bayejid Bostami", "admin3Pcod": "201506", "admin2Name": "Chittagong", "admin2Pcod": "2015", "admin1Name": "Chittagong", "admin1Pcod": "20", "admin0Name": "Bangladesh", "admin0Pcod": "BD", "date": "2015-01-01", "validOn": "2018-04-10", "validTo": null, "Shape_Leng": 0.20038457574, "Shape_Area": 0.00203084545, "name": "Ward No-01" }, "geometry": { "type": "Point", "coordinates": [ 91.79273653942316, 22.296042293302627 ] } },
{ "type": "Feature", "properties": { "rand_point_id": 71, "OBJECTID": 120, "admin4Name": "Ward No-01", "admin4Pcod": "20150601", "admin4RefN": null, "admin4AltN": null, "admin4Al_1": null, "admin3Name": "Bayejid Bostami", "admin3Pcod": "201506", "admin2Name": "Chittagong", "admin2Pcod": "2015", "admin1Name": "Chittagong", "admin1Pcod": "20", "admin0Name": "Bangladesh", "admin0Pcod": "BD", "date": "2015-01-01", "validOn": "2018-04-10", "validTo": null, "Shape_Leng": 0.20038457574, "Shape_Area": 0.00203084545, "name": "Ward No-01" }, "geometry": { "type": "Point", "coordinates": [ 91.805699311106281, 22.394785626459573 ] } },
{ "type": "Feature", "properties": { "rand_point_id": 72, "OBJECTID": 120, "admin4Name": "Ward No-01", "admin4Pcod": "20150601", "admin4RefN": null, "admin4AltN": null, "admin4Al_1": null, "admin3Name": "Bayejid Bostami", "admin3Pcod": "201506", "admin2Name": "Chittagong", "admin2Pcod": "2015", "admin1Name": "Chittagong", "admin1Pcod": "20", "admin0Name": "Bangladesh", "admin0Pcod": "BD", "date": "2015-01-01", "validOn": "2018-04-10", "validTo": null, "Shape_Leng": 0.20038457574, "Shape_Area": 0.00203084545, "name": "Ward No-01" }, "geometry": { "type": "Point", "coordinates": [ 91.833375406963313, 22.368851687094391 ] } },
{ "type": "Feature", "properties": { "rand_point_id": 73, "OBJECTID": 120, "admin4Name": "Ward No-01", "admin4Pcod": "20150601", "admin4RefN": null, "admin4AltN": null, "admin4Al_1": null, "admin3Name": "Bayejid Bostami", "admin3Pcod": "201506", "admin2Name": "Chittagong", "admin2Pcod": "2015", "admin1Name": "Chittagong", "admin1Pcod": "20", "admin0Name": "Bangladesh", "admin0Pcod": "BD", "date": "2015-01-01", "validOn": "2018-04-10", "validTo": null, "Shape_Leng": 0.20038457574, "Shape_Area": 0.00203084545, "name": "Ward No-01" }, "geometry": { "type": "Point", "coordinates": [ 91.780690401356892, 22.360318978115647 ] } },
{ "type": "Feature", "properties": { "rand_point_id": 74, "OBJECTID": 120, "admin4Name": "Ward No-01", "admin4Pcod": "20150601", "admin4RefN": null, "admin4AltN": null, "admin4Al_1": null, "admin3Name": "Bayejid Bostami", "admin3Pcod": "201506", "admin2Name": "Chittagong", "admin2Pcod": "2015", "admin1Name": "Chittagong", "admin1Pcod": "20", "admin0Name": "Bangladesh", "admin0Pcod": "BD", "date": "2015-01-01", "validOn": "2018-04-10", "validTo": null, "Shape_Leng": 0.20038457574, "Shape_Area": 0.00203084545, "name": "Ward No-01" }, "geometry": { "type": "Point", "coordinates": [ 91.792596943051294, 22.328534125153311 ] } },
{ "type": "Feature", "properties": { "rand_point_id": 75, "OBJECTID": 120, "admin4Name": "Ward No-01", "admin4Pcod": "20150601", "admin4RefN": null, "admin4AltN": null, "admin4Al_1": null, "admin3Name": "Bayejid Bostami", "admin3Pcod": "201506", "admin2Name": "Chittagong", "admin2Pcod": "2015", "admin1Name": "Chittagong", "admin1Pcod": "20", "admin0Name": "Bangladesh", "admin0Pcod": "BD", "date": "2015-01-01", "validOn": "2018-04-10", "validTo": null, "Shape_Leng": 0.20038457574, "Shape_Area": 0.00203084545, "name": "Ward No-01" }, "geometry": { "type": "Point", "coordinates": [ 91.806442984747449, 22.441949886287063 ] } },
{ "type": "Feature", "properties": { "rand_point_id": 76, "OBJECTID": 120, "admin4Name": "Ward No-01", "admin4Pcod": "20150601", "admin4RefN": null, "admin4AltN": null, "admin4Al_1": null, "admin3Name": "Bayejid Bostami", "admin3Pcod": "201506", "admin2Name": "Chittagong", "admin2Pcod": "2015", "admin1Name": "Chittagong", "admin1Pcod": "20", "admin0Name": "Bangladesh", "admin0Pcod": "BD", "date": "2015-01-01", "validOn": "2018-04-10", "validTo": null, "Shape_Leng": 0.20038457574, "Shape_Area": 0.00203084545, "name": "Ward No-01" }, "geometry": { "type": "Point", "coordinates": [ 91.782104275885317, 22.291449838870857 ] } },
{ "type": "Feature", "properties": { "rand_point_id": 77, "OBJECTID": 120, "admin4Name": "Ward No-01", "admin4Pcod": "20150601", "admin4RefN": null, "admin4AltN": null, "admin4Al_1": null, "admin3Name": "Bayejid Bostami", "admin3Pcod": "201506", "admin2Name": "Chittagong", "admin2Pcod": "2015", "admin1Name": "Chittagong", "admin1Pcod": "20", "admin0Name": "Bangladesh", "admin0Pcod": "BD", "date": "2015-01-01", "validOn": "2018-04-10", "validTo": null, "Shape_Leng": 0.20038457574, "Shape_Area": 0.00203084545, "name": "Ward No-01" }, "geometry": { "type": "Point", "coordinates": [ 91.771986213847939, 22.275406568613974 ] } },
{ "type": "Feature", "properties": { "rand_point_id": 78, "OBJECTID": 120, "admin4Name": "Ward No-01", "admin4Pcod": "20150601", "admin4RefN": null, "admin4AltN": null, "admin4Al_1": null, "admin3Name": "Bayejid Bostami", "admin3Pcod": "201506", "admin2Name": "Chittagong", "admin2Pcod": "2015", "admin1Name": "Chittagong", "admin1Pcod": "20", "admin0Name": "Bangladesh", "admin0Pcod": "BD", "date": "2015-01-01", "validOn": "2018-04-10", "validTo": null, "Shape_Leng": 0.20038457574, "Shape_Area": 0.00203084545, "name": "Ward No-01" }, "geometry": { "type": "Point", "coordinates": [ 91.873777559403493, 22.368277287054482 ] } },
{ "type": "Feature", "properties": { "rand_point_id": 79, "OBJECTID": 120, "admin4Name": "Ward No-01", "admin4Pcod": "20150601", "admin4RefN": null, "admin4AltN": null, "admin4Al_1": null, "admin3Name": "Bayejid Bostami", "admin3Pcod": "201506", "admin2Name": "Chittagong", "admin2Pcod": "2015", "admin1Name": "Chittagong", "admin1Pcod": "20", "admin0Name": "Bangladesh", "admin0Pcod": "BD", "date": "2015-01-01", "validOn": "2018-04-10", "validTo": null, "Shape_Leng": 0.20038457574, "Shape_Area": 0.00203084545, "name": "Ward No-01" }, "geometry": { "type": "Point", "coordinates": [ 91.847155376601307, 22.37594711615376 ] } },
{ "type": "Feature", "properties": { "rand_point_id": 80, "OBJECTID": 120, "admin4Name": "Ward No-01", "admin4Pcod": "20150601", "admin4RefN": null, "admin4AltN": null, "admin4Al_1": null, "admin3Name": "Bayejid Bostami", "admin3Pcod": "201506", "admin2Name": "Chittagong", "admin2Pcod": "2015", "admin1Name": "Chittagong", "admin1Pcod": "20", "admin0Name": "Bangladesh", "admin0Pcod": "BD", "date": "2015-01-01", "validOn": "2018-04-10", "validTo": null, "Shape_Leng": 0.20038457574, "Shape_Area": 0.00203084545, "name": "Ward No-01" }, "geometry": { "type": "Point", "coordinates": [ 91.798961796183491, 22.450234017137944 ] } },
{ "type": "Feature", "properties": { "rand_point_id": 81, "OBJECTID": 120, "admin4Name": "Ward No-01", "admin4Pcod": "20150601", "admin4RefN": null, "admin4AltN": null, "admin4Al_1": null, "admin3Name": "Bayejid Bostami", "admin3Pcod": "201506", "admin2Name": "Chittagong", "admin2Pcod": "2015", "admin1Name": "Chittagong", "admin1Pcod": "20", "admin0Name": "Bangladesh", "admin0Pcod": "BD", "date": "2015-01-01", "validOn": "2018-04-10", "validTo": null, "Shape_Leng": 0.20038457574, "Shape_Area": 0.00203084545, "name": "Ward No-01" }, "geometry": { "type": "Point", "coordinates": [ 91.770553756575538, 22.346142621765527 ] } },
{ "type": "Feature", "properties": { "rand_point_id": 82, "OBJECTID": 120, "admin4Name": "Ward No-01", "admin4Pcod": "20150601", "admin4RefN": null, "admin4AltN": null, "admin4Al_1": null, "admin3Name": "Bayejid Bostami", "admin3Pcod": "201506", "admin2Name": "Chittagong", "admin2Pcod": "2015", "admin1Name": "Chittagong", "admin1Pcod": "20", "admin0Name": "Bangladesh", "admin0Pcod": "BD", "date": "2015-01-01", "validOn": "2018-04-10", "validTo": null, "Shape_Leng": 0.20038457574, "Shape_Area": 0.00203084545, "name": "Ward No-01" }, "geometry": { "type": "Point", "coordinates": [ 91.772967482057282, 22.29324970153607 ] } },
{ "type": "Feature", "properties": { "rand_point_id": 83, "OBJECTID": 120, "admin4Name": "Ward No-01", "admin4Pcod": "20150601", "admin4RefN": null, "admin4AltN": null, "admin4Al_1": null, "admin3Name": "Bayejid Bostami", "admin3Pcod": "201506", "admin2Name": "Chittagong", "admin2Pcod": "2015", "admin1Name": "Chittagong", "admin1Pcod": "20", "admin0Name": "Bangladesh", "admin0Pcod": "BD", "date": "2015-01-01", "validOn": "2018-04-10", "validTo": null, "Shape_Leng": 0.20038457574, "Shape_Area": 0.00203084545, "name": "Ward No-01" }, "geometry": { "type": "Point", "coordinates": [ 91.855130376273124, 22.391163583715684 ] } },
{ "type": "Feature", "properties": { "rand_point_id": 84, "OBJECTID": 120, "admin4Name": "Ward No-01", "admin4Pcod": "20150601", "admin4RefN": null, "admin4AltN": null, "admin4Al_1": null, "admin3Name": "Bayejid Bostami", "admin3Pcod": "201506", "admin2Name": "Chittagong", "admin2Pcod": "2015", "admin1Name": "Chittagong", "admin1Pcod": "20", "admin0Name": "Bangladesh", "admin0Pcod": "BD", "date": "2015-01-01", "validOn": "2018-04-10", "validTo": null, "Shape_Leng": 0.20038457574, "Shape_Area": 0.00203084545, "name": "Ward No-01" }, "geometry": { "type": "Point", "coordinates": [ 91.814346200462907, 22.430834655358311 ] } },
{ "type": "Feature", "properties": { "rand_point_id": 85, "OBJECTID": 120, "admin4Name": "Ward No-01", "admin4Pcod": "20150601", "admin4RefN": null, "admin4AltN": null, "admin4Al_1": null, "admin3Name": "Bayejid Bostami", "admin3Pcod": "201506", "admin2Name": "Chittagong", "admin2Pcod": "2015", "admin1Name": "Chittagong", "admin1Pcod": "20", "admin0Name": "Bangladesh", "admin0Pcod": "BD", "date": "2015-01-01", "validOn": "2018-04-10", "validTo": null, "Shape_Leng": 0.20038457574, "Shape_Area": 0.00203084545, "name": "Ward No-01" }, "geometry": { "type": "Point", "coordinates": [ 91.770827268302952, 22.314795090316245 ] } },
{ "type": "Feature", "properties": { "rand_point_id": 86, "OBJECTID": 120, "admin4Name": "Ward No-01", "admin4Pcod": "20150601", "admin4RefN": null, "admin4AltN": null, "admin4Al_1": null, "admin3Name": "Bayejid Bostami", "admin3Pcod": "201506", "admin2Name": "Chittagong", "admin2Pcod": "2015", "admin1Name": "Chittagong", "admin1Pcod": "20", "admin0Name": "Bangladesh", "admin0Pcod": "BD", "date": "2015-01-01", "validOn": "2018-04-10", "validTo": null, "Shape_Leng": 0.20038457574, "Shape_Area": 0.00203084545, "name": "Ward No-01" }, "geometry": { "type": "Point", "coordinates": [ 91.800316255571701, 22.411696866978058 ] } },
{ "type": "Feature", "properties": { "rand_point_id": 87, "OBJECTID": 120, "admin4Name": "Ward No-01", "admin4Pcod": "20150601", "admin4RefN": null, "admin4AltN": null, "admin4Al_1": null, "admin3Name": "Bayejid Bostami", "admin3Pcod": "201506", "admin2Name": "Chittagong", "admin2Pcod": "2015", "admin1Name": "Chittagong", "admin1Pcod": "20", "admin0Name": "Bangladesh", "admin0Pcod": "BD", "date": "2015-01-01", "validOn": "2018-04-10", "validTo": null, "Shape_Leng": 0.20038457574, "Shape_Area": 0.00203084545, "name": "Ward No-01" }, "geometry": { "type": "Point", "coordinates": [ 91.803777121906393, 22.370321622950563 ] } },
{ "type": "Feature", "properties": { "rand_point_id": 88, "OBJECTID": 120, "admin4Name": "Ward No-01", "admin4Pcod": "20150601", "admin4RefN": null, "admin4AltN": null, "admin4Al_1": null, "admin3Name": "Bayejid Bostami", "admin3Pcod": "201506", "admin2Name": "Chittagong", "admin2Pcod": "2015", "admin1Name": "Chittagong", "admin1Pcod": "20", "admin0Name": "Bangladesh", "admin0Pcod": "BD", "date": "2015-01-01", "validOn": "2018-04-10", "validTo": null, "Shape_Leng": 0.20038457574, "Shape_Area": 0.00203084545, "name": "Ward No-01" }, "geometry": { "type": "Point", "coordinates": [ 91.785585604321724, 22.267060315006926 ] } },
{ "type": "Feature", "properties": { "rand_point_id": 89, "OBJECTID": 120, "admin4Name": "Ward No-01", "admin4Pcod": "20150601", "admin4RefN": null, "admin4AltN": null, "admin4Al_1": null, "admin3Name": "Bayejid Bostami", "admin3Pcod": "201506", "admin2Name": "Chittagong", "admin2Pcod": "2015", "admin1Name": "Chittagong", "admin1Pcod": "20", "admin0Name": "Bangladesh", "admin0Pcod": "BD", "date": "2015-01-01", "validOn": "2018-04-10", "validTo": null, "Shape_Leng": 0.20038457574, "Shape_Area": 0.00203084545, "name": "Ward No-01" }, "geometry": { "type": "Point", "coordinates": [ 91.794852069348082, 22.234106786321004 ] } },
{ "type": "Feature", "properties": { "rand_point_id": 90, "OBJECTID": 120, "admin4Name": "Ward No-01", "admin4Pcod": "20150601", "admin4RefN": null, "admin4AltN": null, "admin4Al_1": null, "admin3Name": "Bayejid Bostami", "admin3Pcod": "201506", "admin2Name": "Chittagong", "admin2Pcod": "2015", "admin1Name": "Chittagong", "admin1Pcod": "20", "admin0Name": "Bangladesh", "admin0Pcod": "BD", "date": "2015-01-01", "validOn": "2018-04-10", "validTo": null, "Shape_Leng": 0.20038457574, "Shape_Area": 0.00203084545, "name": "Ward No-01" }, "geometry": { "type": "Point", "coordinates": [ 91.871518414474394, 22.381652608846082 ] } },
{ "type": "Feature", "properties": { "rand_point_id": 91, "OBJECTID": 120, "admin4Name": "Ward No-01", "admin4Pcod": "20150601", "admin4RefN": null, "admin4AltN": null, "admin4Al_1": null, "admin3Name": "Bayejid Bostami", "admin3Pcod": "201506", "admin2Name": "Chittagong", "admin2Pcod": "2015", "admin1Name": "Chittagong", "admin1Pcod": "20", "admin0Name": "Bangladesh", "admin0Pcod": "BD", "date": "2015-01-01", "validOn": "2018-04-10", "validTo": null, "Shape_Leng": 0.20038457574, "Shape_Area": 0.00203084545, "name": "Ward No-01" }, "geometry": { "type": "Point", "coordinates": [ 91.810700885164991, 22.375163871851289 ] } },
{ "type": "Feature", "properties": { "rand_point_id": 92, "OBJECTID": 120, "admin4Name": "Ward No-01", "admin4Pcod": "20150601", "admin4RefN": null, "admin4AltN": null, "admin4Al_1": null, "admin3Name": "Bayejid Bostami", "admin3Pcod": "201506", "admin2Name": "Chittagong", "admin2Pcod": "2015", "admin1Name": "Chittagong", "admin1Pcod": "20", "admin0Name": "Bangladesh", "admin0Pcod": "BD", "date": "2015-01-01", "validOn": "2018-04-10", "validTo": null, "Shape_Leng": 0.20038457574, "Shape_Area": 0.00203084545, "name": "Ward No-01" }, "geometry": { "type": "Point", "coordinates": [ 91.822819515515135, 22.324163512876602 ] } },
{ "type": "Feature", "properties": { "rand_point_id": 93, "OBJECTID": 120, "admin4Name": "Ward No-01", "admin4Pcod": "20150601", "admin4RefN": null, "admin4AltN": null, "admin4Al_1": null, "admin3Name": "Bayejid Bostami", "admin3Pcod": "201506", "admin2Name": "Chittagong", "admin2Pcod": "2015", "admin1Name": "Chittagong", "admin1Pcod": "20", "admin0Name": "Bangladesh", "admin0Pcod": "BD", "date": "2015-01-01", "validOn": "2018-04-10", "validTo": null, "Shape_Leng": 0.20038457574, "Shape_Area": 0.00203084545, "name": "Ward No-01" }, "geometry": { "type": "Point", "coordinates": [ 91.8129270089606, 22.328701024190778 ] } },
{ "type": "Feature", "properties": { "rand_point_id": 94, "OBJECTID": 120, "admin4Name": "Ward No-01", "admin4Pcod": "20150601", "admin4RefN": null, "admin4AltN": null, "admin4Al_1": null, "admin3Name": "Bayejid Bostami", "admin3Pcod": "201506", "admin2Name": "Chittagong", "admin2Pcod": "2015", "admin1Name": "Chittagong", "admin1Pcod": "20", "admin0Name": "Bangladesh", "admin0Pcod": "BD", "date": "2015-01-01", "validOn": "2018-04-10", "validTo": null, "Shape_Leng": 0.20038457574, "Shape_Area": 0.00203084545, "name": "Ward No-01" }, "geometry": { "type": "Point", "coordinates": [ 91.816961959055448, 22.41632130143331 ] } },
{ "type": "Feature", "properties": { "rand_point_id": 95, "OBJECTID": 120, "admin4Name": "Ward No-01", "admin4Pcod": "20150601", "admin4RefN": null, "admin4AltN": null, "admin4Al_1": null, "admin3Name": "Bayejid Bostami", "admin3Pcod": "201506", "admin2Name": "Chittagong", "admin2Pcod": "2015", "admin1Name": "Chittagong", "admin1Pcod": "20", "admin0Name": "Bangladesh", "admin0Pcod": "BD", "date": "2015-01-01", "validOn": "2018-04-10", "validTo": null, "Shape_Leng": 0.20038457574, "Shape_Area": 0.00203084545, "name": "Ward No-01" }, "geometry": { "type": "Point", "coordinates": [ 91.831786184026498, 22.381068627484456 ] } },
{ "type": "Feature", "properties": { "rand_point_id": 96, "OBJECTID": 120, "admin4Name": "Ward No-01", "admin4Pcod": "20150601", "admin4RefN": null, "admin4AltN": null, "admin4Al_1": null, "admin3Name": "Bayejid Bostami", "admin3Pcod": "201506", "admin2Name": "Chittagong", "admin2Pcod": "2015", "admin1Name": "Chittagong", "admin1Pcod": "20", "admin0Name": "Bangladesh", "admin0Pcod": "BD", "date": "2015-01-01", "validOn": "2018-04-10", "validTo": null, "Shape_Leng": 0.20038457574, "Shape_Area": 0.00203084545, "name": "Ward No-01" }, "geometry": { "type": "Point", "coordinates": [ 91.786281586251832, 22.319445256515699 ] } },
{ "type": "Feature", "properties": { "rand_point_id": 97, "OBJECTID": 120, "admin4Name": "Ward No-01", "admin4Pcod": "20150601", "admin4RefN": null, "admin4AltN": null, "admin4Al_1": null, "admin3Name": "Bayejid Bostami", "admin3Pcod": "201506", "admin2Name": "Chittagong", "admin2Pcod": "2015", "admin1Name": "Chittagong", "admin1Pcod": "20", "admin0Name": "Bangladesh", "admin0Pcod": "BD", "date": "2015-01-01", "validOn": "2018-04-10", "validTo": null, "Shape_Leng": 0.20038457574, "Shape_Area": 0.00203084545, "name": "Ward No-01" }, "geometry": { "type": "Point", "coordinates": [ 91.804837040879619, 22.431713057698225 ] } },
{ "type": "Feature", "properties": { "rand_point_id": 98, "OBJECTID": 120, "admin4Name": "Ward No-01", "admin4Pcod": "20150601", "admin4RefN": null, "admin4AltN": null, "admin4Al_1": null, "admin3Name": "Bayejid Bostami", "admin3Pcod": "201506", "admin2Name": "Chittagong", "admin2Pcod": "2015", "admin1Name": "Chittagong", "admin1Pcod": "20", "admin0Name": "Bangladesh", "admin0Pcod": "BD", "date": "2015-01-01", "validOn": "2018-04-10", "validTo": null, "Shape_Leng": 0.20038457574, "Shape_Area": 0.00203084545, "name": "Ward No-01" }, "geometry": { "type": "Point", "coordinates": [ 91.829105547244851, 22.261533129823878 ] } },
{ "type": "Feature", "properties": { "rand_point_id": 99, "OBJECTID": 120, "admin4Name": "Ward No-01", "admin4Pcod": "20150601", "admin4RefN": null, "admin4AltN": null, "admin4Al_1": null, "admin3Name": "Bayejid Bostami", "admin3Pcod": "201506", "admin2Name": "Chittagong", "admin2Pcod": "2015", "admin1Name": "Chittagong", "admin1Pcod": "20", "admin0Name": "Bangladesh", "admin0Pcod": "BD", "date": "2015-01-01", "validOn": "2018-04-10", "validTo": null, "Shape_Leng": 0.20038457574, "Shape_Area": 0.00203084545, "name": "Ward No-01" }, "geometry": { "type": "Point", "coordinates": [ 91.792811126515176, 22.419802148877302 ] } },
{ "type": "Feature", "properties": { "rand_point_id": 100, "OBJECTID": 120, "admin4Name": "Ward No-01", "admin4Pcod": "20150601", "admin4RefN": null, "admin4AltN": null, "admin4Al_1": null, "admin3Name": "Bayejid Bostami", "admin3Pcod": "201506", "admin2Name": "Chittagong", "admin2Pcod": "2015", "admin1Name": "Chittagong", "admin1Pcod": "20", "admin0Name": "Bangladesh", "admin0Pcod": "BD", "date": "2015-01-01", "validOn": "2018-04-10", "validTo": null, "Shape_Leng": 0.20038457574, "Shape_Area": 0.00203084545, "name": "Ward No-01" }, "geometry": { "type": "Point", "coordinates": [ 91.777652685280273, 22.282686637883675 ] } },
{ "type": "Feature", "properties": { "rand_point_id": 101, "OBJECTID": 120, "admin4Name": "Ward No-01", "admin4Pcod": "20150601", "admin4RefN": null, "admin4AltN": null, "admin4Al_1": null, "admin3Name": "Bayejid Bostami", "admin3Pcod": "201506", "admin2Name": "Chittagong", "admin2Pcod": "2015", "admin1Name": "Chittagong", "admin1Pcod": "20", "admin0Name": "Bangladesh", "admin0Pcod": "BD", "date": "2015-01-01", "validOn": "2018-04-10", "validTo": null, "Shape_Leng": 0.20038457574, "Shape_Area": 0.00203084545, "name": "Ward No-01" }, "geometry": { "type": "Point", "coordinates": [ 91.788098477202354, 22.255580938611409 ] } },
{ "type": "Feature", "properties": { "rand_point_id": 102, "OBJECTID": 120, "admin4Name": "Ward No-01", "admin4Pcod": "20150601", "admin4RefN": null, "admin4AltN": null, "admin4Al_1": null, "admin3Name": "Bayejid Bostami", "admin3Pcod": "201506", "admin2Name": "Chittagong", "admin2Pcod": "2015", "admin1Name": "Chittagong", "admin1Pcod": "20", "admin0Name": "Bangladesh", "admin0Pcod": "BD", "date": "2015-01-01", "validOn": "2018-04-10", "validTo": null, "Shape_Leng": 0.20038457574, "Shape_Area": 0.00203084545, "name": "Ward No-01" }, "geometry": { "type": "Point", "coordinates": [ 91.770563505875117, 22.367046565371794 ] } },
{ "type": "Feature", "properties": { "rand_point_id": 103, "OBJECTID": 120, "admin4Name": "Ward No-01", "admin4Pcod": "20150601", "admin4RefN": null, "admin4AltN": null, "admin4Al_1": null, "admin3Name": "Bayejid Bostami", "admin3Pcod": "201506", "admin2Name": "Chittagong", "admin2Pcod": "2015", "admin1Name": "Chittagong", "admin1Pcod": "20", "admin0Name": "Bangladesh", "admin0Pcod": "BD", "date": "2015-01-01", "validOn": "2018-04-10", "validTo": null, "Shape_Leng": 0.20038457574, "Shape_Area": 0.00203084545, "name": "Ward No-01" }, "geometry": { "type": "Point", "coordinates": [ 91.792293514547652, 22.452179890386631 ] } },
{ "type": "Feature", "properties": { "rand_point_id": 104, "OBJECTID": 120, "admin4Name": "Ward No-01", "admin4Pcod": "20150601", "admin4RefN": null, "admin4AltN": null, "admin4Al_1": null, "admin3Name": "Bayejid Bostami", "admin3Pcod": "201506", "admin2Name": "Chittagong", "admin2Pcod": "2015", "admin1Name": "Chittagong", "admin1Pcod": "20", "admin0Name": "Bangladesh", "admin0Pcod": "BD", "date": "2015-01-01", "validOn": "2018-04-10", "validTo": null, "Shape_Leng": 0.20038457574, "Shape_Area": 0.00203084545, "name": "Ward No-01" }, "geometry": { "type": "Point", "coordinates": [ 91.81584490500191, 22.243361157207207 ] } },
{ "type": "Feature", "properties": { "rand_point_id": 105, "OBJECTID": 120, "admin4Name": "Ward No-01", "admin4Pcod": "20150601", "admin4RefN": null, "admin4AltN": null, "admin4Al_1": null, "admin3Name": "Bayejid Bostami", "admin3Pcod": "201506", "admin2Name": "Chittagong", "admin2Pcod": "2015", "admin1Name": "Chittagong", "admin1Pcod": "20", "admin0Name": "Bangladesh", "admin0Pcod": "BD", "date": "2015-01-01", "validOn": "2018-04-10", "validTo": null, "Shape_Leng": 0.20038457574, "Shape_Area": 0.00203084545, "name": "Ward No-01" }, "geometry": { "type": "Point", "coordinates": [ 91.828495307871265, 22.388573242283051 ] } },
{ "type": "Feature", "properties": { "rand_point_id": 106, "OBJECTID": 120, "admin4Name": "Ward No-01", "admin4Pcod": "20150601", "admin4RefN": null, "admin4AltN": null, "admin4Al_1": null, "admin3Name": "Bayejid Bostami", "admin3Pcod": "201506", "admin2Name": "Chittagong", "admin2Pcod": "2015", "admin1Name": "Chittagong", "admin1Pcod": "20", "admin0Name": "Bangladesh", "admin0Pcod": "BD", "date": "2015-01-01", "validOn": "2018-04-10", "validTo": null, "Shape_Leng": 0.20038457574, "Shape_Area": 0.00203084545, "name": "Ward No-01" }, "geometry": { "type": "Point", "coordinates": [ 91.776590518584072, 22.454315152458559 ] } },
{ "type": "Feature", "properties": { "rand_point_id": 107, "OBJECTID": 120, "admin4Name": "Ward No-01", "admin4Pcod": "20150601", "admin4RefN": null, "admin4AltN": null, "admin4Al_1": null, "admin3Name": "Bayejid Bostami", "admin3Pcod": "201506", "admin2Name": "Chittagong", "admin2Pcod": "2015", "admin1Name": "Chittagong", "admin1Pcod": "20", "admin0Name": "Bangladesh", "admin0Pcod": "BD", "date": "2015-01-01", "validOn": "2018-04-10", "validTo": null, "Shape_Leng": 0.20038457574, "Shape_Area": 0.00203084545, "name": "Ward No-01" }, "geometry": { "type": "Point", "coordinates": [ 91.781945256772573, 22.266045547868995 ] } },
{ "type": "Feature", "properties": { "rand_point_id": 108, "OBJECTID": 120, "admin4Name": "Ward No-01", "admin4Pcod": "20150601", "admin4RefN": null, "admin4AltN": null, "admin4Al_1": null, "admin3Name": "Bayejid Bostami", "admin3Pcod": "201506", "admin2Name": "Chittagong", "admin2Pcod": "2015", "admin1Name": "Chittagong", "admin1Pcod": "20", "admin0Name": "Bangladesh", "admin0Pcod": "BD", "date": "2015-01-01", "validOn": "2018-04-10", "validTo": null, "Shape_Leng": 0.20038457574, "Shape_Area": 0.00203084545, "name": "Ward No-01" }, "geometry": { "type": "Point", "coordinates": [ 91.805231336205196, 22.378495885245698 ] } },
{ "type": "Feature", "properties": { "rand_point_id": 109, "OBJECTID": 120, "admin4Name": "Ward No-01", "admin4Pcod": "20150601", "admin4RefN": null, "admin4AltN": null, "admin4Al_1": null, "admin3Name": "Bayejid Bostami", "admin3Pcod": "201506", "admin2Name": "Chittagong", "admin2Pcod": "2015", "admin1Name": "Chittagong", "admin1Pcod": "20", "admin0Name": "Bangladesh", "admin0Pcod": "BD", "date": "2015-01-01", "validOn": "2018-04-10", "validTo": null, "Shape_Leng": 0.20038457574, "Shape_Area": 0.00203084545, "name": "Ward No-01" }, "geometry": { "type": "Point", "coordinates": [ 91.75929943673205, 22.355133820964078 ] } },
{ "type": "Feature", "properties": { "rand_point_id": 110, "OBJECTID": 120, "admin4Name": "Ward No-01", "admin4Pcod": "20150601", "admin4RefN": null, "admin4AltN": null, "admin4Al_1": null, "admin3Name": "Bayejid Bostami", "admin3Pcod": "201506", "admin2Name": "Chittagong", "admin2Pcod": "2015", "admin1Name": "Chittagong", "admin1Pcod": "20", "admin0Name": "Bangladesh", "admin0Pcod": "BD", "date": "2015-01-01", "validOn": "2018-04-10", "validTo": null, "Shape_Leng": 0.20038457574, "Shape_Area": 0.00203084545, "name": "Ward No-01" }, "geometry": { "type": "Point", "coordinates": [ 91.836765697885966, 22.370663749874108 ] } },
{ "type": "Feature", "properties": { "rand_point_id": 111, "OBJECTID": 120, "admin4Name": "Ward No-01", "admin4Pcod": "20150601", "admin4RefN": null, "admin4AltN": null, "admin4Al_1": null, "admin3Name": "Bayejid Bostami", "admin3Pcod": "201506", "admin2Name": "Chittagong", "admin2Pcod": "2015", "admin1Name": "Chittagong", "admin1Pcod": "20", "admin0Name": "Bangladesh", "admin0Pcod": "BD", "date": "2015-01-01", "validOn": "2018-04-10", "validTo": null, "Shape_Leng": 0.20038457574, "Shape_Area": 0.00203084545, "name": "Ward No-01" }, "geometry": { "type": "Point", "coordinates": [ 91.810717747482784, 22.393509745370295 ] } },
{ "type": "Feature", "properties": { "rand_point_id": 112, "OBJECTID": 120, "admin4Name": "Ward No-01", "admin4Pcod": "20150601", "admin4RefN": null, "admin4AltN": null, "admin4Al_1": null, "admin3Name": "Bayejid Bostami", "admin3Pcod": "201506", "admin2Name": "Chittagong", "admin2Pcod": "2015", "admin1Name": "Chittagong", "admin1Pcod": "20", "admin0Name": "Bangladesh", "admin0Pcod": "BD", "date": "2015-01-01", "validOn": "2018-04-10", "validTo": null, "Shape_Leng": 0.20038457574, "Shape_Area": 0.00203084545, "name": "Ward No-01" }, "geometry": { "type": "Point", "coordinates": [ 91.84616627278325, 22.372155007578861 ] } },
{ "type": "Feature", "properties": { "rand_point_id": 113, "OBJECTID": 120, "admin4Name": "Ward No-01", "admin4Pcod": "20150601", "admin4RefN": null, "admin4AltN": null, "admin4Al_1": null, "admin3Name": "Bayejid Bostami", "admin3Pcod": "201506", "admin2Name": "Chittagong", "admin2Pcod": "2015", "admin1Name": "Chittagong", "admin1Pcod": "20", "admin0Name": "Bangladesh", "admin0Pcod": "BD", "date": "2015-01-01", "validOn": "2018-04-10", "validTo": null, "Shape_Leng": 0.20038457574, "Shape_Area": 0.00203084545, "name": "Ward No-01" }, "geometry": { "type": "Point", "coordinates": [ 91.800138424820005, 22.326369273581523 ] } },
{ "type": "Feature", "properties": { "rand_point_id": 114, "OBJECTID": 120, "admin4Name": "Ward No-01", "admin4Pcod": "20150601", "admin4RefN": null, "admin4AltN": null, "admin4Al_1": null, "admin3Name": "Bayejid Bostami", "admin3Pcod": "201506", "admin2Name": "Chittagong", "admin2Pcod": "2015", "admin1Name": "Chittagong", "admin1Pcod": "20", "admin0Name": "Bangladesh", "admin0Pcod": "BD", "date": "2015-01-01", "validOn": "2018-04-10", "validTo": null, "Shape_Leng": 0.20038457574, "Shape_Area": 0.00203084545, "name": "Ward No-01" }, "geometry": { "type": "Point", "coordinates": [ 91.82096165289316, 22.265723917385913 ] } },
{ "type": "Feature", "properties": { "rand_point_id": 115, "OBJECTID": 120, "admin4Name": "Ward No-01", "admin4Pcod": "20150601", "admin4RefN": null, "admin4AltN": null, "admin4Al_1": null, "admin3Name": "Bayejid Bostami", "admin3Pcod": "201506", "admin2Name": "Chittagong", "admin2Pcod": "2015", "admin1Name": "Chittagong", "admin1Pcod": "20", "admin0Name": "Bangladesh", "admin0Pcod": "BD", "date": "2015-01-01", "validOn": "2018-04-10", "validTo": null, "Shape_Leng": 0.20038457574, "Shape_Area": 0.00203084545, "name": "Ward No-01" }, "geometry": { "type": "Point", "coordinates": [ 91.799962160642835, 22.229818455676458 ] } },
{ "type": "Feature", "properties": { "rand_point_id": 116, "OBJECTID": 120, "admin4Name": "Ward No-01", "admin4Pcod": "20150601", "admin4RefN": null, "admin4AltN": null, "admin4Al_1": null, "admin3Name": "Bayejid Bostami", "admin3Pcod": "201506", "admin2Name": "Chittagong", "admin2Pcod": "2015", "admin1Name": "Chittagong", "admin1Pcod": "20", "admin0Name": "Bangladesh", "admin0Pcod": "BD", "date": "2015-01-01", "validOn": "2018-04-10", "validTo": null, "Shape_Leng": 0.20038457574, "Shape_Area": 0.00203084545, "name": "Ward No-01" }, "geometry": { "type": "Point", "coordinates": [ 91.788885046380244, 22.446387922588922 ] } },
{ "type": "Feature", "properties": { "rand_point_id": 117, "OBJECTID": 120, "admin4Name": "Ward No-01", "admin4Pcod": "20150601", "admin4RefN": null, "admin4AltN": null, "admin4Al_1": null, "admin3Name": "Bayejid Bostami", "admin3Pcod": "201506", "admin2Name": "Chittagong", "admin2Pcod": "2015", "admin1Name": "Chittagong", "admin1Pcod": "20", "admin0Name": "Bangladesh", "admin0Pcod": "BD", "date": "2015-01-01", "validOn": "2018-04-10", "validTo": null, "Shape_Leng": 0.20038457574, "Shape_Area": 0.00203084545, "name": "Ward No-01" }, "geometry": { "type": "Point", "coordinates": [ 91.828607787910002, 22.259469571998924 ] } },
{ "type": "Feature", "properties": { "rand_point_id": 118, "OBJECTID": 120, "admin4Name": "Ward No-01", "admin4Pcod": "20150601", "admin4RefN": null, "admin4AltN": null, "admin4Al_1": null, "admin3Name": "Bayejid Bostami", "admin3Pcod": "201506", "admin2Name": "Chittagong", "admin2Pcod": "2015", "admin1Name": "Chittagong", "admin1Pcod": "20", "admin0Name": "Bangladesh", "admin0Pcod": "BD", "date": "2015-01-01", "validOn": "2018-04-10", "validTo": null, "Shape_Leng": 0.20038457574, "Shape_Area": 0.00203084545, "name": "Ward No-01" }, "geometry": { "type": "Point", "coordinates": [ 91.762887301546655, 22.344164151958658 ] } },
{ "type": "Feature", "properties": { "rand_point_id": 119, "OBJECTID": 120, "admin4Name": "Ward No-01", "admin4Pcod": "20150601", "admin4RefN": null, "admin4AltN": null, "admin4Al_1": null, "admin3Name": "Bayejid Bostami", "admin3Pcod": "201506", "admin2Name": "Chittagong", "admin2Pcod": "2015", "admin1Name": "Chittagong", "admin1Pcod": "20", "admin0Name": "Bangladesh", "admin0Pcod": "BD", "date": "2015-01-01", "validOn": "2018-04-10", "validTo": null, "Shape_Leng": 0.20038457574, "Shape_Area": 0.00203084545, "name": "Ward No-01" }, "geometry": { "type": "Point", "coordinates": [ 91.853620620128936, 22.3383734999944 ] } },
{ "type": "Feature", "properties": { "rand_point_id": 120, "OBJECTID": 120, "admin4Name": "Ward No-01", "admin4Pcod": "20150601", "admin4RefN": null, "admin4AltN": null, "admin4Al_1": null, "admin3Name": "Bayejid Bostami", "admin3Pcod": "201506", "admin2Name": "Chittagong", "admin2Pcod": "2015", "admin1Name": "Chittagong", "admin1Pcod": "20", "admin0Name": "Bangladesh", "admin0Pcod": "BD", "date": "2015-01-01", "validOn": "2018-04-10", "validTo": null, "Shape_Leng": 0.20038457574, "Shape_Area": 0.00203084545, "name": "Ward No-01" }, "geometry": { "type": "Point", "coordinates": [ 91.841750943016663, 22.359499312484616 ] } },
{ "type": "Feature", "properties": { "rand_point_id": 121, "OBJECTID": 120, "admin4Name": "Ward No-01", "admin4Pcod": "20150601", "admin4RefN": null, "admin4AltN": null, "admin4Al_1": null, "admin3Name": "Bayejid Bostami", "admin3Pcod": "201506", "admin2Name": "Chittagong", "admin2Pcod": "2015", "admin1Name": "Chittagong", "admin1Pcod": "20", "admin0Name": "Bangladesh", "admin0Pcod": "BD", "date": "2015-01-01", "validOn": "2018-04-10", "validTo": null, "Shape_Leng": 0.20038457574, "Shape_Area": 0.00203084545, "name": "Ward No-01" }, "geometry": { "type": "Point", "coordinates": [ 91.769763894487184, 22.310684102181167 ] } },
{ "type": "Feature", "properties": { "rand_point_id": 122, "OBJECTID": 120, "admin4Name": "Ward No-01", "admin4Pcod": "20150601", "admin4RefN": null, "admin4AltN": null, "admin4Al_1": null, "admin3Name": "Bayejid Bostami", "admin3Pcod": "201506", "admin2Name": "Chittagong", "admin2Pcod": "2015", "admin1Name": "Chittagong", "admin1Pcod": "20", "admin0Name": "Bangladesh", "admin0Pcod": "BD", "date": "2015-01-01", "validOn": "2018-04-10", "validTo": null, "Shape_Leng": 0.20038457574, "Shape_Area": 0.00203084545, "name": "Ward No-01" }, "geometry": { "type": "Point", "coordinates": [ 91.847065182335669, 22.358176310500721 ] } },
{ "type": "Feature", "properties": { "rand_point_id": 123, "OBJECTID": 120, "admin4Name": "Ward No-01", "admin4Pcod": "20150601", "admin4RefN": null, "admin4AltN": null, "admin4Al_1": null, "admin3Name": "Bayejid Bostami", "admin3Pcod": "201506", "admin2Name": "Chittagong", "admin2Pcod": "2015", "admin1Name": "Chittagong", "admin1Pcod": "20", "admin0Name": "Bangladesh", "admin0Pcod": "BD", "date": "2015-01-01", "validOn": "2018-04-10", "validTo": null, "Shape_Leng": 0.20038457574, "Shape_Area": 0.00203084545, "name": "Ward No-01" }, "geometry": { "type": "Point", "coordinates": [ 91.85084790465207, 22.356581036007118 ] } },
{ "type": "Feature", "properties": { "rand_point_id": 124, "OBJECTID": 120, "admin4Name": "Ward No-01", "admin4Pcod": "20150601", "admin4RefN": null, "admin4AltN": null, "admin4Al_1": null, "admin3Name": "Bayejid Bostami", "admin3Pcod": "201506", "admin2Name": "Chittagong", "admin2Pcod": "2015", "admin1Name": "Chittagong", "admin1Pcod": "20", "admin0Name": "Bangladesh", "admin0Pcod": "BD", "date": "2015-01-01", "validOn": "2018-04-10", "validTo": null, "Shape_Leng": 0.20038457574, "Shape_Area": 0.00203084545, "name": "Ward No-01" }, "geometry": { "type": "Point", "coordinates": [ 91.770166594764831, 22.276722013585857 ] } },
{ "type": "Feature", "properties": { "rand_point_id": 125, "OBJECTID": 120, "admin4Name": "Ward No-01", "admin4Pcod": "20150601", "admin4RefN": null, "admin4AltN": null, "admin4Al_1": null, "admin3Name": "Bayejid Bostami", "admin3Pcod": "201506", "admin2Name": "Chittagong", "admin2Pcod": "2015", "admin1Name": "Chittagong", "admin1Pcod": "20", "admin0Name": "Bangladesh", "admin0Pcod": "BD", "date": "2015-01-01", "validOn": "2018-04-10", "validTo": null, "Shape_Leng": 0.20038457574, "Shape_Area": 0.00203084545, "name": "Ward No-01" }, "geometry": { "type": "Point", "coordinates": [ 91.785443906544245, 22.438371326462487 ] } },
{ "type": "Feature", "properties": { "rand_point_id": 126, "OBJECTID": 120, "admin4Name": "Ward No-01", "admin4Pcod": "20150601", "admin4RefN": null, "admin4AltN": null, "admin4Al_1": null, "admin3Name": "Bayejid Bostami", "admin3Pcod": "201506", "admin2Name": "Chittagong", "admin2Pcod": "2015", "admin1Name": "Chittagong", "admin1Pcod": "20", "admin0Name": "Bangladesh", "admin0Pcod": "BD", "date": "2015-01-01", "validOn": "2018-04-10", "validTo": null, "Shape_Leng": 0.20038457574, "Shape_Area": 0.00203084545, "name": "Ward No-01" }, "geometry": { "type": "Point", "coordinates": [ 91.867696629030391, 22.380515001733858 ] } },
{ "type": "Feature", "properties": { "rand_point_id": 127, "OBJECTID": 120, "admin4Name": "Ward No-01", "admin4Pcod": "20150601", "admin4RefN": null, "admin4AltN": null, "admin4Al_1": null, "admin3Name": "Bayejid Bostami", "admin3Pcod": "201506", "admin2Name": "Chittagong", "admin2Pcod": "2015", "admin1Name": "Chittagong", "admin1Pcod": "20", "admin0Name": "Bangladesh", "admin0Pcod": "BD", "date": "2015-01-01", "validOn": "2018-04-10", "validTo": null, "Shape_Leng": 0.20038457574, "Shape_Area": 0.00203084545, "name": "Ward No-01" }, "geometry": { "type": "Point", "coordinates": [ 91.829785611489442, 22.369990460783004 ] } },
{ "type": "Feature", "properties": { "rand_point_id": 128, "OBJECTID": 120, "admin4Name": "Ward No-01", "admin4Pcod": "20150601", "admin4RefN": null, "admin4AltN": null, "admin4Al_1": null, "admin3Name": "Bayejid Bostami", "admin3Pcod": "201506", "admin2Name": "Chittagong", "admin2Pcod": "2015", "admin1Name": "Chittagong", "admin1Pcod": "20", "admin0Name": "Bangladesh", "admin0Pcod": "BD", "date": "2015-01-01", "validOn": "2018-04-10", "validTo": null, "Shape_Leng": 0.20038457574, "Shape_Area": 0.00203084545, "name": "Ward No-01" }, "geometry": { "type": "Point", "coordinates": [ 91.82733444846221, 22.352668756103125 ] } },
{ "type": "Feature", "properties": { "rand_point_id": 129, "OBJECTID": 120, "admin4Name": "Ward No-01", "admin4Pcod": "20150601", "admin4RefN": null, "admin4AltN": null, "admin4Al_1": null, "admin3Name": "Bayejid Bostami", "admin3Pcod": "201506", "admin2Name": "Chittagong", "admin2Pcod": "2015", "admin1Name": "Chittagong", "admin1Pcod": "20", "admin0Name": "Bangladesh", "admin0Pcod": "BD", "date": "2015-01-01", "validOn": "2018-04-10", "validTo": null, "Shape_Leng": 0.20038457574, "Shape_Area": 0.00203084545, "name": "Ward No-01" }, "geometry": { "type": "Point", "coordinates": [ 91.804160741313254, 22.256346165143448 ] } },
{ "type": "Feature", "properties": { "rand_point_id": 130, "OBJECTID": 120, "admin4Name": "Ward No-01", "admin4Pcod": "20150601", "admin4RefN": null, "admin4AltN": null, "admin4Al_1": null, "admin3Name": "Bayejid Bostami", "admin3Pcod": "201506", "admin2Name": "Chittagong", "admin2Pcod": "2015", "admin1Name": "Chittagong", "admin1Pcod": "20", "admin0Name": "Bangladesh", "admin0Pcod": "BD", "date": "2015-01-01", "validOn": "2018-04-10", "validTo": null, "Shape_Leng": 0.20038457574, "Shape_Area": 0.00203084545, "name": "Ward No-01" }, "geometry": { "type": "Point", "coordinates": [ 91.855284004934376, 22.397479641110458 ] } },
{ "type": "Feature", "properties": { "rand_point_id": 131, "OBJECTID": 120, "admin4Name": "Ward No-01", "admin4Pcod": "20150601", "admin4RefN": null, "admin4AltN": null, "admin4Al_1": null, "admin3Name": "Bayejid Bostami", "admin3Pcod": "201506", "admin2Name": "Chittagong", "admin2Pcod": "2015", "admin1Name": "Chittagong", "admin1Pcod": "20", "admin0Name": "Bangladesh", "admin0Pcod": "BD", "date": "2015-01-01", "validOn": "2018-04-10", "validTo": null, "Shape_Leng": 0.20038457574, "Shape_Area": 0.00203084545, "name": "Ward No-01" }, "geometry": { "type": "Point", "coordinates": [ 91.8236907833695, 22.33101184956509 ] } },
{ "type": "Feature", "properties": { "rand_point_id": 132, "OBJECTID": 120, "admin4Name": "Ward No-01", "admin4Pcod": "20150601", "admin4RefN": null, "admin4AltN": null, "admin4Al_1": null, "admin3Name": "Bayejid Bostami", "admin3Pcod": "201506", "admin2Name": "Chittagong", "admin2Pcod": "2015", "admin1Name": "Chittagong", "admin1Pcod": "20", "admin0Name": "Bangladesh", "admin0Pcod": "BD", "date": "2015-01-01", "validOn": "2018-04-10", "validTo": null, "Shape_Leng": 0.20038457574, "Shape_Area": 0.00203084545, "name": "Ward No-01" }, "geometry": { "type": "Point", "coordinates": [ 91.846117926189635, 22.392792858710376 ] } },
{ "type": "Feature", "properties": { "rand_point_id": 133, "OBJECTID": 120, "admin4Name": "Ward No-01", "admin4Pcod": "20150601", "admin4RefN": null, "admin4AltN": null, "admin4Al_1": null, "admin3Name": "Bayejid Bostami", "admin3Pcod": "201506", "admin2Name": "Chittagong", "admin2Pcod": "2015", "admin1Name": "Chittagong", "admin1Pcod": "20", "admin0Name": "Bangladesh", "admin0Pcod": "BD", "date": "2015-01-01", "validOn": "2018-04-10", "validTo": null, "Shape_Leng": 0.20038457574, "Shape_Area": 0.00203084545, "name": "Ward No-01" }, "geometry": { "type": "Point", "coordinates": [ 91.781060780289081, 22.379184012113324 ] } },
{ "type": "Feature", "properties": { "rand_point_id": 134, "OBJECTID": 120, "admin4Name": "Ward No-01", "admin4Pcod": "20150601", "admin4RefN": null, "admin4AltN": null, "admin4Al_1": null, "admin3Name": "Bayejid Bostami", "admin3Pcod": "201506", "admin2Name": "Chittagong", "admin2Pcod": "2015", "admin1Name": "Chittagong", "admin1Pcod": "20", "admin0Name": "Bangladesh", "admin0Pcod": "BD", "date": "2015-01-01", "validOn": "2018-04-10", "validTo": null, "Shape_Leng": 0.20038457574, "Shape_Area": 0.00203084545, "name": "Ward No-01" }, "geometry": { "type": "Point", "coordinates": [ 91.81049658575283, 22.355517209316027 ] } },
{ "type": "Feature", "properties": { "rand_point_id": 135, "OBJECTID": 120, "admin4Name": "Ward No-01", "admin4Pcod": "20150601", "admin4RefN": null, "admin4AltN": null, "admin4Al_1": null, "admin3Name": "Bayejid Bostami", "admin3Pcod": "201506", "admin2Name": "Chittagong", "admin2Pcod": "2015", "admin1Name": "Chittagong", "admin1Pcod": "20", "admin0Name": "Bangladesh", "admin0Pcod": "BD", "date": "2015-01-01", "validOn": "2018-04-10", "validTo": null, "Shape_Leng": 0.20038457574, "Shape_Area": 0.00203084545, "name": "Ward No-01" }, "geometry": { "type": "Point", "coordinates": [ 91.871979515133688, 22.400458706046155 ] } },
{ "type": "Feature", "properties": { "rand_point_id": 136, "OBJECTID": 120, "admin4Name": "Ward No-01", "admin4Pcod": "20150601", "admin4RefN": null, "admin4AltN": null, "admin4Al_1": null, "admin3Name": "Bayejid Bostami", "admin3Pcod": "201506", "admin2Name": "Chittagong", "admin2Pcod": "2015", "admin1Name": "Chittagong", "admin1Pcod": "20", "admin0Name": "Bangladesh", "admin0Pcod": "BD", "date": "2015-01-01", "validOn": "2018-04-10", "validTo": null, "Shape_Leng": 0.20038457574, "Shape_Area": 0.00203084545, "name": "Ward No-01" }, "geometry": { "type": "Point", "coordinates": [ 91.823716403715636, 22.409328165852799 ] } },
{ "type": "Feature", "properties": { "rand_point_id": 137, "OBJECTID": 120, "admin4Name": "Ward No-01", "admin4Pcod": "20150601", "admin4RefN": null, "admin4AltN": null, "admin4Al_1": null, "admin3Name": "Bayejid Bostami", "admin3Pcod": "201506", "admin2Name": "Chittagong", "admin2Pcod": "2015", "admin1Name": "Chittagong", "admin1Pcod": "20", "admin0Name": "Bangladesh", "admin0Pcod": "BD", "date": "2015-01-01", "validOn": "2018-04-10", "validTo": null, "Shape_Leng": 0.20038457574, "Shape_Area": 0.00203084545, "name": "Ward No-01" }, "geometry": { "type": "Point", "coordinates": [ 91.758623173357279, 22.354917385085152 ] } },
{ "type": "Feature", "properties": { "rand_point_id": 138, "OBJECTID": 120, "admin4Name": "Ward No-01", "admin4Pcod": "20150601", "admin4RefN": null, "admin4AltN": null, "admin4Al_1": null, "admin3Name": "Bayejid Bostami", "admin3Pcod": "201506", "admin2Name": "Chittagong", "admin2Pcod": "2015", "admin1Name": "Chittagong", "admin1Pcod": "20", "admin0Name": "Bangladesh", "admin0Pcod": "BD", "date": "2015-01-01", "validOn": "2018-04-10", "validTo": null, "Shape_Leng": 0.20038457574, "Shape_Area": 0.00203084545, "name": "Ward No-01" }, "geometry": { "type": "Point", "coordinates": [ 91.799011402017285, 22.261113441376896 ] } },
{ "type": "Feature", "properties": { "rand_point_id": 139, "OBJECTID": 120, "admin4Name": "Ward No-01", "admin4Pcod": "20150601", "admin4RefN": null, "admin4AltN": null, "admin4Al_1": null, "admin3Name": "Bayejid Bostami", "admin3Pcod": "201506", "admin2Name": "Chittagong", "admin2Pcod": "2015", "admin1Name": "Chittagong", "admin1Pcod": "20", "admin0Name": "Bangladesh", "admin0Pcod": "BD", "date": "2015-01-01", "validOn": "2018-04-10", "validTo": null, "Shape_Leng": 0.20038457574, "Shape_Area": 0.00203084545, "name": "Ward No-01" }, "geometry": { "type": "Point", "coordinates": [ 91.799524308482162, 22.231821915509837 ] } },
{ "type": "Feature", "properties": { "rand_point_id": 140, "OBJECTID": 120, "admin4Name": "Ward No-01", "admin4Pcod": "20150601", "admin4RefN": null, "admin4AltN": null, "admin4Al_1": null, "admin3Name": "Bayejid Bostami", "admin3Pcod": "201506", "admin2Name": "Chittagong", "admin2Pcod": "2015", "admin1Name": "Chittagong", "admin1Pcod": "20", "admin0Name": "Bangladesh", "admin0Pcod": "BD", "date": "2015-01-01", "validOn": "2018-04-10", "validTo": null, "Shape_Leng": 0.20038457574, "Shape_Area": 0.00203084545, "name": "Ward No-01" }, "geometry": { "type": "Point", "coordinates": [ 91.858712347382422, 22.400334372754067 ] } },
{ "type": "Feature", "properties": { "rand_point_id": 141, "OBJECTID": 120, "admin4Name": "Ward No-01", "admin4Pcod": "20150601", "admin4RefN": null, "admin4AltN": null, "admin4Al_1": null, "admin3Name": "Bayejid Bostami", "admin3Pcod": "201506", "admin2Name": "Chittagong", "admin2Pcod": "2015", "admin1Name": "Chittagong", "admin1Pcod": "20", "admin0Name": "Bangladesh", "admin0Pcod": "BD", "date": "2015-01-01", "validOn": "2018-04-10", "validTo": null, "Shape_Leng": 0.20038457574, "Shape_Area": 0.00203084545, "name": "Ward No-01" }, "geometry": { "type": "Point", "coordinates": [ 91.808828684217247, 22.329539940088658 ] } },
{ "type": "Feature", "properties": { "rand_point_id": 142, "OBJECTID": 120, "admin4Name": "Ward No-01", "admin4Pcod": "20150601", "admin4RefN": null, "admin4AltN": null, "admin4Al_1": null, "admin3Name": "Bayejid Bostami", "admin3Pcod": "201506", "admin2Name": "Chittagong", "admin2Pcod": "2015", "admin1Name": "Chittagong", "admin1Pcod": "20", "admin0Name": "Bangladesh", "admin0Pcod": "BD", "date": "2015-01-01", "validOn": "2018-04-10", "validTo": null, "Shape_Leng": 0.20038457574, "Shape_Area": 0.00203084545, "name": "Ward No-01" }, "geometry": { "type": "Point", "coordinates": [ 91.806275714988914, 22.360488865293451 ] } },
{ "type": "Feature", "properties": { "rand_point_id": 143, "OBJECTID": 120, "admin4Name": "Ward No-01", "admin4Pcod": "20150601", "admin4RefN": null, "admin4AltN": null, "admin4Al_1": null, "admin3Name": "Bayejid Bostami", "admin3Pcod": "201506", "admin2Name": "Chittagong", "admin2Pcod": "2015", "admin1Name": "Chittagong", "admin1Pcod": "20", "admin0Name": "Bangladesh", "admin0Pcod": "BD", "date": "2015-01-01", "validOn": "2018-04-10", "validTo": null, "Shape_Leng": 0.20038457574, "Shape_Area": 0.00203084545, "name": "Ward No-01" }, "geometry": { "type": "Point", "coordinates": [ 91.854968037347348, 22.348862267037951 ] } },
{ "type": "Feature", "properties": { "rand_point_id": 144, "OBJECTID": 120, "admin4Name": "Ward No-01", "admin4Pcod": "20150601", "admin4RefN": null, "admin4AltN": null, "admin4Al_1": null, "admin3Name": "Bayejid Bostami", "admin3Pcod": "201506", "admin2Name": "Chittagong", "admin2Pcod": "2015", "admin1Name": "Chittagong", "admin1Pcod": "20", "admin0Name": "Bangladesh", "admin0Pcod": "BD", "date": "2015-01-01", "validOn": "2018-04-10", "validTo": null, "Shape_Leng": 0.20038457574, "Shape_Area": 0.00203084545, "name": "Ward No-01" }, "geometry": { "type": "Point", "coordinates": [ 91.786277518080425, 22.25660602600334 ] } },
{ "type": "Feature", "properties": { "rand_point_id": 145, "OBJECTID": 120, "admin4Name": "Ward No-01", "admin4Pcod": "20150601", "admin4RefN": null, "admin4AltN": null, "admin4Al_1": null, "admin3Name": "Bayejid Bostami", "admin3Pcod": "201506", "admin2Name": "Chittagong", "admin2Pcod": "2015", "admin1Name": "Chittagong", "admin1Pcod": "20", "admin0Name": "Bangladesh", "admin0Pcod": "BD", "date": "2015-01-01", "validOn": "2018-04-10", "validTo": null, "Shape_Leng": 0.20038457574, "Shape_Area": 0.00203084545, "name": "Ward No-01" }, "geometry": { "type": "Point", "coordinates": [ 91.850627657589897, 22.383440084086537 ] } },
{ "type": "Feature", "properties": { "rand_point_id": 146, "OBJECTID": 120, "admin4Name": "Ward No-01", "admin4Pcod": "20150601", "admin4RefN": null, "admin4AltN": null, "admin4Al_1": null, "admin3Name": "Bayejid Bostami", "admin3Pcod": "201506", "admin2Name": "Chittagong", "admin2Pcod": "2015", "admin1Name": "Chittagong", "admin1Pcod": "20", "admin0Name": "Bangladesh", "admin0Pcod": "BD", "date": "2015-01-01", "validOn": "2018-04-10", "validTo": null, "Shape_Leng": 0.20038457574, "Shape_Area": 0.00203084545, "name": "Ward No-01" }, "geometry": { "type": "Point", "coordinates": [ 91.795569126595936, 22.420629379420046 ] } },
{ "type": "Feature", "properties": { "rand_point_id": 147, "OBJECTID": 120, "admin4Name": "Ward No-01", "admin4Pcod": "20150601", "admin4RefN": null, "admin4AltN": null, "admin4Al_1": null, "admin3Name": "Bayejid Bostami", "admin3Pcod": "201506", "admin2Name": "Chittagong", "admin2Pcod": "2015", "admin1Name": "Chittagong", "admin1Pcod": "20", "admin0Name": "Bangladesh", "admin0Pcod": "BD", "date": "2015-01-01", "validOn": "2018-04-10", "validTo": null, "Shape_Leng": 0.20038457574, "Shape_Area": 0.00203084545, "name": "Ward No-01" }, "geometry": { "type": "Point", "coordinates": [ 91.846272229373952, 22.390139597145254 ] } },
{ "type": "Feature", "properties": { "rand_point_id": 148, "OBJECTID": 120, "admin4Name": "Ward No-01", "admin4Pcod": "20150601", "admin4RefN": null, "admin4AltN": null, "admin4Al_1": null, "admin3Name": "Bayejid Bostami", "admin3Pcod": "201506", "admin2Name": "Chittagong", "admin2Pcod": "2015", "admin1Name": "Chittagong", "admin1Pcod": "20", "admin0Name": "Bangladesh", "admin0Pcod": "BD", "date": "2015-01-01", "validOn": "2018-04-10", "validTo": null, "Shape_Leng": 0.20038457574, "Shape_Area": 0.00203084545, "name": "Ward No-01" }, "geometry": { "type": "Point", "coordinates": [ 91.772372747189124, 22.277349430244577 ] } },
{ "type": "Feature", "properties": { "rand_point_id": 149, "OBJECTID": 120, "admin4Name": "Ward No-01", "admin4Pcod": "20150601", "admin4RefN": null, "admin4AltN": null, "admin4Al_1": null, "admin3Name": "Bayejid Bostami", "admin3Pcod": "201506", "admin2Name": "Chittagong", "admin2Pcod": "2015", "admin1Name": "Chittagong", "admin1Pcod": "20", "admin0Name": "Bangladesh", "admin0Pcod": "BD", "date": "2015-01-01", "validOn": "2018-04-10", "validTo": null, "Shape_Leng": 0.20038457574, "Shape_Area": 0.00203084545, "name": "Ward No-01" }, "geometry": { "type": "Point", "coordinates": [ 91.854075701156191, 22.359488618757286 ] } },
{ "type": "Feature", "properties": { "rand_point_id": 150, "OBJECTID": 120, "admin4Name": "Ward No-01", "admin4Pcod": "20150601", "admin4RefN": null, "admin4AltN": null, "admin4Al_1": null, "admin3Name": "Bayejid Bostami", "admin3Pcod": "201506", "admin2Name": "Chittagong", "admin2Pcod": "2015", "admin1Name": "Chittagong", "admin1Pcod": "20", "admin0Name": "Bangladesh", "admin0Pcod": "BD", "date": "2015-01-01", "validOn": "2018-04-10", "validTo": null, "Shape_Leng": 0.20038457574, "Shape_Area": 0.00203084545, "name": "Ward No-01" }, "geometry": { "type": "Point", "coordinates": [ 91.755418018213817, 22.354077560096368 ] } },
{ "type": "Feature", "properties": { "rand_point_id": 151, "OBJECTID": 120, "admin4Name": "Ward No-01", "admin4Pcod": "20150601", "admin4RefN": null, "admin4AltN": null, "admin4Al_1": null, "admin3Name": "Bayejid Bostami", "admin3Pcod": "201506", "admin2Name": "Chittagong", "admin2Pcod": "2015", "admin1Name": "Chittagong", "admin1Pcod": "20", "admin0Name": "Bangladesh", "admin0Pcod": "BD", "date": "2015-01-01", "validOn": "2018-04-10", "validTo": null, "Shape_Leng": 0.20038457574, "Shape_Area": 0.00203084545, "name": "Ward No-01" }, "geometry": { "type": "Point", "coordinates": [ 91.787530854427501, 22.353951001354908 ] } },
{ "type": "Feature", "properties": { "rand_point_id": 152, "OBJECTID": 120, "admin4Name": "Ward No-01", "admin4Pcod": "20150601", "admin4RefN": null, "admin4AltN": null, "admin4Al_1": null, "admin3Name": "Bayejid Bostami", "admin3Pcod": "201506", "admin2Name": "Chittagong", "admin2Pcod": "2015", "admin1Name": "Chittagong", "admin1Pcod": "20", "admin0Name": "Bangladesh", "admin0Pcod": "BD", "date": "2015-01-01", "validOn": "2018-04-10", "validTo": null, "Shape_Leng": 0.20038457574, "Shape_Area": 0.00203084545, "name": "Ward No-01" }, "geometry": { "type": "Point", "coordinates": [ 91.799118522882196, 22.336577503946607 ] } },
{ "type": "Feature", "properties": { "rand_point_id": 153, "OBJECTID": 120, "admin4Name": "Ward No-01", "admin4Pcod": "20150601", "admin4RefN": null, "admin4AltN": null, "admin4Al_1": null, "admin3Name": "Bayejid Bostami", "admin3Pcod": "201506", "admin2Name": "Chittagong", "admin2Pcod": "2015", "admin1Name": "Chittagong", "admin1Pcod": "20", "admin0Name": "Bangladesh", "admin0Pcod": "BD", "date": "2015-01-01", "validOn": "2018-04-10", "validTo": null, "Shape_Leng": 0.20038457574, "Shape_Area": 0.00203084545, "name": "Ward No-01" }, "geometry": { "type": "Point", "coordinates": [ 91.802286998413095, 22.319547841479476 ] } },
{ "type": "Feature", "properties": { "rand_point_id": 154, "OBJECTID": 120, "admin4Name": "Ward No-01", "admin4Pcod": "20150601", "admin4RefN": null, "admin4AltN": null, "admin4Al_1": null, "admin3Name": "Bayejid Bostami", "admin3Pcod": "201506", "admin2Name": "Chittagong", "admin2Pcod": "2015", "admin1Name": "Chittagong", "admin1Pcod": "20", "admin0Name": "Bangladesh", "admin0Pcod": "BD", "date": "2015-01-01", "validOn": "2018-04-10", "validTo": null, "Shape_Leng": 0.20038457574, "Shape_Area": 0.00203084545, "name": "Ward No-01" }, "geometry": { "type": "Point", "coordinates": [ 91.808127176421479, 22.396750068613624 ] } },
{ "type": "Feature", "properties": { "rand_point_id": 155, "OBJECTID": 120, "admin4Name": "Ward No-01", "admin4Pcod": "20150601", "admin4RefN": null, "admin4AltN": null, "admin4Al_1": null, "admin3Name": "Bayejid Bostami", "admin3Pcod": "201506", "admin2Name": "Chittagong", "admin2Pcod": "2015", "admin1Name": "Chittagong", "admin1Pcod": "20", "admin0Name": "Bangladesh", "admin0Pcod": "BD", "date": "2015-01-01", "validOn": "2018-04-10", "validTo": null, "Shape_Leng": 0.20038457574, "Shape_Area": 0.00203084545, "name": "Ward No-01" }, "geometry": { "type": "Point", "coordinates": [ 91.844297495229952, 22.402685271624492 ] } },
{ "type": "Feature", "properties": { "rand_point_id": 156, "OBJECTID": 120, "admin4Name": "Ward No-01", "admin4Pcod": "20150601", "admin4RefN": null, "admin4AltN": null, "admin4Al_1": null, "admin3Name": "Bayejid Bostami", "admin3Pcod": "201506", "admin2Name": "Chittagong", "admin2Pcod": "2015", "admin1Name": "Chittagong", "admin1Pcod": "20", "admin0Name": "Bangladesh", "admin0Pcod": "BD", "date": "2015-01-01", "validOn": "2018-04-10", "validTo": null, "Shape_Leng": 0.20038457574, "Shape_Area": 0.00203084545, "name": "Ward No-01" }, "geometry": { "type": "Point", "coordinates": [ 91.800964588972093, 22.450072209224938 ] } },
{ "type": "Feature", "properties": { "rand_point_id": 157, "OBJECTID": 120, "admin4Name": "Ward No-01", "admin4Pcod": "20150601", "admin4RefN": null, "admin4AltN": null, "admin4Al_1": null, "admin3Name": "Bayejid Bostami", "admin3Pcod": "201506", "admin2Name": "Chittagong", "admin2Pcod": "2015", "admin1Name": "Chittagong", "admin1Pcod": "20", "admin0Name": "Bangladesh", "admin0Pcod": "BD", "date": "2015-01-01", "validOn": "2018-04-10", "validTo": null, "Shape_Leng": 0.20038457574, "Shape_Area": 0.00203084545, "name": "Ward No-01" }, "geometry": { "type": "Point", "coordinates": [ 91.801051787024107, 22.264460393736908 ] } },
{ "type": "Feature", "properties": { "rand_point_id": 158, "OBJECTID": 120, "admin4Name": "Ward No-01", "admin4Pcod": "20150601", "admin4RefN": null, "admin4AltN": null, "admin4Al_1": null, "admin3Name": "Bayejid Bostami", "admin3Pcod": "201506", "admin2Name": "Chittagong", "admin2Pcod": "2015", "admin1Name": "Chittagong", "admin1Pcod": "20", "admin0Name": "Bangladesh", "admin0Pcod": "BD", "date": "2015-01-01", "validOn": "2018-04-10", "validTo": null, "Shape_Leng": 0.20038457574, "Shape_Area": 0.00203084545, "name": "Ward No-01" }, "geometry": { "type": "Point", "coordinates": [ 91.811352107167437, 22.270666362800952 ] } },
{ "type": "Feature", "properties": { "rand_point_id": 159, "OBJECTID": 120, "admin4Name": "Ward No-01", "admin4Pcod": "20150601", "admin4RefN": null, "admin4AltN": null, "admin4Al_1": null, "admin3Name": "Bayejid Bostami", "admin3Pcod": "201506", "admin2Name": "Chittagong", "admin2Pcod": "2015", "admin1Name": "Chittagong", "admin1Pcod": "20", "admin0Name": "Bangladesh", "admin0Pcod": "BD", "date": "2015-01-01", "validOn": "2018-04-10", "validTo": null, "Shape_Leng": 0.20038457574, "Shape_Area": 0.00203084545, "name": "Ward No-01" }, "geometry": { "type": "Point", "coordinates": [ 91.818323475523968, 22.424508740156725 ] } },
{ "type": "Feature", "properties": { "rand_point_id": 160, "OBJECTID": 120, "admin4Name": "Ward No-01", "admin4Pcod": "20150601", "admin4RefN": null, "admin4AltN": null, "admin4Al_1": null, "admin3Name": "Bayejid Bostami", "admin3Pcod": "201506", "admin2Name": "Chittagong", "admin2Pcod": "2015", "admin1Name": "Chittagong", "admin1Pcod": "20", "admin0Name": "Bangladesh", "admin0Pcod": "BD", "date": "2015-01-01", "validOn": "2018-04-10", "validTo": null, "Shape_Leng": 0.20038457574, "Shape_Area": 0.00203084545, "name": "Ward No-01" }, "geometry": { "type": "Point", "coordinates": [ 91.791456416511309, 22.441299987952149 ] } },
{ "type": "Feature", "properties": { "rand_point_id": 161, "OBJECTID": 120, "admin4Name": "Ward No-01", "admin4Pcod": "20150601", "admin4RefN": null, "admin4AltN": null, "admin4Al_1": null, "admin3Name": "Bayejid Bostami", "admin3Pcod": "201506", "admin2Name": "Chittagong", "admin2Pcod": "2015", "admin1Name": "Chittagong", "admin1Pcod": "20", "admin0Name": "Bangladesh", "admin0Pcod": "BD", "date": "2015-01-01", "validOn": "2018-04-10", "validTo": null, "Shape_Leng": 0.20038457574, "Shape_Area": 0.00203084545, "name": "Ward No-01" }, "geometry": { "type": "Point", "coordinates": [ 91.821143954363947, 22.242201190010942 ] } },
{ "type": "Feature", "properties": { "rand_point_id": 162, "OBJECTID": 120, "admin4Name": "Ward No-01", "admin4Pcod": "20150601", "admin4RefN": null, "admin4AltN": null, "admin4Al_1": null, "admin3Name": "Bayejid Bostami", "admin3Pcod": "201506", "admin2Name": "Chittagong", "admin2Pcod": "2015", "admin1Name": "Chittagong", "admin1Pcod": "20", "admin0Name": "Bangladesh", "admin0Pcod": "BD", "date": "2015-01-01", "validOn": "2018-04-10", "validTo": null, "Shape_Leng": 0.20038457574, "Shape_Area": 0.00203084545, "name": "Ward No-01" }, "geometry": { "type": "Point", "coordinates": [ 91.768067783212985, 22.360214336486113 ] } },
{ "type": "Feature", "properties": { "rand_point_id": 163, "OBJECTID": 120, "admin4Name": "Ward No-01", "admin4Pcod": "20150601", "admin4RefN": null, "admin4AltN": null, "admin4Al_1": null, "admin3Name": "Bayejid Bostami", "admin3Pcod": "201506", "admin2Name": "Chittagong", "admin2Pcod": "2015", "admin1Name": "Chittagong", "admin1Pcod": "20", "admin0Name": "Bangladesh", "admin0Pcod": "BD", "date": "2015-01-01", "validOn": "2018-04-10", "validTo": null, "Shape_Leng": 0.20038457574, "Shape_Area": 0.00203084545, "name": "Ward No-01" }, "geometry": { "type": "Point", "coordinates": [ 91.828331531831935, 22.328379186774768 ] } },
{ "type": "Feature", "properties": { "rand_point_id": 164, "OBJECTID": 120, "admin4Name": "Ward No-01", "admin4Pcod": "20150601", "admin4RefN": null, "admin4AltN": null, "admin4Al_1": null, "admin3Name": "Bayejid Bostami", "admin3Pcod": "201506", "admin2Name": "Chittagong", "admin2Pcod": "2015", "admin1Name": "Chittagong", "admin1Pcod": "20", "admin0Name": "Bangladesh", "admin0Pcod": "BD", "date": "2015-01-01", "validOn": "2018-04-10", "validTo": null, "Shape_Leng": 0.20038457574, "Shape_Area": 0.00203084545, "name": "Ward No-01" }, "geometry": { "type": "Point", "coordinates": [ 91.799345510232413, 22.417824655261544 ] } },
{ "type": "Feature", "properties": { "rand_point_id": 165, "OBJECTID": 120, "admin4Name": "Ward No-01", "admin4Pcod": "20150601", "admin4RefN": null, "admin4AltN": null, "admin4Al_1": null, "admin3Name": "Bayejid Bostami", "admin3Pcod": "201506", "admin2Name": "Chittagong", "admin2Pcod": "2015", "admin1Name": "Chittagong", "admin1Pcod": "20", "admin0Name": "Bangladesh", "admin0Pcod": "BD", "date": "2015-01-01", "validOn": "2018-04-10", "validTo": null, "Shape_Leng": 0.20038457574, "Shape_Area": 0.00203084545, "name": "Ward No-01" }, "geometry": { "type": "Point", "coordinates": [ 91.862934545067105, 22.348250745585535 ] } },
{ "type": "Feature", "properties": { "rand_point_id": 166, "OBJECTID": 120, "admin4Name": "Ward No-01", "admin4Pcod": "20150601", "admin4RefN": null, "admin4AltN": null, "admin4Al_1": null, "admin3Name": "Bayejid Bostami", "admin3Pcod": "201506", "admin2Name": "Chittagong", "admin2Pcod": "2015", "admin1Name": "Chittagong", "admin1Pcod": "20", "admin0Name": "Bangladesh", "admin0Pcod": "BD", "date": "2015-01-01", "validOn": "2018-04-10", "validTo": null, "Shape_Leng": 0.20038457574, "Shape_Area": 0.00203084545, "name": "Ward No-01" }, "geometry": { "type": "Point", "coordinates": [ 91.793458620995153, 22.275869425800831 ] } },
{ "type": "Feature", "properties": { "rand_point_id": 167, "OBJECTID": 120, "admin4Name": "Ward No-01", "admin4Pcod": "20150601", "admin4RefN": null, "admin4AltN": null, "admin4Al_1": null, "admin3Name": "Bayejid Bostami", "admin3Pcod": "201506", "admin2Name": "Chittagong", "admin2Pcod": "2015", "admin1Name": "Chittagong", "admin1Pcod": "20", "admin0Name": "Bangladesh", "admin0Pcod": "BD", "date": "2015-01-01", "validOn": "2018-04-10", "validTo": null, "Shape_Leng": 0.20038457574, "Shape_Area": 0.00203084545, "name": "Ward No-01" }, "geometry": { "type": "Point", "coordinates": [ 91.786635063676101, 22.29095024601633 ] } },
{ "type": "Feature", "properties": { "rand_point_id": 168, "OBJECTID": 120, "admin4Name": "Ward No-01", "admin4Pcod": "20150601", "admin4RefN": null, "admin4AltN": null, "admin4Al_1": null, "admin3Name": "Bayejid Bostami", "admin3Pcod": "201506", "admin2Name": "Chittagong", "admin2Pcod": "2015", "admin1Name": "Chittagong", "admin1Pcod": "20", "admin0Name": "Bangladesh", "admin0Pcod": "BD", "date": "2015-01-01", "validOn": "2018-04-10", "validTo": null, "Shape_Leng": 0.20038457574, "Shape_Area": 0.00203084545, "name": "Ward No-01" }, "geometry": { "type": "Point", "coordinates": [ 91.861533965535997, 22.347073254759636 ] } },
{ "type": "Feature", "properties": { "rand_point_id": 169, "OBJECTID": 120, "admin4Name": "Ward No-01", "admin4Pcod": "20150601", "admin4RefN": null, "admin4AltN": null, "admin4Al_1": null, "admin3Name": "Bayejid Bostami", "admin3Pcod": "201506", "admin2Name": "Chittagong", "admin2Pcod": "2015", "admin1Name": "Chittagong", "admin1Pcod": "20", "admin0Name": "Bangladesh", "admin0Pcod": "BD", "date": "2015-01-01", "validOn": "2018-04-10", "validTo": null, "Shape_Leng": 0.20038457574, "Shape_Area": 0.00203084545, "name": "Ward No-01" }, "geometry": { "type": "Point", "coordinates": [ 91.760180036224725, 22.356689063676221 ] } },
{ "type": "Feature", "properties": { "rand_point_id": 170, "OBJECTID": 120, "admin4Name": "Ward No-01", "admin4Pcod": "20150601", "admin4RefN": null, "admin4AltN": null, "admin4Al_1": null, "admin3Name": "Bayejid Bostami", "admin3Pcod": "201506", "admin2Name": "Chittagong", "admin2Pcod": "2015", "admin1Name": "Chittagong", "admin1Pcod": "20", "admin0Name": "Bangladesh", "admin0Pcod": "BD", "date": "2015-01-01", "validOn": "2018-04-10", "validTo": null, "Shape_Leng": 0.20038457574, "Shape_Area": 0.00203084545, "name": "Ward No-01" }, "geometry": { "type": "Point", "coordinates": [ 91.857237693591557, 22.361914995257653 ] } },
{ "type": "Feature", "properties": { "rand_point_id": 171, "OBJECTID": 120, "admin4Name": "Ward No-01", "admin4Pcod": "20150601", "admin4RefN": null, "admin4AltN": null, "admin4Al_1": null, "admin3Name": "Bayejid Bostami", "admin3Pcod": "201506", "admin2Name": "Chittagong", "admin2Pcod": "2015", "admin1Name": "Chittagong", "admin1Pcod": "20", "admin0Name": "Bangladesh", "admin0Pcod": "BD", "date": "2015-01-01", "validOn": "2018-04-10", "validTo": null, "Shape_Leng": 0.20038457574, "Shape_Area": 0.00203084545, "name": "Ward No-01" }, "geometry": { "type": "Point", "coordinates": [ 91.769099342842367, 22.345816756770596 ] } },
{ "type": "Feature", "properties": { "rand_point_id": 172, "OBJECTID": 120, "admin4Name": "Ward No-01", "admin4Pcod": "20150601", "admin4RefN": null, "admin4AltN": null, "admin4Al_1": null, "admin3Name": "Bayejid Bostami", "admin3Pcod": "201506", "admin2Name": "Chittagong", "admin2Pcod": "2015", "admin1Name": "Chittagong", "admin1Pcod": "20", "admin0Name": "Bangladesh", "admin0Pcod": "BD", "date": "2015-01-01", "validOn": "2018-04-10", "validTo": null, "Shape_Leng": 0.20038457574, "Shape_Area": 0.00203084545, "name": "Ward No-01" }, "geometry": { "type": "Point", "coordinates": [ 91.8046128340427, 22.386088043068359 ] } },
{ "type": "Feature", "properties": { "rand_point_id": 173, "OBJECTID": 120, "admin4Name": "Ward No-01", "admin4Pcod": "20150601", "admin4RefN": null, "admin4AltN": null, "admin4Al_1": null, "admin3Name": "Bayejid Bostami", "admin3Pcod": "201506", "admin2Name": "Chittagong", "admin2Pcod": "2015", "admin1Name": "Chittagong", "admin1Pcod": "20", "admin0Name": "Bangladesh", "admin0Pcod": "BD", "date": "2015-01-01", "validOn": "2018-04-10", "validTo": null, "Shape_Leng": 0.20038457574, "Shape_Area": 0.00203084545, "name": "Ward No-01" }, "geometry": { "type": "Point", "coordinates": [ 91.859449394703304, 22.373981683936144 ] } },
{ "type": "Feature", "properties": { "rand_point_id": 174, "OBJECTID": 120, "admin4Name": "Ward No-01", "admin4Pcod": "20150601", "admin4RefN": null, "admin4AltN": null, "admin4Al_1": null, "admin3Name": "Bayejid Bostami", "admin3Pcod": "201506", "admin2Name": "Chittagong", "admin2Pcod": "2015", "admin1Name": "Chittagong", "admin1Pcod": "20", "admin0Name": "Bangladesh", "admin0Pcod": "BD", "date": "2015-01-01", "validOn": "2018-04-10", "validTo": null, "Shape_Leng": 0.20038457574, "Shape_Area": 0.00203084545, "name": "Ward No-01" }, "geometry": { "type": "Point", "coordinates": [ 91.866462400081446, 22.345731590891198 ] } },
{ "type": "Feature", "properties": { "rand_point_id": 175, "OBJECTID": 120, "admin4Name": "Ward No-01", "admin4Pcod": "20150601", "admin4RefN": null, "admin4AltN": null, "admin4Al_1": null, "admin3Name": "Bayejid Bostami", "admin3Pcod": "201506", "admin2Name": "Chittagong", "admin2Pcod": "2015", "admin1Name": "Chittagong", "admin1Pcod": "20", "admin0Name": "Bangladesh", "admin0Pcod": "BD", "date": "2015-01-01", "validOn": "2018-04-10", "validTo": null, "Shape_Leng": 0.20038457574, "Shape_Area": 0.00203084545, "name": "Ward No-01" }, "geometry": { "type": "Point", "coordinates": [ 91.813701802059128, 22.389093559073778 ] } },
{ "type": "Feature", "properties": { "rand_point_id": 176, "OBJECTID": 120, "admin4Name": "Ward No-01", "admin4Pcod": "20150601", "admin4RefN": null, "admin4AltN": null, "admin4Al_1": null, "admin3Name": "Bayejid Bostami", "admin3Pcod": "201506", "admin2Name": "Chittagong", "admin2Pcod": "2015", "admin1Name": "Chittagong", "admin1Pcod": "20", "admin0Name": "Bangladesh", "admin0Pcod": "BD", "date": "2015-01-01", "validOn": "2018-04-10", "validTo": null, "Shape_Leng": 0.20038457574, "Shape_Area": 0.00203084545, "name": "Ward No-01" }, "geometry": { "type": "Point", "coordinates": [ 91.879949626951131, 22.423029551989288 ] } },
{ "type": "Feature", "properties": { "rand_point_id": 177, "OBJECTID": 120, "admin4Name": "Ward No-01", "admin4Pcod": "20150601", "admin4RefN": null, "admin4AltN": null, "admin4Al_1": null, "admin3Name": "Bayejid Bostami", "admin3Pcod": "201506", "admin2Name": "Chittagong", "admin2Pcod": "2015", "admin1Name": "Chittagong", "admin1Pcod": "20", "admin0Name": "Bangladesh", "admin0Pcod": "BD", "date": "2015-01-01", "validOn": "2018-04-10", "validTo": null, "Shape_Leng": 0.20038457574, "Shape_Area": 0.00203084545, "name": "Ward No-01" }, "geometry": { "type": "Point", "coordinates": [ 91.832378784077434, 22.407401698787716 ] } },
{ "type": "Feature", "properties": { "rand_point_id": 178, "OBJECTID": 120, "admin4Name": "Ward No-01", "admin4Pcod": "20150601", "admin4RefN": null, "admin4AltN": null, "admin4Al_1": null, "admin3Name": "Bayejid Bostami", "admin3Pcod": "201506", "admin2Name": "Chittagong", "admin2Pcod": "2015", "admin1Name": "Chittagong", "admin1Pcod": "20", "admin0Name": "Bangladesh", "admin0Pcod": "BD", "date": "2015-01-01", "validOn": "2018-04-10", "validTo": null, "Shape_Leng": 0.20038457574, "Shape_Area": 0.00203084545, "name": "Ward No-01" }, "geometry": { "type": "Point", "coordinates": [ 91.845523880249388, 22.350945986651737 ] } },
{ "type": "Feature", "properties": { "rand_point_id": 179, "OBJECTID": 120, "admin4Name": "Ward No-01", "admin4Pcod": "20150601", "admin4RefN": null, "admin4AltN": null, "admin4Al_1": null, "admin3Name": "Bayejid Bostami", "admin3Pcod": "201506", "admin2Name": "Chittagong", "admin2Pcod": "2015", "admin1Name": "Chittagong", "admin1Pcod": "20", "admin0Name": "Bangladesh", "admin0Pcod": "BD", "date": "2015-01-01", "validOn": "2018-04-10", "validTo": null, "Shape_Leng": 0.20038457574, "Shape_Area": 0.00203084545, "name": "Ward No-01" }, "geometry": { "type": "Point", "coordinates": [ 91.796754200168564, 22.386074937711964 ] } },
{ "type": "Feature", "properties": { "rand_point_id": 180, "OBJECTID": 120, "admin4Name": "Ward No-01", "admin4Pcod": "20150601", "admin4RefN": null, "admin4AltN": null, "admin4Al_1": null, "admin3Name": "Bayejid Bostami", "admin3Pcod": "201506", "admin2Name": "Chittagong", "admin2Pcod": "2015", "admin1Name": "Chittagong", "admin1Pcod": "20", "admin0Name": "Bangladesh", "admin0Pcod": "BD", "date": "2015-01-01", "validOn": "2018-04-10", "validTo": null, "Shape_Leng": 0.20038457574, "Shape_Area": 0.00203084545, "name": "Ward No-01" }, "geometry": { "type": "Point", "coordinates": [ 91.844938228664986, 22.382867351725356 ] } },
{ "type": "Feature", "properties": { "rand_point_id": 181, "OBJECTID": 120, "admin4Name": "Ward No-01", "admin4Pcod": "20150601", "admin4RefN": null, "admin4AltN": null, "admin4Al_1": null, "admin3Name": "Bayejid Bostami", "admin3Pcod": "201506", "admin2Name": "Chittagong", "admin2Pcod": "2015", "admin1Name": "Chittagong", "admin1Pcod": "20", "admin0Name": "Bangladesh", "admin0Pcod": "BD", "date": "2015-01-01", "validOn": "2018-04-10", "validTo": null, "Shape_Leng": 0.20038457574, "Shape_Area": 0.00203084545, "name": "Ward No-01" }, "geometry": { "type": "Point", "coordinates": [ 91.810119189646997, 22.35981463014026 ] } },
{ "type": "Feature", "properties": { "rand_point_id": 182, "OBJECTID": 120, "admin4Name": "Ward No-01", "admin4Pcod": "20150601", "admin4RefN": null, "admin4AltN": null, "admin4Al_1": null, "admin3Name": "Bayejid Bostami", "admin3Pcod": "201506", "admin2Name": "Chittagong", "admin2Pcod": "2015", "admin1Name": "Chittagong", "admin1Pcod": "20", "admin0Name": "Bangladesh", "admin0Pcod": "BD", "date": "2015-01-01", "validOn": "2018-04-10", "validTo": null, "Shape_Leng": 0.20038457574, "Shape_Area": 0.00203084545, "name": "Ward No-01" }, "geometry": { "type": "Point", "coordinates": [ 91.802604556428875, 22.234118071488492 ] } },
{ "type": "Feature", "properties": { "rand_point_id": 183, "OBJECTID": 120, "admin4Name": "Ward No-01", "admin4Pcod": "20150601", "admin4RefN": null, "admin4AltN": null, "admin4Al_1": null, "admin3Name": "Bayejid Bostami", "admin3Pcod": "201506", "admin2Name": "Chittagong", "admin2Pcod": "2015", "admin1Name": "Chittagong", "admin1Pcod": "20", "admin0Name": "Bangladesh", "admin0Pcod": "BD", "date": "2015-01-01", "validOn": "2018-04-10", "validTo": null, "Shape_Leng": 0.20038457574, "Shape_Area": 0.00203084545, "name": "Ward No-01" }, "geometry": { "type": "Point", "coordinates": [ 91.808112077451199, 22.413130298061176 ] } },
{ "type": "Feature", "properties": { "rand_point_id": 184, "OBJECTID": 120, "admin4Name": "Ward No-01", "admin4Pcod": "20150601", "admin4RefN": null, "admin4AltN": null, "admin4Al_1": null, "admin3Name": "Bayejid Bostami", "admin3Pcod": "201506", "admin2Name": "Chittagong", "admin2Pcod": "2015", "admin1Name": "Chittagong", "admin1Pcod": "20", "admin0Name": "Bangladesh", "admin0Pcod": "BD", "date": "2015-01-01", "validOn": "2018-04-10", "validTo": null, "Shape_Leng": 0.20038457574, "Shape_Area": 0.00203084545, "name": "Ward No-01" }, "geometry": { "type": "Point", "coordinates": [ 91.786165063049538, 22.423550921040007 ] } },
{ "type": "Feature", "properties": { "rand_point_id": 185, "OBJECTID": 120, "admin4Name": "Ward No-01", "admin4Pcod": "20150601", "admin4RefN": null, "admin4AltN": null, "admin4Al_1": null, "admin3Name": "Bayejid Bostami", "admin3Pcod": "201506", "admin2Name": "Chittagong", "admin2Pcod": "2015", "admin1Name": "Chittagong", "admin1Pcod": "20", "admin0Name": "Bangladesh", "admin0Pcod": "BD", "date": "2015-01-01", "validOn": "2018-04-10", "validTo": null, "Shape_Leng": 0.20038457574, "Shape_Area": 0.00203084545, "name": "Ward No-01" }, "geometry": { "type": "Point", "coordinates": [ 91.800253573476311, 22.26322074115923 ] } },
{ "type": "Feature", "properties": { "rand_point_id": 186, "OBJECTID": 120, "admin4Name": "Ward No-01", "admin4Pcod": "20150601", "admin4RefN": null, "admin4AltN": null, "admin4Al_1": null, "admin3Name": "Bayejid Bostami", "admin3Pcod": "201506", "admin2Name": "Chittagong", "admin2Pcod": "2015", "admin1Name": "Chittagong", "admin1Pcod": "20", "admin0Name": "Bangladesh", "admin0Pcod": "BD", "date": "2015-01-01", "validOn": "2018-04-10", "validTo": null, "Shape_Leng": 0.20038457574, "Shape_Area": 0.00203084545, "name": "Ward No-01" }, "geometry": { "type": "Point", "coordinates": [ 91.794373757455915, 22.373812903514633 ] } },
{ "type": "Feature", "properties": { "rand_point_id": 187, "OBJECTID": 120, "admin4Name": "Ward No-01", "admin4Pcod": "20150601", "admin4RefN": null, "admin4AltN": null, "admin4Al_1": null, "admin3Name": "Bayejid Bostami", "admin3Pcod": "201506", "admin2Name": "Chittagong", "admin2Pcod": "2015", "admin1Name": "Chittagong", "admin1Pcod": "20", "admin0Name": "Bangladesh", "admin0Pcod": "BD", "date": "2015-01-01", "validOn": "2018-04-10", "validTo": null, "Shape_Leng": 0.20038457574, "Shape_Area": 0.00203084545, "name": "Ward No-01" }, "geometry": { "type": "Point", "coordinates": [ 91.843237648848543, 22.333085053025208 ] } },
{ "type": "Feature", "properties": { "rand_point_id": 188, "OBJECTID": 120, "admin4Name": "Ward No-01", "admin4Pcod": "20150601", "admin4RefN": null, "admin4AltN": null, "admin4Al_1": null, "admin3Name": "Bayejid Bostami", "admin3Pcod": "201506", "admin2Name": "Chittagong", "admin2Pcod": "2015", "admin1Name": "Chittagong", "admin1Pcod": "20", "admin0Name": "Bangladesh", "admin0Pcod": "BD", "date": "2015-01-01", "validOn": "2018-04-10", "validTo": null, "Shape_Leng": 0.20038457574, "Shape_Area": 0.00203084545, "name": "Ward No-01" }, "geometry": { "type": "Point", "coordinates": [ 91.832338825160605, 22.326878447201167 ] } },
{ "type": "Feature", "properties": { "rand_point_id": 189, "OBJECTID": 120, "admin4Name": "Ward No-01", "admin4Pcod": "20150601", "admin4RefN": null, "admin4AltN": null, "admin4Al_1": null, "admin3Name": "Bayejid Bostami", "admin3Pcod": "201506", "admin2Name": "Chittagong", "admin2Pcod": "2015", "admin1Name": "Chittagong", "admin1Pcod": "20", "admin0Name": "Bangladesh", "admin0Pcod": "BD", "date": "2015-01-01", "validOn": "2018-04-10", "validTo": null, "Shape_Leng": 0.20038457574, "Shape_Area": 0.00203084545, "name": "Ward No-01" }, "geometry": { "type": "Point", "coordinates": [ 91.789392902857685, 22.447529119828818 ] } },
{ "type": "Feature", "properties": { "rand_point_id": 190, "OBJECTID": 120, "admin4Name": "Ward No-01", "admin4Pcod": "20150601", "admin4RefN": null, "admin4AltN": null, "admin4Al_1": null, "admin3Name": "Bayejid Bostami", "admin3Pcod": "201506", "admin2Name": "Chittagong", "admin2Pcod": "2015", "admin1Name": "Chittagong", "admin1Pcod": "20", "admin0Name": "Bangladesh", "admin0Pcod": "BD", "date": "2015-01-01", "validOn": "2018-04-10", "validTo": null, "Shape_Leng": 0.20038457574, "Shape_Area": 0.00203084545, "name": "Ward No-01" }, "geometry": { "type": "Point", "coordinates": [ 91.80634095923385, 22.422871916332088 ] } },
{ "type": "Feature", "properties": { "rand_point_id": 191, "OBJECTID": 120, "admin4Name": "Ward No-01", "admin4Pcod": "20150601", "admin4RefN": null, "admin4AltN": null, "admin4Al_1": null, "admin3Name": "Bayejid Bostami", "admin3Pcod": "201506", "admin2Name": "Chittagong", "admin2Pcod": "2015", "admin1Name": "Chittagong", "admin1Pcod": "20", "admin0Name": "Bangladesh", "admin0Pcod": "BD", "date": "2015-01-01", "validOn": "2018-04-10", "validTo": null, "Shape_Leng": 0.20038457574, "Shape_Area": 0.00203084545, "name": "Ward No-01" }, "geometry": { "type": "Point", "coordinates": [ 91.769105219457813, 22.332950149073262 ] } },
{ "type": "Feature", "properties": { "rand_point_id": 192, "OBJECTID": 120, "admin4Name": "Ward No-01", "admin4Pcod": "20150601", "admin4RefN": null, "admin4AltN": null, "admin4Al_1": null, "admin3Name": "Bayejid Bostami", "admin3Pcod": "201506", "admin2Name": "Chittagong", "admin2Pcod": "2015", "admin1Name": "Chittagong", "admin1Pcod": "20", "admin0Name": "Bangladesh", "admin0Pcod": "BD", "date": "2015-01-01", "validOn": "2018-04-10", "validTo": null, "Shape_Leng": 0.20038457574, "Shape_Area": 0.00203084545, "name": "Ward No-01" }, "geometry": { "type": "Point", "coordinates": [ 91.790424053580864, 22.256934333143001 ] } },
{ "type": "Feature", "properties": { "rand_point_id": 193, "OBJECTID": 120, "admin4Name": "Ward No-01", "admin4Pcod": "20150601", "admin4RefN": null, "admin4AltN": null, "admin4Al_1": null, "admin3Name": "Bayejid Bostami", "admin3Pcod": "201506", "admin2Name": "Chittagong", "admin2Pcod": "2015", "admin1Name": "Chittagong", "admin1Pcod": "20", "admin0Name": "Bangladesh", "admin0Pcod": "BD", "date": "2015-01-01", "validOn": "2018-04-10", "validTo": null, "Shape_Leng": 0.20038457574, "Shape_Area": 0.00203084545, "name": "Ward No-01" }, "geometry": { "type": "Point", "coordinates": [ 91.831306342599717, 22.410033660509622 ] } },
{ "type": "Feature", "properties": { "rand_point_id": 194, "OBJECTID": 120, "admin4Name": "Ward No-01", "admin4Pcod": "20150601", "admin4RefN": null, "admin4AltN": null, "admin4Al_1": null, "admin3Name": "Bayejid Bostami", "admin3Pcod": "201506", "admin2Name": "Chittagong", "admin2Pcod": "2015", "admin1Name": "Chittagong", "admin1Pcod": "20", "admin0Name": "Bangladesh", "admin0Pcod": "BD", "date": "2015-01-01", "validOn": "2018-04-10", "validTo": null, "Shape_Leng": 0.20038457574, "Shape_Area": 0.00203084545, "name": "Ward No-01" }, "geometry": { "type": "Point", "coordinates": [ 91.7911876600824, 22.266597119203556 ] } },
{ "type": "Feature", "properties": { "rand_point_id": 195, "OBJECTID": 120, "admin4Name": "Ward No-01", "admin4Pcod": "20150601", "admin4RefN": null, "admin4AltN": null, "admin4Al_1": null, "admin3Name": "Bayejid Bostami", "admin3Pcod": "201506", "admin2Name": "Chittagong", "admin2Pcod": "2015", "admin1Name": "Chittagong", "admin1Pcod": "20", "admin0Name": "Bangladesh", "admin0Pcod": "BD", "date": "2015-01-01", "validOn": "2018-04-10", "validTo": null, "Shape_Leng": 0.20038457574, "Shape_Area": 0.00203084545, "name": "Ward No-01" }, "geometry": { "type": "Point", "coordinates": [ 91.766785548596317, 22.3119217266796 ] } },
{ "type": "Feature", "properties": { "rand_point_id": 196, "OBJECTID": 120, "admin4Name": "Ward No-01", "admin4Pcod": "20150601", "admin4RefN": null, "admin4AltN": null, "admin4Al_1": null, "admin3Name": "Bayejid Bostami", "admin3Pcod": "201506", "admin2Name": "Chittagong", "admin2Pcod": "2015", "admin1Name": "Chittagong", "admin1Pcod": "20", "admin0Name": "Bangladesh", "admin0Pcod": "BD", "date": "2015-01-01", "validOn": "2018-04-10", "validTo": null, "Shape_Leng": 0.20038457574, "Shape_Area": 0.00203084545, "name": "Ward No-01" }, "geometry": { "type": "Point", "coordinates": [ 91.816569213790331, 22.269540222459476 ] } },
{ "type": "Feature", "properties": { "rand_point_id": 197, "OBJECTID": 120, "admin4Name": "Ward No-01", "admin4Pcod": "20150601", "admin4RefN": null, "admin4AltN": null, "admin4Al_1": null, "admin3Name": "Bayejid Bostami", "admin3Pcod": "201506", "admin2Name": "Chittagong", "admin2Pcod": "2015", "admin1Name": "Chittagong", "admin1Pcod": "20", "admin0Name": "Bangladesh", "admin0Pcod": "BD", "date": "2015-01-01", "validOn": "2018-04-10", "validTo": null, "Shape_Leng": 0.20038457574, "Shape_Area": 0.00203084545, "name": "Ward No-01" }, "geometry": { "type": "Point", "coordinates": [ 91.792682414369168, 22.295433255143376 ] } },
{ "type": "Feature", "properties": { "rand_point_id": 198, "OBJECTID": 120, "admin4Name": "Ward No-01", "admin4Pcod": "20150601", "admin4RefN": null, "admin4AltN": null, "admin4Al_1": null, "admin3Name": "Bayejid Bostami", "admin3Pcod": "201506", "admin2Name": "Chittagong", "admin2Pcod": "2015", "admin1Name": "Chittagong", "admin1Pcod": "20", "admin0Name": "Bangladesh", "admin0Pcod": "BD", "date": "2015-01-01", "validOn": "2018-04-10", "validTo": null, "Shape_Leng": 0.20038457574, "Shape_Area": 0.00203084545, "name": "Ward No-01" }, "geometry": { "type": "Point", "coordinates": [ 91.775612574637506, 22.305799682659774 ] } },
{ "type": "Feature", "properties": { "rand_point_id": 199, "OBJECTID": 120, "admin4Name": "Ward No-01", "admin4Pcod": "20150601", "admin4RefN": null, "admin4AltN": null, "admin4Al_1": null, "admin3Name": "Bayejid Bostami", "admin3Pcod": "201506", "admin2Name": "Chittagong", "admin2Pcod": "2015", "admin1Name": "Chittagong", "admin1Pcod": "20", "admin0Name": "Bangladesh", "admin0Pcod": "BD", "date": "2015-01-01", "validOn": "2018-04-10", "validTo": null, "Shape_Leng": 0.20038457574, "Shape_Area": 0.00203084545, "name": "Ward No-01" }, "geometry": { "type": "Point", "coordinates": [ 91.815219589205284, 22.39175746340252 ] } },
{ "type": "Feature", "properties": { "rand_point_id": 200, "OBJECTID": 120, "admin4Name": "Ward No-01", "admin4Pcod": "20150601", "admin4RefN": null, "admin4AltN": null, "admin4Al_1": null, "admin3Name": "Bayejid Bostami", "admin3Pcod": "201506", "admin2Name": "Chittagong", "admin2Pcod": "2015", "admin1Name": "Chittagong", "admin1Pcod": "20", "admin0Name": "Bangladesh", "admin0Pcod": "BD", "date": "2015-01-01", "validOn": "2018-04-10", "validTo": null, "Shape_Leng": 0.20038457574, "Shape_Area": 0.00203084545, "name": "Ward No-01" }, "geometry": { "type": "Point", "coordinates": [ 91.796251598390995, 22.40461442439457 ] } },
{ "type": "Feature", "properties": { "rand_point_id": 201, "OBJECTID": 120, "admin4Name": "Ward No-01", "admin4Pcod": "20150601", "admin4RefN": null, "admin4AltN": null, "admin4Al_1": null, "admin3Name": "Bayejid Bostami", "admin3Pcod": "201506", "admin2Name": "Chittagong", "admin2Pcod": "2015", "admin1Name": "Chittagong", "admin1Pcod": "20", "admin0Name": "Bangladesh", "admin0Pcod": "BD", "date": "2015-01-01", "validOn": "2018-04-10", "validTo": null, "Shape_Leng": 0.20038457574, "Shape_Area": 0.00203084545, "name": "Ward No-01" }, "geometry": { "type": "Point", "coordinates": [ 91.865462482425613, 22.355600071728073 ] } },
{ "type": "Feature", "properties": { "rand_point_id": 202, "OBJECTID": 120, "admin4Name": "Ward No-01", "admin4Pcod": "20150601", "admin4RefN": null, "admin4AltN": null, "admin4Al_1": null, "admin3Name": "Bayejid Bostami", "admin3Pcod": "201506", "admin2Name": "Chittagong", "admin2Pcod": "2015", "admin1Name": "Chittagong", "admin1Pcod": "20", "admin0Name": "Bangladesh", "admin0Pcod": "BD", "date": "2015-01-01", "validOn": "2018-04-10", "validTo": null, "Shape_Leng": 0.20038457574, "Shape_Area": 0.00203084545, "name": "Ward No-01" }, "geometry": { "type": "Point", "coordinates": [ 91.792933231954422, 22.418772508915076 ] } },
{ "type": "Feature", "properties": { "rand_point_id": 203, "OBJECTID": 120, "admin4Name": "Ward No-01", "admin4Pcod": "20150601", "admin4RefN": null, "admin4AltN": null, "admin4Al_1": null, "admin3Name": "Bayejid Bostami", "admin3Pcod": "201506", "admin2Name": "Chittagong", "admin2Pcod": "2015", "admin1Name": "Chittagong", "admin1Pcod": "20", "admin0Name": "Bangladesh", "admin0Pcod": "BD", "date": "2015-01-01", "validOn": "2018-04-10", "validTo": null, "Shape_Leng": 0.20038457574, "Shape_Area": 0.00203084545, "name": "Ward No-01" }, "geometry": { "type": "Point", "coordinates": [ 91.785766507051505, 22.267237640398086 ] } },
{ "type": "Feature", "properties": { "rand_point_id": 204, "OBJECTID": 120, "admin4Name": "Ward No-01", "admin4Pcod": "20150601", "admin4RefN": null, "admin4AltN": null, "admin4Al_1": null, "admin3Name": "Bayejid Bostami", "admin3Pcod": "201506", "admin2Name": "Chittagong", "admin2Pcod": "2015", "admin1Name": "Chittagong", "admin1Pcod": "20", "admin0Name": "Bangladesh", "admin0Pcod": "BD", "date": "2015-01-01", "validOn": "2018-04-10", "validTo": null, "Shape_Leng": 0.20038457574, "Shape_Area": 0.00203084545, "name": "Ward No-01" }, "geometry": { "type": "Point", "coordinates": [ 91.787468827765565, 22.277248008658006 ] } },
{ "type": "Feature", "properties": { "rand_point_id": 205, "OBJECTID": 120, "admin4Name": "Ward No-01", "admin4Pcod": "20150601", "admin4RefN": null, "admin4AltN": null, "admin4Al_1": null, "admin3Name": "Bayejid Bostami", "admin3Pcod": "201506", "admin2Name": "Chittagong", "admin2Pcod": "2015", "admin1Name": "Chittagong", "admin1Pcod": "20", "admin0Name": "Bangladesh", "admin0Pcod": "BD", "date": "2015-01-01", "validOn": "2018-04-10", "validTo": null, "Shape_Leng": 0.20038457574, "Shape_Area": 0.00203084545, "name": "Ward No-01" }, "geometry": { "type": "Point", "coordinates": [ 91.773044250168439, 22.351812467724198 ] } },
{ "type": "Feature", "properties": { "rand_point_id": 206, "OBJECTID": 120, "admin4Name": "Ward No-01", "admin4Pcod": "20150601", "admin4RefN": null, "admin4AltN": null, "admin4Al_1": null, "admin3Name": "Bayejid Bostami", "admin3Pcod": "201506", "admin2Name": "Chittagong", "admin2Pcod": "2015", "admin1Name": "Chittagong", "admin1Pcod": "20", "admin0Name": "Bangladesh", "admin0Pcod": "BD", "date": "2015-01-01", "validOn": "2018-04-10", "validTo": null, "Shape_Leng": 0.20038457574, "Shape_Area": 0.00203084545, "name": "Ward No-01" }, "geometry": { "type": "Point", "coordinates": [ 91.786978779390537, 22.260848953012907 ] } },
{ "type": "Feature", "properties": { "rand_point_id": 207, "OBJECTID": 120, "admin4Name": "Ward No-01", "admin4Pcod": "20150601", "admin4RefN": null, "admin4AltN": null, "admin4Al_1": null, "admin3Name": "Bayejid Bostami", "admin3Pcod": "201506", "admin2Name": "Chittagong", "admin2Pcod": "2015", "admin1Name": "Chittagong", "admin1Pcod": "20", "admin0Name": "Bangladesh", "admin0Pcod": "BD", "date": "2015-01-01", "validOn": "2018-04-10", "validTo": null, "Shape_Leng": 0.20038457574, "Shape_Area": 0.00203084545, "name": "Ward No-01" }, "geometry": { "type": "Point", "coordinates": [ 91.807050171706237, 22.262273461926075 ] } },
{ "type": "Feature", "properties": { "rand_point_id": 208, "OBJECTID": 120, "admin4Name": "Ward No-01", "admin4Pcod": "20150601", "admin4RefN": null, "admin4AltN": null, "admin4Al_1": null, "admin3Name": "Bayejid Bostami", "admin3Pcod": "201506", "admin2Name": "Chittagong", "admin2Pcod": "2015", "admin1Name": "Chittagong", "admin1Pcod": "20", "admin0Name": "Bangladesh", "admin0Pcod": "BD", "date": "2015-01-01", "validOn": "2018-04-10", "validTo": null, "Shape_Leng": 0.20038457574, "Shape_Area": 0.00203084545, "name": "Ward No-01" }, "geometry": { "type": "Point", "coordinates": [ 91.869527479309596, 22.364351424108232 ] } },
{ "type": "Feature", "properties": { "rand_point_id": 209, "OBJECTID": 120, "admin4Name": "Ward No-01", "admin4Pcod": "20150601", "admin4RefN": null, "admin4AltN": null, "admin4Al_1": null, "admin3Name": "Bayejid Bostami", "admin3Pcod": "201506", "admin2Name": "Chittagong", "admin2Pcod": "2015", "admin1Name": "Chittagong", "admin1Pcod": "20", "admin0Name": "Bangladesh", "admin0Pcod": "BD", "date": "2015-01-01", "validOn": "2018-04-10", "validTo": null, "Shape_Leng": 0.20038457574, "Shape_Area": 0.00203084545, "name": "Ward No-01" }, "geometry": { "type": "Point", "coordinates": [ 91.866568480964361, 22.387658305445978 ] } },
{ "type": "Feature", "properties": { "rand_point_id": 210, "OBJECTID": 120, "admin4Name": "Ward No-01", "admin4Pcod": "20150601", "admin4RefN": null, "admin4AltN": null, "admin4Al_1": null, "admin3Name": "Bayejid Bostami", "admin3Pcod": "201506", "admin2Name": "Chittagong", "admin2Pcod": "2015", "admin1Name": "Chittagong", "admin1Pcod": "20", "admin0Name": "Bangladesh", "admin0Pcod": "BD", "date": "2015-01-01", "validOn": "2018-04-10", "validTo": null, "Shape_Leng": 0.20038457574, "Shape_Area": 0.00203084545, "name": "Ward No-01" }, "geometry": { "type": "Point", "coordinates": [ 91.806686690639609, 22.256940713130248 ] } },
{ "type": "Feature", "properties": { "rand_point_id": 211, "OBJECTID": 120, "admin4Name": "Ward No-01", "admin4Pcod": "20150601", "admin4RefN": null, "admin4AltN": null, "admin4Al_1": null, "admin3Name": "Bayejid Bostami", "admin3Pcod": "201506", "admin2Name": "Chittagong", "admin2Pcod": "2015", "admin1Name": "Chittagong", "admin1Pcod": "20", "admin0Name": "Bangladesh", "admin0Pcod": "BD", "date": "2015-01-01", "validOn": "2018-04-10", "validTo": null, "Shape_Leng": 0.20038457574, "Shape_Area": 0.00203084545, "name": "Ward No-01" }, "geometry": { "type": "Point", "coordinates": [ 91.782284263202058, 22.377186283612009 ] } },
{ "type": "Feature", "properties": { "rand_point_id": 212, "OBJECTID": 120, "admin4Name": "Ward No-01", "admin4Pcod": "20150601", "admin4RefN": null, "admin4AltN": null, "admin4Al_1": null, "admin3Name": "Bayejid Bostami", "admin3Pcod": "201506", "admin2Name": "Chittagong", "admin2Pcod": "2015", "admin1Name": "Chittagong", "admin1Pcod": "20", "admin0Name": "Bangladesh", "admin0Pcod": "BD", "date": "2015-01-01", "validOn": "2018-04-10", "validTo": null, "Shape_Leng": 0.20038457574, "Shape_Area": 0.00203084545, "name": "Ward No-01" }, "geometry": { "type": "Point", "coordinates": [ 91.87497373040506, 22.402051349197507 ] } },
{ "type": "Feature", "properties": { "rand_point_id": 213, "OBJECTID": 120, "admin4Name": "Ward No-01", "admin4Pcod": "20150601", "admin4RefN": null, "admin4AltN": null, "admin4Al_1": null, "admin3Name": "Bayejid Bostami", "admin3Pcod": "201506", "admin2Name": "Chittagong", "admin2Pcod": "2015", "admin1Name": "Chittagong", "admin1Pcod": "20", "admin0Name": "Bangladesh", "admin0Pcod": "BD", "date": "2015-01-01", "validOn": "2018-04-10", "validTo": null, "Shape_Leng": 0.20038457574, "Shape_Area": 0.00203084545, "name": "Ward No-01" }, "geometry": { "type": "Point", "coordinates": [ 91.818362515965362, 22.37581689602677 ] } },
{ "type": "Feature", "properties": { "rand_point_id": 214, "OBJECTID": 120, "admin4Name": "Ward No-01", "admin4Pcod": "20150601", "admin4RefN": null, "admin4AltN": null, "admin4Al_1": null, "admin3Name": "Bayejid Bostami", "admin3Pcod": "201506", "admin2Name": "Chittagong", "admin2Pcod": "2015", "admin1Name": "Chittagong", "admin1Pcod": "20", "admin0Name": "Bangladesh", "admin0Pcod": "BD", "date": "2015-01-01", "validOn": "2018-04-10", "validTo": null, "Shape_Leng": 0.20038457574, "Shape_Area": 0.00203084545, "name": "Ward No-01" }, "geometry": { "type": "Point", "coordinates": [ 91.805569385537169, 22.257043394006125 ] } },
{ "type": "Feature", "properties": { "rand_point_id": 215, "OBJECTID": 120, "admin4Name": "Ward No-01", "admin4Pcod": "20150601", "admin4RefN": null, "admin4AltN": null, "admin4Al_1": null, "admin3Name": "Bayejid Bostami", "admin3Pcod": "201506", "admin2Name": "Chittagong", "admin2Pcod": "2015", "admin1Name": "Chittagong", "admin1Pcod": "20", "admin0Name": "Bangladesh", "admin0Pcod": "BD", "date": "2015-01-01", "validOn": "2018-04-10", "validTo": null, "Shape_Leng": 0.20038457574, "Shape_Area": 0.00203084545, "name": "Ward No-01" }, "geometry": { "type": "Point", "coordinates": [ 91.820517092344602, 22.246470773694309 ] } },
{ "type": "Feature", "properties": { "rand_point_id": 216, "OBJECTID": 120, "admin4Name": "Ward No-01", "admin4Pcod": "20150601", "admin4RefN": null, "admin4AltN": null, "admin4Al_1": null, "admin3Name": "Bayejid Bostami", "admin3Pcod": "201506", "admin2Name": "Chittagong", "admin2Pcod": "2015", "admin1Name": "Chittagong", "admin1Pcod": "20", "admin0Name": "Bangladesh", "admin0Pcod": "BD", "date": "2015-01-01", "validOn": "2018-04-10", "validTo": null, "Shape_Leng": 0.20038457574, "Shape_Area": 0.00203084545, "name": "Ward No-01" }, "geometry": { "type": "Point", "coordinates": [ 91.768253823914407, 22.349465112684516 ] } },
{ "type": "Feature", "properties": { "rand_point_id": 217, "OBJECTID": 120, "admin4Name": "Ward No-01", "admin4Pcod": "20150601", "admin4RefN": null, "admin4AltN": null, "admin4Al_1": null, "admin3Name": "Bayejid Bostami", "admin3Pcod": "201506", "admin2Name": "Chittagong", "admin2Pcod": "2015", "admin1Name": "Chittagong", "admin1Pcod": "20", "admin0Name": "Bangladesh", "admin0Pcod": "BD", "date": "2015-01-01", "validOn": "2018-04-10", "validTo": null, "Shape_Leng": 0.20038457574, "Shape_Area": 0.00203084545, "name": "Ward No-01" }, "geometry": { "type": "Point", "coordinates": [ 91.79754602139127, 22.370064223533447 ] } },
{ "type": "Feature", "properties": { "rand_point_id": 218, "OBJECTID": 120, "admin4Name": "Ward No-01", "admin4Pcod": "20150601", "admin4RefN": null, "admin4AltN": null, "admin4Al_1": null, "admin3Name": "Bayejid Bostami", "admin3Pcod": "201506", "admin2Name": "Chittagong", "admin2Pcod": "2015", "admin1Name": "Chittagong", "admin1Pcod": "20", "admin0Name": "Bangladesh", "admin0Pcod": "BD", "date": "2015-01-01", "validOn": "2018-04-10", "validTo": null, "Shape_Leng": 0.20038457574, "Shape_Area": 0.00203084545, "name": "Ward No-01" }, "geometry": { "type": "Point", "coordinates": [ 91.792911063966088, 22.34677229103405 ] } },
{ "type": "Feature", "properties": { "rand_point_id": 219, "OBJECTID": 120, "admin4Name": "Ward No-01", "admin4Pcod": "20150601", "admin4RefN": null, "admin4AltN": null, "admin4Al_1": null, "admin3Name": "Bayejid Bostami", "admin3Pcod": "201506", "admin2Name": "Chittagong", "admin2Pcod": "2015", "admin1Name": "Chittagong", "admin1Pcod": "20", "admin0Name": "Bangladesh", "admin0Pcod": "BD", "date": "2015-01-01", "validOn": "2018-04-10", "validTo": null, "Shape_Leng": 0.20038457574, "Shape_Area": 0.00203084545, "name": "Ward No-01" }, "geometry": { "type": "Point", "coordinates": [ 91.810023600371835, 22.417959470167784 ] } },
{ "type": "Feature", "properties": { "rand_point_id": 220, "OBJECTID": 120, "admin4Name": "Ward No-01", "admin4Pcod": "20150601", "admin4RefN": null, "admin4AltN": null, "admin4Al_1": null, "admin3Name": "Bayejid Bostami", "admin3Pcod": "201506", "admin2Name": "Chittagong", "admin2Pcod": "2015", "admin1Name": "Chittagong", "admin1Pcod": "20", "admin0Name": "Bangladesh", "admin0Pcod": "BD", "date": "2015-01-01", "validOn": "2018-04-10", "validTo": null, "Shape_Leng": 0.20038457574, "Shape_Area": 0.00203084545, "name": "Ward No-01" }, "geometry": { "type": "Point", "coordinates": [ 91.788976076247764, 22.352853574012435 ] } },
{ "type": "Feature", "properties": { "rand_point_id": 221, "OBJECTID": 120, "admin4Name": "Ward No-01", "admin4Pcod": "20150601", "admin4RefN": null, "admin4AltN": null, "admin4Al_1": null, "admin3Name": "Bayejid Bostami", "admin3Pcod": "201506", "admin2Name": "Chittagong", "admin2Pcod": "2015", "admin1Name": "Chittagong", "admin1Pcod": "20", "admin0Name": "Bangladesh", "admin0Pcod": "BD", "date": "2015-01-01", "validOn": "2018-04-10", "validTo": null, "Shape_Leng": 0.20038457574, "Shape_Area": 0.00203084545, "name": "Ward No-01" }, "geometry": { "type": "Point", "coordinates": [ 91.853464061849053, 22.369149101260046 ] } },
{ "type": "Feature", "properties": { "rand_point_id": 222, "OBJECTID": 120, "admin4Name": "Ward No-01", "admin4Pcod": "20150601", "admin4RefN": null, "admin4AltN": null, "admin4Al_1": null, "admin3Name": "Bayejid Bostami", "admin3Pcod": "201506", "admin2Name": "Chittagong", "admin2Pcod": "2015", "admin1Name": "Chittagong", "admin1Pcod": "20", "admin0Name": "Bangladesh", "admin0Pcod": "BD", "date": "2015-01-01", "validOn": "2018-04-10", "validTo": null, "Shape_Leng": 0.20038457574, "Shape_Area": 0.00203084545, "name": "Ward No-01" }, "geometry": { "type": "Point", "coordinates": [ 91.81756498765624, 22.365467019249223 ] } },
{ "type": "Feature", "properties": { "rand_point_id": 223, "OBJECTID": 120, "admin4Name": "Ward No-01", "admin4Pcod": "20150601", "admin4RefN": null, "admin4AltN": null, "admin4Al_1": null, "admin3Name": "Bayejid Bostami", "admin3Pcod": "201506", "admin2Name": "Chittagong", "admin2Pcod": "2015", "admin1Name": "Chittagong", "admin1Pcod": "20", "admin0Name": "Bangladesh", "admin0Pcod": "BD", "date": "2015-01-01", "validOn": "2018-04-10", "validTo": null, "Shape_Leng": 0.20038457574, "Shape_Area": 0.00203084545, "name": "Ward No-01" }, "geometry": { "type": "Point", "coordinates": [ 91.799881200545343, 22.385808646475049 ] } },
{ "type": "Feature", "properties": { "rand_point_id": 224, "OBJECTID": 120, "admin4Name": "Ward No-01", "admin4Pcod": "20150601", "admin4RefN": null, "admin4AltN": null, "admin4Al_1": null, "admin3Name": "Bayejid Bostami", "admin3Pcod": "201506", "admin2Name": "Chittagong", "admin2Pcod": "2015", "admin1Name": "Chittagong", "admin1Pcod": "20", "admin0Name": "Bangladesh", "admin0Pcod": "BD", "date": "2015-01-01", "validOn": "2018-04-10", "validTo": null, "Shape_Leng": 0.20038457574, "Shape_Area": 0.00203084545, "name": "Ward No-01" }, "geometry": { "type": "Point", "coordinates": [ 91.784619257645588, 22.282826445593695 ] } },
{ "type": "Feature", "properties": { "rand_point_id": 225, "OBJECTID": 120, "admin4Name": "Ward No-01", "admin4Pcod": "20150601", "admin4RefN": null, "admin4AltN": null, "admin4Al_1": null, "admin3Name": "Bayejid Bostami", "admin3Pcod": "201506", "admin2Name": "Chittagong", "admin2Pcod": "2015", "admin1Name": "Chittagong", "admin1Pcod": "20", "admin0Name": "Bangladesh", "admin0Pcod": "BD", "date": "2015-01-01", "validOn": "2018-04-10", "validTo": null, "Shape_Leng": 0.20038457574, "Shape_Area": 0.00203084545, "name": "Ward No-01" }, "geometry": { "type": "Point", "coordinates": [ 91.815061426879765, 22.458345187810803 ] } },
{ "type": "Feature", "properties": { "rand_point_id": 226, "OBJECTID": 120, "admin4Name": "Ward No-01", "admin4Pcod": "20150601", "admin4RefN": null, "admin4AltN": null, "admin4Al_1": null, "admin3Name": "Bayejid Bostami", "admin3Pcod": "201506", "admin2Name": "Chittagong", "admin2Pcod": "2015", "admin1Name": "Chittagong", "admin1Pcod": "20", "admin0Name": "Bangladesh", "admin0Pcod": "BD", "date": "2015-01-01", "validOn": "2018-04-10", "validTo": null, "Shape_Leng": 0.20038457574, "Shape_Area": 0.00203084545, "name": "Ward No-01" }, "geometry": { "type": "Point", "coordinates": [ 91.852581086294961, 22.372946223810889 ] } },
{ "type": "Feature", "properties": { "rand_point_id": 227, "OBJECTID": 120, "admin4Name": "Ward No-01", "admin4Pcod": "20150601", "admin4RefN": null, "admin4AltN": null, "admin4Al_1": null, "admin3Name": "Bayejid Bostami", "admin3Pcod": "201506", "admin2Name": "Chittagong", "admin2Pcod": "2015", "admin1Name": "Chittagong", "admin1Pcod": "20", "admin0Name": "Bangladesh", "admin0Pcod": "BD", "date": "2015-01-01", "validOn": "2018-04-10", "validTo": null, "Shape_Leng": 0.20038457574, "Shape_Area": 0.00203084545, "name": "Ward No-01" }, "geometry": { "type": "Point", "coordinates": [ 91.843044763853143, 22.327862290211083 ] } },
{ "type": "Feature", "properties": { "rand_point_id": 228, "OBJECTID": 120, "admin4Name": "Ward No-01", "admin4Pcod": "20150601", "admin4RefN": null, "admin4AltN": null, "admin4Al_1": null, "admin3Name": "Bayejid Bostami", "admin3Pcod": "201506", "admin2Name": "Chittagong", "admin2Pcod": "2015", "admin1Name": "Chittagong", "admin1Pcod": "20", "admin0Name": "Bangladesh", "admin0Pcod": "BD", "date": "2015-01-01", "validOn": "2018-04-10", "validTo": null, "Shape_Leng": 0.20038457574, "Shape_Area": 0.00203084545, "name": "Ward No-01" }, "geometry": { "type": "Point", "coordinates": [ 91.79370351468809, 22.455659566194353 ] } },
{ "type": "Feature", "properties": { "rand_point_id": 229, "OBJECTID": 120, "admin4Name": "Ward No-01", "admin4Pcod": "20150601", "admin4RefN": null, "admin4AltN": null, "admin4Al_1": null, "admin3Name": "Bayejid Bostami", "admin3Pcod": "201506", "admin2Name": "Chittagong", "admin2Pcod": "2015", "admin1Name": "Chittagong", "admin1Pcod": "20", "admin0Name": "Bangladesh", "admin0Pcod": "BD", "date": "2015-01-01", "validOn": "2018-04-10", "validTo": null, "Shape_Leng": 0.20038457574, "Shape_Area": 0.00203084545, "name": "Ward No-01" }, "geometry": { "type": "Point", "coordinates": [ 91.820268812757817, 22.439677462525683 ] } },
{ "type": "Feature", "properties": { "rand_point_id": 230, "OBJECTID": 120, "admin4Name": "Ward No-01", "admin4Pcod": "20150601", "admin4RefN": null, "admin4AltN": null, "admin4Al_1": null, "admin3Name": "Bayejid Bostami", "admin3Pcod": "201506", "admin2Name": "Chittagong", "admin2Pcod": "2015", "admin1Name": "Chittagong", "admin1Pcod": "20", "admin0Name": "Bangladesh", "admin0Pcod": "BD", "date": "2015-01-01", "validOn": "2018-04-10", "validTo": null, "Shape_Leng": 0.20038457574, "Shape_Area": 0.00203084545, "name": "Ward No-01" }, "geometry": { "type": "Point", "coordinates": [ 91.817414173200589, 22.362213856881471 ] } },
{ "type": "Feature", "properties": { "rand_point_id": 231, "OBJECTID": 120, "admin4Name": "Ward No-01", "admin4Pcod": "20150601", "admin4RefN": null, "admin4AltN": null, "admin4Al_1": null, "admin3Name": "Bayejid Bostami", "admin3Pcod": "201506", "admin2Name": "Chittagong", "admin2Pcod": "2015", "admin1Name": "Chittagong", "admin1Pcod": "20", "admin0Name": "Bangladesh", "admin0Pcod": "BD", "date": "2015-01-01", "validOn": "2018-04-10", "validTo": null, "Shape_Leng": 0.20038457574, "Shape_Area": 0.00203084545, "name": "Ward No-01" }, "geometry": { "type": "Point", "coordinates": [ 91.843094997807469, 22.368881932203902 ] } },
{ "type": "Feature", "properties": { "rand_point_id": 232, "OBJECTID": 120, "admin4Name": "Ward No-01", "admin4Pcod": "20150601", "admin4RefN": null, "admin4AltN": null, "admin4Al_1": null, "admin3Name": "Bayejid Bostami", "admin3Pcod": "201506", "admin2Name": "Chittagong", "admin2Pcod": "2015", "admin1Name": "Chittagong", "admin1Pcod": "20", "admin0Name": "Bangladesh", "admin0Pcod": "BD", "date": "2015-01-01", "validOn": "2018-04-10", "validTo": null, "Shape_Leng": 0.20038457574, "Shape_Area": 0.00203084545, "name": "Ward No-01" }, "geometry": { "type": "Point", "coordinates": [ 91.789321456442693, 22.302218062846961 ] } },
{ "type": "Feature", "properties": { "rand_point_id": 233, "OBJECTID": 120, "admin4Name": "Ward No-01", "admin4Pcod": "20150601", "admin4RefN": null, "admin4AltN": null, "admin4Al_1": null, "admin3Name": "Bayejid Bostami", "admin3Pcod": "201506", "admin2Name": "Chittagong", "admin2Pcod": "2015", "admin1Name": "Chittagong", "admin1Pcod": "20", "admin0Name": "Bangladesh", "admin0Pcod": "BD", "date": "2015-01-01", "validOn": "2018-04-10", "validTo": null, "Shape_Leng": 0.20038457574, "Shape_Area": 0.00203084545, "name": "Ward No-01" }, "geometry": { "type": "Point", "coordinates": [ 91.804361710465983, 22.452249066192159 ] } },
{ "type": "Feature", "properties": { "rand_point_id": 234, "OBJECTID": 120, "admin4Name": "Ward No-01", "admin4Pcod": "20150601", "admin4RefN": null, "admin4AltN": null, "admin4Al_1": null, "admin3Name": "Bayejid Bostami", "admin3Pcod": "201506", "admin2Name": "Chittagong", "admin2Pcod": "2015", "admin1Name": "Chittagong", "admin1Pcod": "20", "admin0Name": "Bangladesh", "admin0Pcod": "BD", "date": "2015-01-01", "validOn": "2018-04-10", "validTo": null, "Shape_Leng": 0.20038457574, "Shape_Area": 0.00203084545, "name": "Ward No-01" }, "geometry": { "type": "Point", "coordinates": [ 91.783378292757533, 22.328245134284209 ] } },
{ "type": "Feature", "properties": { "rand_point_id": 235, "OBJECTID": 120, "admin4Name": "Ward No-01", "admin4Pcod": "20150601", "admin4RefN": null, "admin4AltN": null, "admin4Al_1": null, "admin3Name": "Bayejid Bostami", "admin3Pcod": "201506", "admin2Name": "Chittagong", "admin2Pcod": "2015", "admin1Name": "Chittagong", "admin1Pcod": "20", "admin0Name": "Bangladesh", "admin0Pcod": "BD", "date": "2015-01-01", "validOn": "2018-04-10", "validTo": null, "Shape_Leng": 0.20038457574, "Shape_Area": 0.00203084545, "name": "Ward No-01" }, "geometry": { "type": "Point", "coordinates": [ 91.823979333649831, 22.332511498058256 ] } },
{ "type": "Feature", "properties": { "rand_point_id": 236, "OBJECTID": 120, "admin4Name": "Ward No-01", "admin4Pcod": "20150601", "admin4RefN": null, "admin4AltN": null, "admin4Al_1": null, "admin3Name": "Bayejid Bostami", "admin3Pcod": "201506", "admin2Name": "Chittagong", "admin2Pcod": "2015", "admin1Name": "Chittagong", "admin1Pcod": "20", "admin0Name": "Bangladesh", "admin0Pcod": "BD", "date": "2015-01-01", "validOn": "2018-04-10", "validTo": null, "Shape_Leng": 0.20038457574, "Shape_Area": 0.00203084545, "name": "Ward No-01" }, "geometry": { "type": "Point", "coordinates": [ 91.794662067381509, 22.284812985707358 ] } },
{ "type": "Feature", "properties": { "rand_point_id": 237, "OBJECTID": 120, "admin4Name": "Ward No-01", "admin4Pcod": "20150601", "admin4RefN": null, "admin4AltN": null, "admin4Al_1": null, "admin3Name": "Bayejid Bostami", "admin3Pcod": "201506", "admin2Name": "Chittagong", "admin2Pcod": "2015", "admin1Name": "Chittagong", "admin1Pcod": "20", "admin0Name": "Bangladesh", "admin0Pcod": "BD", "date": "2015-01-01", "validOn": "2018-04-10", "validTo": null, "Shape_Leng": 0.20038457574, "Shape_Area": 0.00203084545, "name": "Ward No-01" }, "geometry": { "type": "Point", "coordinates": [ 91.812688448766338, 22.356593815348415 ] } },
{ "type": "Feature", "properties": { "rand_point_id": 238, "OBJECTID": 120, "admin4Name": "Ward No-01", "admin4Pcod": "20150601", "admin4RefN": null, "admin4AltN": null, "admin4Al_1": null, "admin3Name": "Bayejid Bostami", "admin3Pcod": "201506", "admin2Name": "Chittagong", "admin2Pcod": "2015", "admin1Name": "Chittagong", "admin1Pcod": "20", "admin0Name": "Bangladesh", "admin0Pcod": "BD", "date": "2015-01-01", "validOn": "2018-04-10", "validTo": null, "Shape_Leng": 0.20038457574, "Shape_Area": 0.00203084545, "name": "Ward No-01" }, "geometry": { "type": "Point", "coordinates": [ 91.806085074299503, 22.254841481372715 ] } },
{ "type": "Feature", "properties": { "rand_point_id": 239, "OBJECTID": 120, "admin4Name": "Ward No-01", "admin4Pcod": "20150601", "admin4RefN": null, "admin4AltN": null, "admin4Al_1": null, "admin3Name": "Bayejid Bostami", "admin3Pcod": "201506", "admin2Name": "Chittagong", "admin2Pcod": "2015", "admin1Name": "Chittagong", "admin1Pcod": "20", "admin0Name": "Bangladesh", "admin0Pcod": "BD", "date": "2015-01-01", "validOn": "2018-04-10", "validTo": null, "Shape_Leng": 0.20038457574, "Shape_Area": 0.00203084545, "name": "Ward No-01" }, "geometry": { "type": "Point", "coordinates": [ 91.799726671793408, 22.400771686872805 ] } },
{ "type": "Feature", "properties": { "rand_point_id": 240, "OBJECTID": 120, "admin4Name": "Ward No-01", "admin4Pcod": "20150601", "admin4RefN": null, "admin4AltN": null, "admin4Al_1": null, "admin3Name": "Bayejid Bostami", "admin3Pcod": "201506", "admin2Name": "Chittagong", "admin2Pcod": "2015", "admin1Name": "Chittagong", "admin1Pcod": "20", "admin0Name": "Bangladesh", "admin0Pcod": "BD", "date": "2015-01-01", "validOn": "2018-04-10", "validTo": null, "Shape_Leng": 0.20038457574, "Shape_Area": 0.00203084545, "name": "Ward No-01" }, "geometry": { "type": "Point", "coordinates": [ 91.783599406299302, 22.326856416168962 ] } },
{ "type": "Feature", "properties": { "rand_point_id": 241, "OBJECTID": 120, "admin4Name": "Ward No-01", "admin4Pcod": "20150601", "admin4RefN": null, "admin4AltN": null, "admin4Al_1": null, "admin3Name": "Bayejid Bostami", "admin3Pcod": "201506", "admin2Name": "Chittagong", "admin2Pcod": "2015", "admin1Name": "Chittagong", "admin1Pcod": "20", "admin0Name": "Bangladesh", "admin0Pcod": "BD", "date": "2015-01-01", "validOn": "2018-04-10", "validTo": null, "Shape_Leng": 0.20038457574, "Shape_Area": 0.00203084545, "name": "Ward No-01" }, "geometry": { "type": "Point", "coordinates": [ 91.789260030491562, 22.421528296214824 ] } },
{ "type": "Feature", "properties": { "rand_point_id": 242, "OBJECTID": 120, "admin4Name": "Ward No-01", "admin4Pcod": "20150601", "admin4RefN": null, "admin4AltN": null, "admin4Al_1": null, "admin3Name": "Bayejid Bostami", "admin3Pcod": "201506", "admin2Name": "Chittagong", "admin2Pcod": "2015", "admin1Name": "Chittagong", "admin1Pcod": "20", "admin0Name": "Bangladesh", "admin0Pcod": "BD", "date": "2015-01-01", "validOn": "2018-04-10", "validTo": null, "Shape_Leng": 0.20038457574, "Shape_Area": 0.00203084545, "name": "Ward No-01" }, "geometry": { "type": "Point", "coordinates": [ 91.808122910115429, 22.398185535858421 ] } },
{ "type": "Feature", "properties": { "rand_point_id": 243, "OBJECTID": 120, "admin4Name": "Ward No-01", "admin4Pcod": "20150601", "admin4RefN": null, "admin4AltN": null, "admin4Al_1": null, "admin3Name": "Bayejid Bostami", "admin3Pcod": "201506", "admin2Name": "Chittagong", "admin2Pcod": "2015", "admin1Name": "Chittagong", "admin1Pcod": "20", "admin0Name": "Bangladesh", "admin0Pcod": "BD", "date": "2015-01-01", "validOn": "2018-04-10", "validTo": null, "Shape_Leng": 0.20038457574, "Shape_Area": 0.00203084545, "name": "Ward No-01" }, "geometry": { "type": "Point", "coordinates": [ 91.752342411437951, 22.360074442141311 ] } },
{ "type": "Feature", "properties": { "rand_point_id": 244, "OBJECTID": 120, "admin4Name": "Ward No-01", "admin4Pcod": "20150601", "admin4RefN": null, "admin4AltN": null, "admin4Al_1": null, "admin3Name": "Bayejid Bostami", "admin3Pcod": "201506", "admin2Name": "Chittagong", "admin2Pcod": "2015", "admin1Name": "Chittagong", "admin1Pcod": "20", "admin0Name": "Bangladesh", "admin0Pcod": "BD", "date": "2015-01-01", "validOn": "2018-04-10", "validTo": null, "Shape_Leng": 0.20038457574, "Shape_Area": 0.00203084545, "name": "Ward No-01" }, "geometry": { "type": "Point", "coordinates": [ 91.794432759431288, 22.388918603840217 ] } },
{ "type": "Feature", "properties": { "rand_point_id": 245, "OBJECTID": 120, "admin4Name": "Ward No-01", "admin4Pcod": "20150601", "admin4RefN": null, "admin4AltN": null, "admin4Al_1": null, "admin3Name": "Bayejid Bostami", "admin3Pcod": "201506", "admin2Name": "Chittagong", "admin2Pcod": "2015", "admin1Name": "Chittagong", "admin1Pcod": "20", "admin0Name": "Bangladesh", "admin0Pcod": "BD", "date": "2015-01-01", "validOn": "2018-04-10", "validTo": null, "Shape_Leng": 0.20038457574, "Shape_Area": 0.00203084545, "name": "Ward No-01" }, "geometry": { "type": "Point", "coordinates": [ 91.85869730211671, 22.375498177708604 ] } },
{ "type": "Feature", "properties": { "rand_point_id": 246, "OBJECTID": 120, "admin4Name": "Ward No-01", "admin4Pcod": "20150601", "admin4RefN": null, "admin4AltN": null, "admin4Al_1": null, "admin3Name": "Bayejid Bostami", "admin3Pcod": "201506", "admin2Name": "Chittagong", "admin2Pcod": "2015", "admin1Name": "Chittagong", "admin1Pcod": "20", "admin0Name": "Bangladesh", "admin0Pcod": "BD", "date": "2015-01-01", "validOn": "2018-04-10", "validTo": null, "Shape_Leng": 0.20038457574, "Shape_Area": 0.00203084545, "name": "Ward No-01" }, "geometry": { "type": "Point", "coordinates": [ 91.868692076683132, 22.375266182629623 ] } },
{ "type": "Feature", "properties": { "rand_point_id": 247, "OBJECTID": 120, "admin4Name": "Ward No-01", "admin4Pcod": "20150601", "admin4RefN": null, "admin4AltN": null, "admin4Al_1": null, "admin3Name": "Bayejid Bostami", "admin3Pcod": "201506", "admin2Name": "Chittagong", "admin2Pcod": "2015", "admin1Name": "Chittagong", "admin1Pcod": "20", "admin0Name": "Bangladesh", "admin0Pcod": "BD", "date": "2015-01-01", "validOn": "2018-04-10", "validTo": null, "Shape_Leng": 0.20038457574, "Shape_Area": 0.00203084545, "name": "Ward No-01" }, "geometry": { "type": "Point", "coordinates": [ 91.849994826366967, 22.394088258451621 ] } },
{ "type": "Feature", "properties": { "rand_point_id": 248, "OBJECTID": 120, "admin4Name": "Ward No-01", "admin4Pcod": "20150601", "admin4RefN": null, "admin4AltN": null, "admin4Al_1": null, "admin3Name": "Bayejid Bostami", "admin3Pcod": "201506", "admin2Name": "Chittagong", "admin2Pcod": "2015", "admin1Name": "Chittagong", "admin1Pcod": "20", "admin0Name": "Bangladesh", "admin0Pcod": "BD", "date": "2015-01-01", "validOn": "2018-04-10", "validTo": null, "Shape_Leng": 0.20038457574, "Shape_Area": 0.00203084545, "name": "Ward No-01" }, "geometry": { "type": "Point", "coordinates": [ 91.808540688754107, 22.363163911759262 ] } },
{ "type": "Feature", "properties": { "rand_point_id": 249, "OBJECTID": 120, "admin4Name": "Ward No-01", "admin4Pcod": "20150601", "admin4RefN": null, "admin4AltN": null, "admin4Al_1": null, "admin3Name": "Bayejid Bostami", "admin3Pcod": "201506", "admin2Name": "Chittagong", "admin2Pcod": "2015", "admin1Name": "Chittagong", "admin1Pcod": "20", "admin0Name": "Bangladesh", "admin0Pcod": "BD", "date": "2015-01-01", "validOn": "2018-04-10", "validTo": null, "Shape_Leng": 0.20038457574, "Shape_Area": 0.00203084545, "name": "Ward No-01" }, "geometry": { "type": "Point", "coordinates": [ 91.778655452353618, 22.346362911313179 ] } },
{ "type": "Feature", "properties": { "rand_point_id": 250, "OBJECTID": 120, "admin4Name": "Ward No-01", "admin4Pcod": "20150601", "admin4RefN": null, "admin4AltN": null, "admin4Al_1": null, "admin3Name": "Bayejid Bostami", "admin3Pcod": "201506", "admin2Name": "Chittagong", "admin2Pcod": "2015", "admin1Name": "Chittagong", "admin1Pcod": "20", "admin0Name": "Bangladesh", "admin0Pcod": "BD", "date": "2015-01-01", "validOn": "2018-04-10", "validTo": null, "Shape_Leng": 0.20038457574, "Shape_Area": 0.00203084545, "name": "Ward No-01" }, "geometry": { "type": "Point", "coordinates": [ 91.824867517682748, 22.356888370684121 ] } },
{ "type": "Feature", "properties": { "rand_point_id": 251, "OBJECTID": 120, "admin4Name": "Ward No-01", "admin4Pcod": "20150601", "admin4RefN": null, "admin4AltN": null, "admin4Al_1": null, "admin3Name": "Bayejid Bostami", "admin3Pcod": "201506", "admin2Name": "Chittagong", "admin2Pcod": "2015", "admin1Name": "Chittagong", "admin1Pcod": "20", "admin0Name": "Bangladesh", "admin0Pcod": "BD", "date": "2015-01-01", "validOn": "2018-04-10", "validTo": null, "Shape_Leng": 0.20038457574, "Shape_Area": 0.00203084545, "name": "Ward No-01" }, "geometry": { "type": "Point", "coordinates": [ 91.82105019777002, 22.339428321304112 ] } },
{ "type": "Feature", "properties": { "rand_point_id": 252, "OBJECTID": 120, "admin4Name": "Ward No-01", "admin4Pcod": "20150601", "admin4RefN": null, "admin4AltN": null, "admin4Al_1": null, "admin3Name": "Bayejid Bostami", "admin3Pcod": "201506", "admin2Name": "Chittagong", "admin2Pcod": "2015", "admin1Name": "Chittagong", "admin1Pcod": "20", "admin0Name": "Bangladesh", "admin0Pcod": "BD", "date": "2015-01-01", "validOn": "2018-04-10", "validTo": null, "Shape_Leng": 0.20038457574, "Shape_Area": 0.00203084545, "name": "Ward No-01" }, "geometry": { "type": "Point", "coordinates": [ 91.826031322464956, 22.249571911582152 ] } },
{ "type": "Feature", "properties": { "rand_point_id": 253, "OBJECTID": 120, "admin4Name": "Ward No-01", "admin4Pcod": "20150601", "admin4RefN": null, "admin4AltN": null, "admin4Al_1": null, "admin3Name": "Bayejid Bostami", "admin3Pcod": "201506", "admin2Name": "Chittagong", "admin2Pcod": "2015", "admin1Name": "Chittagong", "admin1Pcod": "20", "admin0Name": "Bangladesh", "admin0Pcod": "BD", "date": "2015-01-01", "validOn": "2018-04-10", "validTo": null, "Shape_Leng": 0.20038457574, "Shape_Area": 0.00203084545, "name": "Ward No-01" }, "geometry": { "type": "Point", "coordinates": [ 91.774713120791546, 22.27510953439117 ] } },
{ "type": "Feature", "properties": { "rand_point_id": 254, "OBJECTID": 120, "admin4Name": "Ward No-01", "admin4Pcod": "20150601", "admin4RefN": null, "admin4AltN": null, "admin4Al_1": null, "admin3Name": "Bayejid Bostami", "admin3Pcod": "201506", "admin2Name": "Chittagong", "admin2Pcod": "2015", "admin1Name": "Chittagong", "admin1Pcod": "20", "admin0Name": "Bangladesh", "admin0Pcod": "BD", "date": "2015-01-01", "validOn": "2018-04-10", "validTo": null, "Shape_Leng": 0.20038457574, "Shape_Area": 0.00203084545, "name": "Ward No-01" }, "geometry": { "type": "Point", "coordinates": [ 91.771911700543185, 22.302971260288732 ] } },
{ "type": "Feature", "properties": { "rand_point_id": 255, "OBJECTID": 120, "admin4Name": "Ward No-01", "admin4Pcod": "20150601", "admin4RefN": null, "admin4AltN": null, "admin4Al_1": null, "admin3Name": "Bayejid Bostami", "admin3Pcod": "201506", "admin2Name": "Chittagong", "admin2Pcod": "2015", "admin1Name": "Chittagong", "admin1Pcod": "20", "admin0Name": "Bangladesh", "admin0Pcod": "BD", "date": "2015-01-01", "validOn": "2018-04-10", "validTo": null, "Shape_Leng": 0.20038457574, "Shape_Area": 0.00203084545, "name": "Ward No-01" }, "geometry": { "type": "Point", "coordinates": [ 91.836228468331385, 22.357286192585807 ] } },
{ "type": "Feature", "properties": { "rand_point_id": 256, "OBJECTID": 120, "admin4Name": "Ward No-01", "admin4Pcod": "20150601", "admin4RefN": null, "admin4AltN": null, "admin4Al_1": null, "admin3Name": "Bayejid Bostami", "admin3Pcod": "201506", "admin2Name": "Chittagong", "admin2Pcod": "2015", "admin1Name": "Chittagong", "admin1Pcod": "20", "admin0Name": "Bangladesh", "admin0Pcod": "BD", "date": "2015-01-01", "validOn": "2018-04-10", "validTo": null, "Shape_Leng": 0.20038457574, "Shape_Area": 0.00203084545, "name": "Ward No-01" }, "geometry": { "type": "Point", "coordinates": [ 91.789454923163859, 22.352625507964685 ] } },
{ "type": "Feature", "properties": { "rand_point_id": 257, "OBJECTID": 120, "admin4Name": "Ward No-01", "admin4Pcod": "20150601", "admin4RefN": null, "admin4AltN": null, "admin4Al_1": null, "admin3Name": "Bayejid Bostami", "admin3Pcod": "201506", "admin2Name": "Chittagong", "admin2Pcod": "2015", "admin1Name": "Chittagong", "admin1Pcod": "20", "admin0Name": "Bangladesh", "admin0Pcod": "BD", "date": "2015-01-01", "validOn": "2018-04-10", "validTo": null, "Shape_Leng": 0.20038457574, "Shape_Area": 0.00203084545, "name": "Ward No-01" }, "geometry": { "type": "Point", "coordinates": [ 91.788281750737994, 22.24236250313885 ] } },
{ "type": "Feature", "properties": { "rand_point_id": 258, "OBJECTID": 120, "admin4Name": "Ward No-01", "admin4Pcod": "20150601", "admin4RefN": null, "admin4AltN": null, "admin4Al_1": null, "admin3Name": "Bayejid Bostami", "admin3Pcod": "201506", "admin2Name": "Chittagong", "admin2Pcod": "2015", "admin1Name": "Chittagong", "admin1Pcod": "20", "admin0Name": "Bangladesh", "admin0Pcod": "BD", "date": "2015-01-01", "validOn": "2018-04-10", "validTo": null, "Shape_Leng": 0.20038457574, "Shape_Area": 0.00203084545, "name": "Ward No-01" }, "geometry": { "type": "Point", "coordinates": [ 91.806151351741889, 22.245094588468881 ] } },
{ "type": "Feature", "properties": { "rand_point_id": 259, "OBJECTID": 120, "admin4Name": "Ward No-01", "admin4Pcod": "20150601", "admin4RefN": null, "admin4AltN": null, "admin4Al_1": null, "admin3Name": "Bayejid Bostami", "admin3Pcod": "201506", "admin2Name": "Chittagong", "admin2Pcod": "2015", "admin1Name": "Chittagong", "admin1Pcod": "20", "admin0Name": "Bangladesh", "admin0Pcod": "BD", "date": "2015-01-01", "validOn": "2018-04-10", "validTo": null, "Shape_Leng": 0.20038457574, "Shape_Area": 0.00203084545, "name": "Ward No-01" }, "geometry": { "type": "Point", "coordinates": [ 91.780684645903207, 22.452919075793538 ] } },
{ "type": "Feature", "properties": { "rand_point_id": 260, "OBJECTID": 120, "admin4Name": "Ward No-01", "admin4Pcod": "20150601", "admin4RefN": null, "admin4AltN": null, "admin4Al_1": null, "admin3Name": "Bayejid Bostami", "admin3Pcod": "201506", "admin2Name": "Chittagong", "admin2Pcod": "2015", "admin1Name": "Chittagong", "admin1Pcod": "20", "admin0Name": "Bangladesh", "admin0Pcod": "BD", "date": "2015-01-01", "validOn": "2018-04-10", "validTo": null, "Shape_Leng": 0.20038457574, "Shape_Area": 0.00203084545, "name": "Ward No-01" }, "geometry": { "type": "Point", "coordinates": [ 91.791097120867192, 22.271981038683506 ] } },
{ "type": "Feature", "properties": { "rand_point_id": 261, "OBJECTID": 120, "admin4Name": "Ward No-01", "admin4Pcod": "20150601", "admin4RefN": null, "admin4AltN": null, "admin4Al_1": null, "admin3Name": "Bayejid Bostami", "admin3Pcod": "201506", "admin2Name": "Chittagong", "admin2Pcod": "2015", "admin1Name": "Chittagong", "admin1Pcod": "20", "admin0Name": "Bangladesh", "admin0Pcod": "BD", "date": "2015-01-01", "validOn": "2018-04-10", "validTo": null, "Shape_Leng": 0.20038457574, "Shape_Area": 0.00203084545, "name": "Ward No-01" }, "geometry": { "type": "Point", "coordinates": [ 91.864801354113524, 22.393132423504245 ] } },
{ "type": "Feature", "properties": { "rand_point_id": 262, "OBJECTID": 120, "admin4Name": "Ward No-01", "admin4Pcod": "20150601", "admin4RefN": null, "admin4AltN": null, "admin4Al_1": null, "admin3Name": "Bayejid Bostami", "admin3Pcod": "201506", "admin2Name": "Chittagong", "admin2Pcod": "2015", "admin1Name": "Chittagong", "admin1Pcod": "20", "admin0Name": "Bangladesh", "admin0Pcod": "BD", "date": "2015-01-01", "validOn": "2018-04-10", "validTo": null, "Shape_Leng": 0.20038457574, "Shape_Area": 0.00203084545, "name": "Ward No-01" }, "geometry": { "type": "Point", "coordinates": [ 91.810014416253878, 22.447929733755316 ] } },
{ "type": "Feature", "properties": { "rand_point_id": 263, "OBJECTID": 120, "admin4Name": "Ward No-01", "admin4Pcod": "20150601", "admin4RefN": null, "admin4AltN": null, "admin4Al_1": null, "admin3Name": "Bayejid Bostami", "admin3Pcod": "201506", "admin2Name": "Chittagong", "admin2Pcod": "2015", "admin1Name": "Chittagong", "admin1Pcod": "20", "admin0Name": "Bangladesh", "admin0Pcod": "BD", "date": "2015-01-01", "validOn": "2018-04-10", "validTo": null, "Shape_Leng": 0.20038457574, "Shape_Area": 0.00203084545, "name": "Ward No-01" }, "geometry": { "type": "Point", "coordinates": [ 91.787064776746632, 22.275619914981718 ] } },
{ "type": "Feature", "properties": { "rand_point_id": 264, "OBJECTID": 120, "admin4Name": "Ward No-01", "admin4Pcod": "20150601", "admin4RefN": null, "admin4AltN": null, "admin4Al_1": null, "admin3Name": "Bayejid Bostami", "admin3Pcod": "201506", "admin2Name": "Chittagong", "admin2Pcod": "2015", "admin1Name": "Chittagong", "admin1Pcod": "20", "admin0Name": "Bangladesh", "admin0Pcod": "BD", "date": "2015-01-01", "validOn": "2018-04-10", "validTo": null, "Shape_Leng": 0.20038457574, "Shape_Area": 0.00203084545, "name": "Ward No-01" }, "geometry": { "type": "Point", "coordinates": [ 91.832135099347695, 22.326524070257236 ] } },
{ "type": "Feature", "properties": { "rand_point_id": 265, "OBJECTID": 120, "admin4Name": "Ward No-01", "admin4Pcod": "20150601", "admin4RefN": null, "admin4AltN": null, "admin4Al_1": null, "admin3Name": "Bayejid Bostami", "admin3Pcod": "201506", "admin2Name": "Chittagong", "admin2Pcod": "2015", "admin1Name": "Chittagong", "admin1Pcod": "20", "admin0Name": "Bangladesh", "admin0Pcod": "BD", "date": "2015-01-01", "validOn": "2018-04-10", "validTo": null, "Shape_Leng": 0.20038457574, "Shape_Area": 0.00203084545, "name": "Ward No-01" }, "geometry": { "type": "Point", "coordinates": [ 91.79380022535041, 22.455241064799868 ] } },
{ "type": "Feature", "properties": { "rand_point_id": 266, "OBJECTID": 120, "admin4Name": "Ward No-01", "admin4Pcod": "20150601", "admin4RefN": null, "admin4AltN": null, "admin4Al_1": null, "admin3Name": "Bayejid Bostami", "admin3Pcod": "201506", "admin2Name": "Chittagong", "admin2Pcod": "2015", "admin1Name": "Chittagong", "admin1Pcod": "20", "admin0Name": "Bangladesh", "admin0Pcod": "BD", "date": "2015-01-01", "validOn": "2018-04-10", "validTo": null, "Shape_Leng": 0.20038457574, "Shape_Area": 0.00203084545, "name": "Ward No-01" }, "geometry": { "type": "Point", "coordinates": [ 91.851086603125083, 22.33120957874209 ] } },
{ "type": "Feature", "properties": { "rand_point_id": 267, "OBJECTID": 120, "admin4Name": "Ward No-01", "admin4Pcod": "20150601", "admin4RefN": null, "admin4AltN": null, "admin4Al_1": null, "admin3Name": "Bayejid Bostami", "admin3Pcod": "201506", "admin2Name": "Chittagong", "admin2Pcod": "2015", "admin1Name": "Chittagong", "admin1Pcod": "20", "admin0Name": "Bangladesh", "admin0Pcod": "BD", "date": "2015-01-01", "validOn": "2018-04-10", "validTo": null, "Shape_Leng": 0.20038457574, "Shape_Area": 0.00203084545, "name": "Ward No-01" }, "geometry": { "type": "Point", "coordinates": [ 91.809609462508092, 22.343372588708327 ] } },
{ "type": "Feature", "properties": { "rand_point_id": 268, "OBJECTID": 120, "admin4Name": "Ward No-01", "admin4Pcod": "20150601", "admin4RefN": null, "admin4AltN": null, "admin4Al_1": null, "admin3Name": "Bayejid Bostami", "admin3Pcod": "201506", "admin2Name": "Chittagong", "admin2Pcod": "2015", "admin1Name": "Chittagong", "admin1Pcod": "20", "admin0Name": "Bangladesh", "admin0Pcod": "BD", "date": "2015-01-01", "validOn": "2018-04-10", "validTo": null, "Shape_Leng": 0.20038457574, "Shape_Area": 0.00203084545, "name": "Ward No-01" }, "geometry": { "type": "Point", "coordinates": [ 91.769697360462473, 22.334019004096579 ] } },
{ "type": "Feature", "properties": { "rand_point_id": 269, "OBJECTID": 120, "admin4Name": "Ward No-01", "admin4Pcod": "20150601", "admin4RefN": null, "admin4AltN": null, "admin4Al_1": null, "admin3Name": "Bayejid Bostami", "admin3Pcod": "201506", "admin2Name": "Chittagong", "admin2Pcod": "2015", "admin1Name": "Chittagong", "admin1Pcod": "20", "admin0Name": "Bangladesh", "admin0Pcod": "BD", "date": "2015-01-01", "validOn": "2018-04-10", "validTo": null, "Shape_Leng": 0.20038457574, "Shape_Area": 0.00203084545, "name": "Ward No-01" }, "geometry": { "type": "Point", "coordinates": [ 91.840185632306174, 22.402556174895782 ] } },
{ "type": "Feature", "properties": { "rand_point_id": 270, "OBJECTID": 120, "admin4Name": "Ward No-01", "admin4Pcod": "20150601", "admin4RefN": null, "admin4AltN": null, "admin4Al_1": null, "admin3Name": "Bayejid Bostami", "admin3Pcod": "201506", "admin2Name": "Chittagong", "admin2Pcod": "2015", "admin1Name": "Chittagong", "admin1Pcod": "20", "admin0Name": "Bangladesh", "admin0Pcod": "BD", "date": "2015-01-01", "validOn": "2018-04-10", "validTo": null, "Shape_Leng": 0.20038457574, "Shape_Area": 0.00203084545, "name": "Ward No-01" }, "geometry": { "type": "Point", "coordinates": [ 91.861202060080544, 22.377919120430143 ] } },
{ "type": "Feature", "properties": { "rand_point_id": 271, "OBJECTID": 120, "admin4Name": "Ward No-01", "admin4Pcod": "20150601", "admin4RefN": null, "admin4AltN": null, "admin4Al_1": null, "admin3Name": "Bayejid Bostami", "admin3Pcod": "201506", "admin2Name": "Chittagong", "admin2Pcod": "2015", "admin1Name": "Chittagong", "admin1Pcod": "20", "admin0Name": "Bangladesh", "admin0Pcod": "BD", "date": "2015-01-01", "validOn": "2018-04-10", "validTo": null, "Shape_Leng": 0.20038457574, "Shape_Area": 0.00203084545, "name": "Ward No-01" }, "geometry": { "type": "Point", "coordinates": [ 91.787077278471983, 22.364078282396058 ] } },
{ "type": "Feature", "properties": { "rand_point_id": 272, "OBJECTID": 120, "admin4Name": "Ward No-01", "admin4Pcod": "20150601", "admin4RefN": null, "admin4AltN": null, "admin4Al_1": null, "admin3Name": "Bayejid Bostami", "admin3Pcod": "201506", "admin2Name": "Chittagong", "admin2Pcod": "2015", "admin1Name": "Chittagong", "admin1Pcod": "20", "admin0Name": "Bangladesh", "admin0Pcod": "BD", "date": "2015-01-01", "validOn": "2018-04-10", "validTo": null, "Shape_Leng": 0.20038457574, "Shape_Area": 0.00203084545, "name": "Ward No-01" }, "geometry": { "type": "Point", "coordinates": [ 91.843146978731639, 22.360932891009583 ] } },
{ "type": "Feature", "properties": { "rand_point_id": 273, "OBJECTID": 120, "admin4Name": "Ward No-01", "admin4Pcod": "20150601", "admin4RefN": null, "admin4AltN": null, "admin4Al_1": null, "admin3Name": "Bayejid Bostami", "admin3Pcod": "201506", "admin2Name": "Chittagong", "admin2Pcod": "2015", "admin1Name": "Chittagong", "admin1Pcod": "20", "admin0Name": "Bangladesh", "admin0Pcod": "BD", "date": "2015-01-01", "validOn": "2018-04-10", "validTo": null, "Shape_Leng": 0.20038457574, "Shape_Area": 0.00203084545, "name": "Ward No-01" }, "geometry": { "type": "Point", "coordinates": [ 91.830911404385205, 22.389107507831028 ] } },
{ "type": "Feature", "properties": { "rand_point_id": 274, "OBJECTID": 120, "admin4Name": "Ward No-01", "admin4Pcod": "20150601", "admin4RefN": null, "admin4AltN": null, "admin4Al_1": null, "admin3Name": "Bayejid Bostami", "admin3Pcod": "201506", "admin2Name": "Chittagong", "admin2Pcod": "2015", "admin1Name": "Chittagong", "admin1Pcod": "20", "admin0Name": "Bangladesh", "admin0Pcod": "BD", "date": "2015-01-01", "validOn": "2018-04-10", "validTo": null, "Shape_Leng": 0.20038457574, "Shape_Area": 0.00203084545, "name": "Ward No-01" }, "geometry": { "type": "Point", "coordinates": [ 91.779528019580695, 22.334456468072581 ] } },
{ "type": "Feature", "properties": { "rand_point_id": 275, "OBJECTID": 120, "admin4Name": "Ward No-01", "admin4Pcod": "20150601", "admin4RefN": null, "admin4AltN": null, "admin4Al_1": null, "admin3Name": "Bayejid Bostami", "admin3Pcod": "201506", "admin2Name": "Chittagong", "admin2Pcod": "2015", "admin1Name": "Chittagong", "admin1Pcod": "20", "admin0Name": "Bangladesh", "admin0Pcod": "BD", "date": "2015-01-01", "validOn": "2018-04-10", "validTo": null, "Shape_Leng": 0.20038457574, "Shape_Area": 0.00203084545, "name": "Ward No-01" }, "geometry": { "type": "Point", "coordinates": [ 91.785571496317431, 22.413903002254003 ] } },
{ "type": "Feature", "properties": { "rand_point_id": 276, "OBJECTID": 120, "admin4Name": "Ward No-01", "admin4Pcod": "20150601", "admin4RefN": null, "admin4AltN": null, "admin4Al_1": null, "admin3Name": "Bayejid Bostami", "admin3Pcod": "201506", "admin2Name": "Chittagong", "admin2Pcod": "2015", "admin1Name": "Chittagong", "admin1Pcod": "20", "admin0Name": "Bangladesh", "admin0Pcod": "BD", "date": "2015-01-01", "validOn": "2018-04-10", "validTo": null, "Shape_Leng": 0.20038457574, "Shape_Area": 0.00203084545, "name": "Ward No-01" }, "geometry": { "type": "Point", "coordinates": [ 91.824688716137842, 22.256906332887699 ] } },
{ "type": "Feature", "properties": { "rand_point_id": 277, "OBJECTID": 120, "admin4Name": "Ward No-01", "admin4Pcod": "20150601", "admin4RefN": null, "admin4AltN": null, "admin4Al_1": null, "admin3Name": "Bayejid Bostami", "admin3Pcod": "201506", "admin2Name": "Chittagong", "admin2Pcod": "2015", "admin1Name": "Chittagong", "admin1Pcod": "20", "admin0Name": "Bangladesh", "admin0Pcod": "BD", "date": "2015-01-01", "validOn": "2018-04-10", "validTo": null, "Shape_Leng": 0.20038457574, "Shape_Area": 0.00203084545, "name": "Ward No-01" }, "geometry": { "type": "Point", "coordinates": [ 91.885116704546576, 22.42783586956039 ] } },
{ "type": "Feature", "properties": { "rand_point_id": 278, "OBJECTID": 120, "admin4Name": "Ward No-01", "admin4Pcod": "20150601", "admin4RefN": null, "admin4AltN": null, "admin4Al_1": null, "admin3Name": "Bayejid Bostami", "admin3Pcod": "201506", "admin2Name": "Chittagong", "admin2Pcod": "2015", "admin1Name": "Chittagong", "admin1Pcod": "20", "admin0Name": "Bangladesh", "admin0Pcod": "BD", "date": "2015-01-01", "validOn": "2018-04-10", "validTo": null, "Shape_Leng": 0.20038457574, "Shape_Area": 0.00203084545, "name": "Ward No-01" }, "geometry": { "type": "Point", "coordinates": [ 91.828907972112262, 22.339300806194355 ] } },
{ "type": "Feature", "properties": { "rand_point_id": 279, "OBJECTID": 120, "admin4Name": "Ward No-01", "admin4Pcod": "20150601", "admin4RefN": null, "admin4AltN": null, "admin4Al_1": null, "admin3Name": "Bayejid Bostami", "admin3Pcod": "201506", "admin2Name": "Chittagong", "admin2Pcod": "2015", "admin1Name": "Chittagong", "admin1Pcod": "20", "admin0Name": "Bangladesh", "admin0Pcod": "BD", "date": "2015-01-01", "validOn": "2018-04-10", "validTo": null, "Shape_Leng": 0.20038457574, "Shape_Area": 0.00203084545, "name": "Ward No-01" }, "geometry": { "type": "Point", "coordinates": [ 91.864311087152771, 22.354711403953822 ] } },
{ "type": "Feature", "properties": { "rand_point_id": 280, "OBJECTID": 120, "admin4Name": "Ward No-01", "admin4Pcod": "20150601", "admin4RefN": null, "admin4AltN": null, "admin4Al_1": null, "admin3Name": "Bayejid Bostami", "admin3Pcod": "201506", "admin2Name": "Chittagong", "admin2Pcod": "2015", "admin1Name": "Chittagong", "admin1Pcod": "20", "admin0Name": "Bangladesh", "admin0Pcod": "BD", "date": "2015-01-01", "validOn": "2018-04-10", "validTo": null, "Shape_Leng": 0.20038457574, "Shape_Area": 0.00203084545, "name": "Ward No-01" }, "geometry": { "type": "Point", "coordinates": [ 91.830689236393354, 22.338627009705259 ] } },
{ "type": "Feature", "properties": { "rand_point_id": 281, "OBJECTID": 120, "admin4Name": "Ward No-01", "admin4Pcod": "20150601", "admin4RefN": null, "admin4AltN": null, "admin4Al_1": null, "admin3Name": "Bayejid Bostami", "admin3Pcod": "201506", "admin2Name": "Chittagong", "admin2Pcod": "2015", "admin1Name": "Chittagong", "admin1Pcod": "20", "admin0Name": "Bangladesh", "admin0Pcod": "BD", "date": "2015-01-01", "validOn": "2018-04-10", "validTo": null, "Shape_Leng": 0.20038457574, "Shape_Area": 0.00203084545, "name": "Ward No-01" }, "geometry": { "type": "Point", "coordinates": [ 91.788151112424615, 22.361549820567316 ] } },
{ "type": "Feature", "properties": { "rand_point_id": 282, "OBJECTID": 120, "admin4Name": "Ward No-01", "admin4Pcod": "20150601", "admin4RefN": null, "admin4AltN": null, "admin4Al_1": null, "admin3Name": "Bayejid Bostami", "admin3Pcod": "201506", "admin2Name": "Chittagong", "admin2Pcod": "2015", "admin1Name": "Chittagong", "admin1Pcod": "20", "admin0Name": "Bangladesh", "admin0Pcod": "BD", "date": "2015-01-01", "validOn": "2018-04-10", "validTo": null, "Shape_Leng": 0.20038457574, "Shape_Area": 0.00203084545, "name": "Ward No-01" }, "geometry": { "type": "Point", "coordinates": [ 91.843786797822688, 22.333172155031846 ] } },
{ "type": "Feature", "properties": { "rand_point_id": 283, "OBJECTID": 120, "admin4Name": "Ward No-01", "admin4Pcod": "20150601", "admin4RefN": null, "admin4AltN": null, "admin4Al_1": null, "admin3Name": "Bayejid Bostami", "admin3Pcod": "201506", "admin2Name": "Chittagong", "admin2Pcod": "2015", "admin1Name": "Chittagong", "admin1Pcod": "20", "admin0Name": "Bangladesh", "admin0Pcod": "BD", "date": "2015-01-01", "validOn": "2018-04-10", "validTo": null, "Shape_Leng": 0.20038457574, "Shape_Area": 0.00203084545, "name": "Ward No-01" }, "geometry": { "type": "Point", "coordinates": [ 91.829613112919887, 22.379957983906095 ] } },
{ "type": "Feature", "properties": { "rand_point_id": 284, "OBJECTID": 120, "admin4Name": "Ward No-01", "admin4Pcod": "20150601", "admin4RefN": null, "admin4AltN": null, "admin4Al_1": null, "admin3Name": "Bayejid Bostami", "admin3Pcod": "201506", "admin2Name": "Chittagong", "admin2Pcod": "2015", "admin1Name": "Chittagong", "admin1Pcod": "20", "admin0Name": "Bangladesh", "admin0Pcod": "BD", "date": "2015-01-01", "validOn": "2018-04-10", "validTo": null, "Shape_Leng": 0.20038457574, "Shape_Area": 0.00203084545, "name": "Ward No-01" }, "geometry": { "type": "Point", "coordinates": [ 91.81519379111549, 22.332912494369019 ] } },
{ "type": "Feature", "properties": { "rand_point_id": 285, "OBJECTID": 120, "admin4Name": "Ward No-01", "admin4Pcod": "20150601", "admin4RefN": null, "admin4AltN": null, "admin4Al_1": null, "admin3Name": "Bayejid Bostami", "admin3Pcod": "201506", "admin2Name": "Chittagong", "admin2Pcod": "2015", "admin1Name": "Chittagong", "admin1Pcod": "20", "admin0Name": "Bangladesh", "admin0Pcod": "BD", "date": "2015-01-01", "validOn": "2018-04-10", "validTo": null, "Shape_Leng": 0.20038457574, "Shape_Area": 0.00203084545, "name": "Ward No-01" }, "geometry": { "type": "Point", "coordinates": [ 91.767013492493845, 22.353240326357884 ] } },
{ "type": "Feature", "properties": { "rand_point_id": 286, "OBJECTID": 120, "admin4Name": "Ward No-01", "admin4Pcod": "20150601", "admin4RefN": null, "admin4AltN": null, "admin4Al_1": null, "admin3Name": "Bayejid Bostami", "admin3Pcod": "201506", "admin2Name": "Chittagong", "admin2Pcod": "2015", "admin1Name": "Chittagong", "admin1Pcod": "20", "admin0Name": "Bangladesh", "admin0Pcod": "BD", "date": "2015-01-01", "validOn": "2018-04-10", "validTo": null, "Shape_Leng": 0.20038457574, "Shape_Area": 0.00203084545, "name": "Ward No-01" }, "geometry": { "type": "Point", "coordinates": [ 91.862458865920459, 22.346618305983569 ] } },
{ "type": "Feature", "properties": { "rand_point_id": 287, "OBJECTID": 120, "admin4Name": "Ward No-01", "admin4Pcod": "20150601", "admin4RefN": null, "admin4AltN": null, "admin4Al_1": null, "admin3Name": "Bayejid Bostami", "admin3Pcod": "201506", "admin2Name": "Chittagong", "admin2Pcod": "2015", "admin1Name": "Chittagong", "admin1Pcod": "20", "admin0Name": "Bangladesh", "admin0Pcod": "BD", "date": "2015-01-01", "validOn": "2018-04-10", "validTo": null, "Shape_Leng": 0.20038457574, "Shape_Area": 0.00203084545, "name": "Ward No-01" }, "geometry": { "type": "Point", "coordinates": [ 91.772848796212031, 22.302657576825109 ] } },
{ "type": "Feature", "properties": { "rand_point_id": 288, "OBJECTID": 120, "admin4Name": "Ward No-01", "admin4Pcod": "20150601", "admin4RefN": null, "admin4AltN": null, "admin4Al_1": null, "admin3Name": "Bayejid Bostami", "admin3Pcod": "201506", "admin2Name": "Chittagong", "admin2Pcod": "2015", "admin1Name": "Chittagong", "admin1Pcod": "20", "admin0Name": "Bangladesh", "admin0Pcod": "BD", "date": "2015-01-01", "validOn": "2018-04-10", "validTo": null, "Shape_Leng": 0.20038457574, "Shape_Area": 0.00203084545, "name": "Ward No-01" }, "geometry": { "type": "Point", "coordinates": [ 91.838416293325707, 22.390492025465154 ] } },
{ "type": "Feature", "properties": { "rand_point_id": 289, "OBJECTID": 120, "admin4Name": "Ward No-01", "admin4Pcod": "20150601", "admin4RefN": null, "admin4AltN": null, "admin4Al_1": null, "admin3Name": "Bayejid Bostami", "admin3Pcod": "201506", "admin2Name": "Chittagong", "admin2Pcod": "2015", "admin1Name": "Chittagong", "admin1Pcod": "20", "admin0Name": "Bangladesh", "admin0Pcod": "BD", "date": "2015-01-01", "validOn": "2018-04-10", "validTo": null, "Shape_Leng": 0.20038457574, "Shape_Area": 0.00203084545, "name": "Ward No-01" }, "geometry": { "type": "Point", "coordinates": [ 91.787321217756897, 22.366950911562093 ] } },
{ "type": "Feature", "properties": { "rand_point_id": 290, "OBJECTID": 120, "admin4Name": "Ward No-01", "admin4Pcod": "20150601", "admin4RefN": null, "admin4AltN": null, "admin4Al_1": null, "admin3Name": "Bayejid Bostami", "admin3Pcod": "201506", "admin2Name": "Chittagong", "admin2Pcod": "2015", "admin1Name": "Chittagong", "admin1Pcod": "20", "admin0Name": "Bangladesh", "admin0Pcod": "BD", "date": "2015-01-01", "validOn": "2018-04-10", "validTo": null, "Shape_Leng": 0.20038457574, "Shape_Area": 0.00203084545, "name": "Ward No-01" }, "geometry": { "type": "Point", "coordinates": [ 91.886939729774497, 22.426200016731389 ] } },
{ "type": "Feature", "properties": { "rand_point_id": 291, "OBJECTID": 120, "admin4Name": "Ward No-01", "admin4Pcod": "20150601", "admin4RefN": null, "admin4AltN": null, "admin4Al_1": null, "admin3Name": "Bayejid Bostami", "admin3Pcod": "201506", "admin2Name": "Chittagong", "admin2Pcod": "2015", "admin1Name": "Chittagong", "admin1Pcod": "20", "admin0Name": "Bangladesh", "admin0Pcod": "BD", "date": "2015-01-01", "validOn": "2018-04-10", "validTo": null, "Shape_Leng": 0.20038457574, "Shape_Area": 0.00203084545, "name": "Ward No-01" }, "geometry": { "type": "Point", "coordinates": [ 91.779287836681519, 22.443416346697756 ] } },
{ "type": "Feature", "properties": { "rand_point_id": 292, "OBJECTID": 120, "admin4Name": "Ward No-01", "admin4Pcod": "20150601", "admin4RefN": null, "admin4AltN": null, "admin4Al_1": null, "admin3Name": "Bayejid Bostami", "admin3Pcod": "201506", "admin2Name": "Chittagong", "admin2Pcod": "2015", "admin1Name": "Chittagong", "admin1Pcod": "20", "admin0Name": "Bangladesh", "admin0Pcod": "BD", "date": "2015-01-01", "validOn": "2018-04-10", "validTo": null, "Shape_Leng": 0.20038457574, "Shape_Area": 0.00203084545, "name": "Ward No-01" }, "geometry": { "type": "Point", "coordinates": [ 91.832080869852533, 22.348313051427318 ] } },
{ "type": "Feature", "properties": { "rand_point_id": 293, "OBJECTID": 120, "admin4Name": "Ward No-01", "admin4Pcod": "20150601", "admin4RefN": null, "admin4AltN": null, "admin4Al_1": null, "admin3Name": "Bayejid Bostami", "admin3Pcod": "201506", "admin2Name": "Chittagong", "admin2Pcod": "2015", "admin1Name": "Chittagong", "admin1Pcod": "20", "admin0Name": "Bangladesh", "admin0Pcod": "BD", "date": "2015-01-01", "validOn": "2018-04-10", "validTo": null, "Shape_Leng": 0.20038457574, "Shape_Area": 0.00203084545, "name": "Ward No-01" }, "geometry": { "type": "Point", "coordinates": [ 91.805449249166799, 22.351561293126714 ] } },
{ "type": "Feature", "properties": { "rand_point_id": 294, "OBJECTID": 120, "admin4Name": "Ward No-01", "admin4Pcod": "20150601", "admin4RefN": null, "admin4AltN": null, "admin4Al_1": null, "admin3Name": "Bayejid Bostami", "admin3Pcod": "201506", "admin2Name": "Chittagong", "admin2Pcod": "2015", "admin1Name": "Chittagong", "admin1Pcod": "20", "admin0Name": "Bangladesh", "admin0Pcod": "BD", "date": "2015-01-01", "validOn": "2018-04-10", "validTo": null, "Shape_Leng": 0.20038457574, "Shape_Area": 0.00203084545, "name": "Ward No-01" }, "geometry": { "type": "Point", "coordinates": [ 91.811548640012887, 22.335028867202983 ] } },
{ "type": "Feature", "properties": { "rand_point_id": 295, "OBJECTID": 120, "admin4Name": "Ward No-01", "admin4Pcod": "20150601", "admin4RefN": null, "admin4AltN": null, "admin4Al_1": null, "admin3Name": "Bayejid Bostami", "admin3Pcod": "201506", "admin2Name": "Chittagong", "admin2Pcod": "2015", "admin1Name": "Chittagong", "admin1Pcod": "20", "admin0Name": "Bangladesh", "admin0Pcod": "BD", "date": "2015-01-01", "validOn": "2018-04-10", "validTo": null, "Shape_Leng": 0.20038457574, "Shape_Area": 0.00203084545, "name": "Ward No-01" }, "geometry": { "type": "Point", "coordinates": [ 91.828624802155574, 22.398250906153883 ] } },
{ "type": "Feature", "properties": { "rand_point_id": 296, "OBJECTID": 120, "admin4Name": "Ward No-01", "admin4Pcod": "20150601", "admin4RefN": null, "admin4AltN": null, "admin4Al_1": null, "admin3Name": "Bayejid Bostami", "admin3Pcod": "201506", "admin2Name": "Chittagong", "admin2Pcod": "2015", "admin1Name": "Chittagong", "admin1Pcod": "20", "admin0Name": "Bangladesh", "admin0Pcod": "BD", "date": "2015-01-01", "validOn": "2018-04-10", "validTo": null, "Shape_Leng": 0.20038457574, "Shape_Area": 0.00203084545, "name": "Ward No-01" }, "geometry": { "type": "Point", "coordinates": [ 91.838547553647814, 22.395592269140277 ] } },
{ "type": "Feature", "properties": { "rand_point_id": 297, "OBJECTID": 120, "admin4Name": "Ward No-01", "admin4Pcod": "20150601", "admin4RefN": null, "admin4AltN": null, "admin4Al_1": null, "admin3Name": "Bayejid Bostami", "admin3Pcod": "201506", "admin2Name": "Chittagong", "admin2Pcod": "2015", "admin1Name": "Chittagong", "admin1Pcod": "20", "admin0Name": "Bangladesh", "admin0Pcod": "BD", "date": "2015-01-01", "validOn": "2018-04-10", "validTo": null, "Shape_Leng": 0.20038457574, "Shape_Area": 0.00203084545, "name": "Ward No-01" }, "geometry": { "type": "Point", "coordinates": [ 91.798736338574656, 22.344570449686664 ] } },
{ "type": "Feature", "properties": { "rand_point_id": 298, "OBJECTID": 120, "admin4Name": "Ward No-01", "admin4Pcod": "20150601", "admin4RefN": null, "admin4AltN": null, "admin4Al_1": null, "admin3Name": "Bayejid Bostami", "admin3Pcod": "201506", "admin2Name": "Chittagong", "admin2Pcod": "2015", "admin1Name": "Chittagong", "admin1Pcod": "20", "admin0Name": "Bangladesh", "admin0Pcod": "BD", "date": "2015-01-01", "validOn": "2018-04-10", "validTo": null, "Shape_Leng": 0.20038457574, "Shape_Area": 0.00203084545, "name": "Ward No-01" }, "geometry": { "type": "Point", "coordinates": [ 91.785690854275572, 22.444590146968331 ] } },
{ "type": "Feature", "properties": { "rand_point_id": 299, "OBJECTID": 120, "admin4Name": "Ward No-01", "admin4Pcod": "20150601", "admin4RefN": null, "admin4AltN": null, "admin4Al_1": null, "admin3Name": "Bayejid Bostami", "admin3Pcod": "201506", "admin2Name": "Chittagong", "admin2Pcod": "2015", "admin1Name": "Chittagong", "admin1Pcod": "20", "admin0Name": "Bangladesh", "admin0Pcod": "BD", "date": "2015-01-01", "validOn": "2018-04-10", "validTo": null, "Shape_Leng": 0.20038457574, "Shape_Area": 0.00203084545, "name": "Ward No-01" }, "geometry": { "type": "Point", "coordinates": [ 91.862731561585974, 22.357350918340483 ] } },
{ "type": "Feature", "properties": { "rand_point_id": 300, "OBJECTID": 120, "admin4Name": "Ward No-01", "admin4Pcod": "20150601", "admin4RefN": null, "admin4AltN": null, "admin4Al_1": null, "admin3Name": "Bayejid Bostami", "admin3Pcod": "201506", "admin2Name": "Chittagong", "admin2Pcod": "2015", "admin1Name": "Chittagong", "admin1Pcod": "20", "admin0Name": "Bangladesh", "admin0Pcod": "BD", "date": "2015-01-01", "validOn": "2018-04-10", "validTo": null, "Shape_Leng": 0.20038457574, "Shape_Area": 0.00203084545, "name": "Ward No-01" }, "geometry": { "type": "Point", "coordinates": [ 91.884854455452825, 22.395235301264854 ] } },
{ "type": "Feature", "properties": { "rand_point_id": 301, "OBJECTID": 120, "admin4Name": "Ward No-01", "admin4Pcod": "20150601", "admin4RefN": null, "admin4AltN": null, "admin4Al_1": null, "admin3Name": "Bayejid Bostami", "admin3Pcod": "201506", "admin2Name": "Chittagong", "admin2Pcod": "2015", "admin1Name": "Chittagong", "admin1Pcod": "20", "admin0Name": "Bangladesh", "admin0Pcod": "BD", "date": "2015-01-01", "validOn": "2018-04-10", "validTo": null, "Shape_Leng": 0.20038457574, "Shape_Area": 0.00203084545, "name": "Ward No-01" }, "geometry": { "type": "Point", "coordinates": [ 91.779768922663962, 22.300952879287749 ] } },
{ "type": "Feature", "properties": { "rand_point_id": 302, "OBJECTID": 120, "admin4Name": "Ward No-01", "admin4Pcod": "20150601", "admin4RefN": null, "admin4AltN": null, "admin4Al_1": null, "admin3Name": "Bayejid Bostami", "admin3Pcod": "201506", "admin2Name": "Chittagong", "admin2Pcod": "2015", "admin1Name": "Chittagong", "admin1Pcod": "20", "admin0Name": "Bangladesh", "admin0Pcod": "BD", "date": "2015-01-01", "validOn": "2018-04-10", "validTo": null, "Shape_Leng": 0.20038457574, "Shape_Area": 0.00203084545, "name": "Ward No-01" }, "geometry": { "type": "Point", "coordinates": [ 91.772674356390056, 22.316511415908231 ] } },
{ "type": "Feature", "properties": { "rand_point_id": 303, "OBJECTID": 120, "admin4Name": "Ward No-01", "admin4Pcod": "20150601", "admin4RefN": null, "admin4AltN": null, "admin4Al_1": null, "admin3Name": "Bayejid Bostami", "admin3Pcod": "201506", "admin2Name": "Chittagong", "admin2Pcod": "2015", "admin1Name": "Chittagong", "admin1Pcod": "20", "admin0Name": "Bangladesh", "admin0Pcod": "BD", "date": "2015-01-01", "validOn": "2018-04-10", "validTo": null, "Shape_Leng": 0.20038457574, "Shape_Area": 0.00203084545, "name": "Ward No-01" }, "geometry": { "type": "Point", "coordinates": [ 91.806669980225152, 22.45517740638849 ] } },
{ "type": "Feature", "properties": { "rand_point_id": 304, "OBJECTID": 120, "admin4Name": "Ward No-01", "admin4Pcod": "20150601", "admin4RefN": null, "admin4AltN": null, "admin4Al_1": null, "admin3Name": "Bayejid Bostami", "admin3Pcod": "201506", "admin2Name": "Chittagong", "admin2Pcod": "2015", "admin1Name": "Chittagong", "admin1Pcod": "20", "admin0Name": "Bangladesh", "admin0Pcod": "BD", "date": "2015-01-01", "validOn": "2018-04-10", "validTo": null, "Shape_Leng": 0.20038457574, "Shape_Area": 0.00203084545, "name": "Ward No-01" }, "geometry": { "type": "Point", "coordinates": [ 91.805168505226831, 22.450816152453072 ] } },
{ "type": "Feature", "properties": { "rand_point_id": 305, "OBJECTID": 120, "admin4Name": "Ward No-01", "admin4Pcod": "20150601", "admin4RefN": null, "admin4AltN": null, "admin4Al_1": null, "admin3Name": "Bayejid Bostami", "admin3Pcod": "201506", "admin2Name": "Chittagong", "admin2Pcod": "2015", "admin1Name": "Chittagong", "admin1Pcod": "20", "admin0Name": "Bangladesh", "admin0Pcod": "BD", "date": "2015-01-01", "validOn": "2018-04-10", "validTo": null, "Shape_Leng": 0.20038457574, "Shape_Area": 0.00203084545, "name": "Ward No-01" }, "geometry": { "type": "Point", "coordinates": [ 91.837867157688635, 22.391594748862417 ] } },
{ "type": "Feature", "properties": { "rand_point_id": 306, "OBJECTID": 120, "admin4Name": "Ward No-01", "admin4Pcod": "20150601", "admin4RefN": null, "admin4AltN": null, "admin4Al_1": null, "admin3Name": "Bayejid Bostami", "admin3Pcod": "201506", "admin2Name": "Chittagong", "admin2Pcod": "2015", "admin1Name": "Chittagong", "admin1Pcod": "20", "admin0Name": "Bangladesh", "admin0Pcod": "BD", "date": "2015-01-01", "validOn": "2018-04-10", "validTo": null, "Shape_Leng": 0.20038457574, "Shape_Area": 0.00203084545, "name": "Ward No-01" }, "geometry": { "type": "Point", "coordinates": [ 91.786067344820154, 22.269646511634114 ] } },
{ "type": "Feature", "properties": { "rand_point_id": 307, "OBJECTID": 120, "admin4Name": "Ward No-01", "admin4Pcod": "20150601", "admin4RefN": null, "admin4AltN": null, "admin4Al_1": null, "admin3Name": "Bayejid Bostami", "admin3Pcod": "201506", "admin2Name": "Chittagong", "admin2Pcod": "2015", "admin1Name": "Chittagong", "admin1Pcod": "20", "admin0Name": "Bangladesh", "admin0Pcod": "BD", "date": "2015-01-01", "validOn": "2018-04-10", "validTo": null, "Shape_Leng": 0.20038457574, "Shape_Area": 0.00203084545, "name": "Ward No-01" }, "geometry": { "type": "Point", "coordinates": [ 91.795121576710571, 22.374297813292937 ] } },
{ "type": "Feature", "properties": { "rand_point_id": 308, "OBJECTID": 120, "admin4Name": "Ward No-01", "admin4Pcod": "20150601", "admin4RefN": null, "admin4AltN": null, "admin4Al_1": null, "admin3Name": "Bayejid Bostami", "admin3Pcod": "201506", "admin2Name": "Chittagong", "admin2Pcod": "2015", "admin1Name": "Chittagong", "admin1Pcod": "20", "admin0Name": "Bangladesh", "admin0Pcod": "BD", "date": "2015-01-01", "validOn": "2018-04-10", "validTo": null, "Shape_Leng": 0.20038457574, "Shape_Area": 0.00203084545, "name": "Ward No-01" }, "geometry": { "type": "Point", "coordinates": [ 91.841936965413993, 22.374147526518041 ] } },
{ "type": "Feature", "properties": { "rand_point_id": 309, "OBJECTID": 120, "admin4Name": "Ward No-01", "admin4Pcod": "20150601", "admin4RefN": null, "admin4AltN": null, "admin4Al_1": null, "admin3Name": "Bayejid Bostami", "admin3Pcod": "201506", "admin2Name": "Chittagong", "admin2Pcod": "2015", "admin1Name": "Chittagong", "admin1Pcod": "20", "admin0Name": "Bangladesh", "admin0Pcod": "BD", "date": "2015-01-01", "validOn": "2018-04-10", "validTo": null, "Shape_Leng": 0.20038457574, "Shape_Area": 0.00203084545, "name": "Ward No-01" }, "geometry": { "type": "Point", "coordinates": [ 91.766443282107062, 22.313270531393091 ] } },
{ "type": "Feature", "properties": { "rand_point_id": 310, "OBJECTID": 120, "admin4Name": "Ward No-01", "admin4Pcod": "20150601", "admin4RefN": null, "admin4AltN": null, "admin4Al_1": null, "admin3Name": "Bayejid Bostami", "admin3Pcod": "201506", "admin2Name": "Chittagong", "admin2Pcod": "2015", "admin1Name": "Chittagong", "admin1Pcod": "20", "admin0Name": "Bangladesh", "admin0Pcod": "BD", "date": "2015-01-01", "validOn": "2018-04-10", "validTo": null, "Shape_Leng": 0.20038457574, "Shape_Area": 0.00203084545, "name": "Ward No-01" }, "geometry": { "type": "Point", "coordinates": [ 91.78308991073969, 22.361840284729297 ] } },
{ "type": "Feature", "properties": { "rand_point_id": 311, "OBJECTID": 120, "admin4Name": "Ward No-01", "admin4Pcod": "20150601", "admin4RefN": null, "admin4AltN": null, "admin4Al_1": null, "admin3Name": "Bayejid Bostami", "admin3Pcod": "201506", "admin2Name": "Chittagong", "admin2Pcod": "2015", "admin1Name": "Chittagong", "admin1Pcod": "20", "admin0Name": "Bangladesh", "admin0Pcod": "BD", "date": "2015-01-01", "validOn": "2018-04-10", "validTo": null, "Shape_Leng": 0.20038457574, "Shape_Area": 0.00203084545, "name": "Ward No-01" }, "geometry": { "type": "Point", "coordinates": [ 91.819091061580949, 22.428132373097753 ] } },
{ "type": "Feature", "properties": { "rand_point_id": 312, "OBJECTID": 120, "admin4Name": "Ward No-01", "admin4Pcod": "20150601", "admin4RefN": null, "admin4AltN": null, "admin4Al_1": null, "admin3Name": "Bayejid Bostami", "admin3Pcod": "201506", "admin2Name": "Chittagong", "admin2Pcod": "2015", "admin1Name": "Chittagong", "admin1Pcod": "20", "admin0Name": "Bangladesh", "admin0Pcod": "BD", "date": "2015-01-01", "validOn": "2018-04-10", "validTo": null, "Shape_Leng": 0.20038457574, "Shape_Area": 0.00203084545, "name": "Ward No-01" }, "geometry": { "type": "Point", "coordinates": [ 91.847027423255341, 22.367465600575006 ] } },
{ "type": "Feature", "properties": { "rand_point_id": 313, "OBJECTID": 120, "admin4Name": "Ward No-01", "admin4Pcod": "20150601", "admin4RefN": null, "admin4AltN": null, "admin4Al_1": null, "admin3Name": "Bayejid Bostami", "admin3Pcod": "201506", "admin2Name": "Chittagong", "admin2Pcod": "2015", "admin1Name": "Chittagong", "admin1Pcod": "20", "admin0Name": "Bangladesh", "admin0Pcod": "BD", "date": "2015-01-01", "validOn": "2018-04-10", "validTo": null, "Shape_Leng": 0.20038457574, "Shape_Area": 0.00203084545, "name": "Ward No-01" }, "geometry": { "type": "Point", "coordinates": [ 91.778313416193427, 22.364390965713035 ] } },
{ "type": "Feature", "properties": { "rand_point_id": 314, "OBJECTID": 120, "admin4Name": "Ward No-01", "admin4Pcod": "20150601", "admin4RefN": null, "admin4AltN": null, "admin4Al_1": null, "admin3Name": "Bayejid Bostami", "admin3Pcod": "201506", "admin2Name": "Chittagong", "admin2Pcod": "2015", "admin1Name": "Chittagong", "admin1Pcod": "20", "admin0Name": "Bangladesh", "admin0Pcod": "BD", "date": "2015-01-01", "validOn": "2018-04-10", "validTo": null, "Shape_Leng": 0.20038457574, "Shape_Area": 0.00203084545, "name": "Ward No-01" }, "geometry": { "type": "Point", "coordinates": [ 91.786495484099774, 22.426589550936111 ] } },
{ "type": "Feature", "properties": { "rand_point_id": 315, "OBJECTID": 120, "admin4Name": "Ward No-01", "admin4Pcod": "20150601", "admin4RefN": null, "admin4AltN": null, "admin4Al_1": null, "admin3Name": "Bayejid Bostami", "admin3Pcod": "201506", "admin2Name": "Chittagong", "admin2Pcod": "2015", "admin1Name": "Chittagong", "admin1Pcod": "20", "admin0Name": "Bangladesh", "admin0Pcod": "BD", "date": "2015-01-01", "validOn": "2018-04-10", "validTo": null, "Shape_Leng": 0.20038457574, "Shape_Area": 0.00203084545, "name": "Ward No-01" }, "geometry": { "type": "Point", "coordinates": [ 91.847624907451134, 22.357772561314139 ] } },
{ "type": "Feature", "properties": { "rand_point_id": 316, "OBJECTID": 120, "admin4Name": "Ward No-01", "admin4Pcod": "20150601", "admin4RefN": null, "admin4AltN": null, "admin4Al_1": null, "admin3Name": "Bayejid Bostami", "admin3Pcod": "201506", "admin2Name": "Chittagong", "admin2Pcod": "2015", "admin1Name": "Chittagong", "admin1Pcod": "20", "admin0Name": "Bangladesh", "admin0Pcod": "BD", "date": "2015-01-01", "validOn": "2018-04-10", "validTo": null, "Shape_Leng": 0.20038457574, "Shape_Area": 0.00203084545, "name": "Ward No-01" }, "geometry": { "type": "Point", "coordinates": [ 91.777560459458215, 22.346604381168024 ] } },
{ "type": "Feature", "properties": { "rand_point_id": 317, "OBJECTID": 120, "admin4Name": "Ward No-01", "admin4Pcod": "20150601", "admin4RefN": null, "admin4AltN": null, "admin4Al_1": null, "admin3Name": "Bayejid Bostami", "admin3Pcod": "201506", "admin2Name": "Chittagong", "admin2Pcod": "2015", "admin1Name": "Chittagong", "admin1Pcod": "20", "admin0Name": "Bangladesh", "admin0Pcod": "BD", "date": "2015-01-01", "validOn": "2018-04-10", "validTo": null, "Shape_Leng": 0.20038457574, "Shape_Area": 0.00203084545, "name": "Ward No-01" }, "geometry": { "type": "Point", "coordinates": [ 91.821495659134357, 22.366163533751401 ] } },
{ "type": "Feature", "properties": { "rand_point_id": 318, "OBJECTID": 120, "admin4Name": "Ward No-01", "admin4Pcod": "20150601", "admin4RefN": null, "admin4AltN": null, "admin4Al_1": null, "admin3Name": "Bayejid Bostami", "admin3Pcod": "201506", "admin2Name": "Chittagong", "admin2Pcod": "2015", "admin1Name": "Chittagong", "admin1Pcod": "20", "admin0Name": "Bangladesh", "admin0Pcod": "BD", "date": "2015-01-01", "validOn": "2018-04-10", "validTo": null, "Shape_Leng": 0.20038457574, "Shape_Area": 0.00203084545, "name": "Ward No-01" }, "geometry": { "type": "Point", "coordinates": [ 91.801071957642421, 22.270169452390775 ] } },
{ "type": "Feature", "properties": { "rand_point_id": 319, "OBJECTID": 120, "admin4Name": "Ward No-01", "admin4Pcod": "20150601", "admin4RefN": null, "admin4AltN": null, "admin4Al_1": null, "admin3Name": "Bayejid Bostami", "admin3Pcod": "201506", "admin2Name": "Chittagong", "admin2Pcod": "2015", "admin1Name": "Chittagong", "admin1Pcod": "20", "admin0Name": "Bangladesh", "admin0Pcod": "BD", "date": "2015-01-01", "validOn": "2018-04-10", "validTo": null, "Shape_Leng": 0.20038457574, "Shape_Area": 0.00203084545, "name": "Ward No-01" }, "geometry": { "type": "Point", "coordinates": [ 91.831288114924817, 22.373999388432289 ] } },
{ "type": "Feature", "properties": { "rand_point_id": 320, "OBJECTID": 120, "admin4Name": "Ward No-01", "admin4Pcod": "20150601", "admin4RefN": null, "admin4AltN": null, "admin4Al_1": null, "admin3Name": "Bayejid Bostami", "admin3Pcod": "201506", "admin2Name": "Chittagong", "admin2Pcod": "2015", "admin1Name": "Chittagong", "admin1Pcod": "20", "admin0Name": "Bangladesh", "admin0Pcod": "BD", "date": "2015-01-01", "validOn": "2018-04-10", "validTo": null, "Shape_Leng": 0.20038457574, "Shape_Area": 0.00203084545, "name": "Ward No-01" }, "geometry": { "type": "Point", "coordinates": [ 91.80764621914507, 22.374117271695294 ] } },
{ "type": "Feature", "properties": { "rand_point_id": 321, "OBJECTID": 120, "admin4Name": "Ward No-01", "admin4Pcod": "20150601", "admin4RefN": null, "admin4AltN": null, "admin4Al_1": null, "admin3Name": "Bayejid Bostami", "admin3Pcod": "201506", "admin2Name": "Chittagong", "admin2Pcod": "2015", "admin1Name": "Chittagong", "admin1Pcod": "20", "admin0Name": "Bangladesh", "admin0Pcod": "BD", "date": "2015-01-01", "validOn": "2018-04-10", "validTo": null, "Shape_Leng": 0.20038457574, "Shape_Area": 0.00203084545, "name": "Ward No-01" }, "geometry": { "type": "Point", "coordinates": [ 91.812214153517573, 22.327794418954767 ] } },
{ "type": "Feature", "properties": { "rand_point_id": 322, "OBJECTID": 120, "admin4Name": "Ward No-01", "admin4Pcod": "20150601", "admin4RefN": null, "admin4AltN": null, "admin4Al_1": null, "admin3Name": "Bayejid Bostami", "admin3Pcod": "201506", "admin2Name": "Chittagong", "admin2Pcod": "2015", "admin1Name": "Chittagong", "admin1Pcod": "20", "admin0Name": "Bangladesh", "admin0Pcod": "BD", "date": "2015-01-01", "validOn": "2018-04-10", "validTo": null, "Shape_Leng": 0.20038457574, "Shape_Area": 0.00203084545, "name": "Ward No-01" }, "geometry": { "type": "Point", "coordinates": [ 91.796021378103362, 22.336008622665744 ] } },
{ "type": "Feature", "properties": { "rand_point_id": 323, "OBJECTID": 120, "admin4Name": "Ward No-01", "admin4Pcod": "20150601", "admin4RefN": null, "admin4AltN": null, "admin4Al_1": null, "admin3Name": "Bayejid Bostami", "admin3Pcod": "201506", "admin2Name": "Chittagong", "admin2Pcod": "2015", "admin1Name": "Chittagong", "admin1Pcod": "20", "admin0Name": "Bangladesh", "admin0Pcod": "BD", "date": "2015-01-01", "validOn": "2018-04-10", "validTo": null, "Shape_Leng": 0.20038457574, "Shape_Area": 0.00203084545, "name": "Ward No-01" }, "geometry": { "type": "Point", "coordinates": [ 91.86373352222914, 22.364330922675201 ] } },
{ "type": "Feature", "properties": { "rand_point_id": 324, "OBJECTID": 120, "admin4Name": "Ward No-01", "admin4Pcod": "20150601", "admin4RefN": null, "admin4AltN": null, "admin4Al_1": null, "admin3Name": "Bayejid Bostami", "admin3Pcod": "201506", "admin2Name": "Chittagong", "admin2Pcod": "2015", "admin1Name": "Chittagong", "admin1Pcod": "20", "admin0Name": "Bangladesh", "admin0Pcod": "BD", "date": "2015-01-01", "validOn": "2018-04-10", "validTo": null, "Shape_Leng": 0.20038457574, "Shape_Area": 0.00203084545, "name": "Ward No-01" }, "geometry": { "type": "Point", "coordinates": [ 91.779156214248999, 22.459767744960779 ] } },
{ "type": "Feature", "properties": { "rand_point_id": 325, "OBJECTID": 120, "admin4Name": "Ward No-01", "admin4Pcod": "20150601", "admin4RefN": null, "admin4AltN": null, "admin4Al_1": null, "admin3Name": "Bayejid Bostami", "admin3Pcod": "201506", "admin2Name": "Chittagong", "admin2Pcod": "2015", "admin1Name": "Chittagong", "admin1Pcod": "20", "admin0Name": "Bangladesh", "admin0Pcod": "BD", "date": "2015-01-01", "validOn": "2018-04-10", "validTo": null, "Shape_Leng": 0.20038457574, "Shape_Area": 0.00203084545, "name": "Ward No-01" }, "geometry": { "type": "Point", "coordinates": [ 91.862403441807899, 22.351675973702839 ] } },
{ "type": "Feature", "properties": { "rand_point_id": 326, "OBJECTID": 120, "admin4Name": "Ward No-01", "admin4Pcod": "20150601", "admin4RefN": null, "admin4AltN": null, "admin4Al_1": null, "admin3Name": "Bayejid Bostami", "admin3Pcod": "201506", "admin2Name": "Chittagong", "admin2Pcod": "2015", "admin1Name": "Chittagong", "admin1Pcod": "20", "admin0Name": "Bangladesh", "admin0Pcod": "BD", "date": "2015-01-01", "validOn": "2018-04-10", "validTo": null, "Shape_Leng": 0.20038457574, "Shape_Area": 0.00203084545, "name": "Ward No-01" }, "geometry": { "type": "Point", "coordinates": [ 91.828229112562866, 22.344819753782634 ] } },
{ "type": "Feature", "properties": { "rand_point_id": 327, "OBJECTID": 120, "admin4Name": "Ward No-01", "admin4Pcod": "20150601", "admin4RefN": null, "admin4AltN": null, "admin4Al_1": null, "admin3Name": "Bayejid Bostami", "admin3Pcod": "201506", "admin2Name": "Chittagong", "admin2Pcod": "2015", "admin1Name": "Chittagong", "admin1Pcod": "20", "admin0Name": "Bangladesh", "admin0Pcod": "BD", "date": "2015-01-01", "validOn": "2018-04-10", "validTo": null, "Shape_Leng": 0.20038457574, "Shape_Area": 0.00203084545, "name": "Ward No-01" }, "geometry": { "type": "Point", "coordinates": [ 91.851499659958861, 22.351386485264008 ] } },
{ "type": "Feature", "properties": { "rand_point_id": 328, "OBJECTID": 120, "admin4Name": "Ward No-01", "admin4Pcod": "20150601", "admin4RefN": null, "admin4AltN": null, "admin4Al_1": null, "admin3Name": "Bayejid Bostami", "admin3Pcod": "201506", "admin2Name": "Chittagong", "admin2Pcod": "2015", "admin1Name": "Chittagong", "admin1Pcod": "20", "admin0Name": "Bangladesh", "admin0Pcod": "BD", "date": "2015-01-01", "validOn": "2018-04-10", "validTo": null, "Shape_Leng": 0.20038457574, "Shape_Area": 0.00203084545, "name": "Ward No-01" }, "geometry": { "type": "Point", "coordinates": [ 91.780675061665022, 22.294255311831272 ] } },
{ "type": "Feature", "properties": { "rand_point_id": 329, "OBJECTID": 120, "admin4Name": "Ward No-01", "admin4Pcod": "20150601", "admin4RefN": null, "admin4AltN": null, "admin4Al_1": null, "admin3Name": "Bayejid Bostami", "admin3Pcod": "201506", "admin2Name": "Chittagong", "admin2Pcod": "2015", "admin1Name": "Chittagong", "admin1Pcod": "20", "admin0Name": "Bangladesh", "admin0Pcod": "BD", "date": "2015-01-01", "validOn": "2018-04-10", "validTo": null, "Shape_Leng": 0.20038457574, "Shape_Area": 0.00203084545, "name": "Ward No-01" }, "geometry": { "type": "Point", "coordinates": [ 91.829585710331273, 22.251175518736904 ] } },
{ "type": "Feature", "properties": { "rand_point_id": 330, "OBJECTID": 120, "admin4Name": "Ward No-01", "admin4Pcod": "20150601", "admin4RefN": null, "admin4AltN": null, "admin4Al_1": null, "admin3Name": "Bayejid Bostami", "admin3Pcod": "201506", "admin2Name": "Chittagong", "admin2Pcod": "2015", "admin1Name": "Chittagong", "admin1Pcod": "20", "admin0Name": "Bangladesh", "admin0Pcod": "BD", "date": "2015-01-01", "validOn": "2018-04-10", "validTo": null, "Shape_Leng": 0.20038457574, "Shape_Area": 0.00203084545, "name": "Ward No-01" }, "geometry": { "type": "Point", "coordinates": [ 91.826632543538864, 22.405788276482845 ] } },
{ "type": "Feature", "properties": { "rand_point_id": 331, "OBJECTID": 120, "admin4Name": "Ward No-01", "admin4Pcod": "20150601", "admin4RefN": null, "admin4AltN": null, "admin4Al_1": null, "admin3Name": "Bayejid Bostami", "admin3Pcod": "201506", "admin2Name": "Chittagong", "admin2Pcod": "2015", "admin1Name": "Chittagong", "admin1Pcod": "20", "admin0Name": "Bangladesh", "admin0Pcod": "BD", "date": "2015-01-01", "validOn": "2018-04-10", "validTo": null, "Shape_Leng": 0.20038457574, "Shape_Area": 0.00203084545, "name": "Ward No-01" }, "geometry": { "type": "Point", "coordinates": [ 91.858126304410575, 22.388843527121402 ] } },
{ "type": "Feature", "properties": { "rand_point_id": 332, "OBJECTID": 120, "admin4Name": "Ward No-01", "admin4Pcod": "20150601", "admin4RefN": null, "admin4AltN": null, "admin4Al_1": null, "admin3Name": "Bayejid Bostami", "admin3Pcod": "201506", "admin2Name": "Chittagong", "admin2Pcod": "2015", "admin1Name": "Chittagong", "admin1Pcod": "20", "admin0Name": "Bangladesh", "admin0Pcod": "BD", "date": "2015-01-01", "validOn": "2018-04-10", "validTo": null, "Shape_Leng": 0.20038457574, "Shape_Area": 0.00203084545, "name": "Ward No-01" }, "geometry": { "type": "Point", "coordinates": [ 91.79950665539161, 22.252975684272933 ] } },
{ "type": "Feature", "properties": { "rand_point_id": 333, "OBJECTID": 120, "admin4Name": "Ward No-01", "admin4Pcod": "20150601", "admin4RefN": null, "admin4AltN": null, "admin4Al_1": null, "admin3Name": "Bayejid Bostami", "admin3Pcod": "201506", "admin2Name": "Chittagong", "admin2Pcod": "2015", "admin1Name": "Chittagong", "admin1Pcod": "20", "admin0Name": "Bangladesh", "admin0Pcod": "BD", "date": "2015-01-01", "validOn": "2018-04-10", "validTo": null, "Shape_Leng": 0.20038457574, "Shape_Area": 0.00203084545, "name": "Ward No-01" }, "geometry": { "type": "Point", "coordinates": [ 91.846809755271579, 22.373426110741427 ] } },
{ "type": "Feature", "properties": { "rand_point_id": 334, "OBJECTID": 120, "admin4Name": "Ward No-01", "admin4Pcod": "20150601", "admin4RefN": null, "admin4AltN": null, "admin4Al_1": null, "admin3Name": "Bayejid Bostami", "admin3Pcod": "201506", "admin2Name": "Chittagong", "admin2Pcod": "2015", "admin1Name": "Chittagong", "admin1Pcod": "20", "admin0Name": "Bangladesh", "admin0Pcod": "BD", "date": "2015-01-01", "validOn": "2018-04-10", "validTo": null, "Shape_Leng": 0.20038457574, "Shape_Area": 0.00203084545, "name": "Ward No-01" }, "geometry": { "type": "Point", "coordinates": [ 91.774776248842628, 22.35098877938422 ] } },
{ "type": "Feature", "properties": { "rand_point_id": 335, "OBJECTID": 120, "admin4Name": "Ward No-01", "admin4Pcod": "20150601", "admin4RefN": null, "admin4AltN": null, "admin4Al_1": null, "admin3Name": "Bayejid Bostami", "admin3Pcod": "201506", "admin2Name": "Chittagong", "admin2Pcod": "2015", "admin1Name": "Chittagong", "admin1Pcod": "20", "admin0Name": "Bangladesh", "admin0Pcod": "BD", "date": "2015-01-01", "validOn": "2018-04-10", "validTo": null, "Shape_Leng": 0.20038457574, "Shape_Area": 0.00203084545, "name": "Ward No-01" }, "geometry": { "type": "Point", "coordinates": [ 91.796856987830026, 22.274474474000442 ] } },
{ "type": "Feature", "properties": { "rand_point_id": 336, "OBJECTID": 120, "admin4Name": "Ward No-01", "admin4Pcod": "20150601", "admin4RefN": null, "admin4AltN": null, "admin4Al_1": null, "admin3Name": "Bayejid Bostami", "admin3Pcod": "201506", "admin2Name": "Chittagong", "admin2Pcod": "2015", "admin1Name": "Chittagong", "admin1Pcod": "20", "admin0Name": "Bangladesh", "admin0Pcod": "BD", "date": "2015-01-01", "validOn": "2018-04-10", "validTo": null, "Shape_Leng": 0.20038457574, "Shape_Area": 0.00203084545, "name": "Ward No-01" }, "geometry": { "type": "Point", "coordinates": [ 91.822519752838559, 22.397184892435615 ] } },
{ "type": "Feature", "properties": { "rand_point_id": 337, "OBJECTID": 120, "admin4Name": "Ward No-01", "admin4Pcod": "20150601", "admin4RefN": null, "admin4AltN": null, "admin4Al_1": null, "admin3Name": "Bayejid Bostami", "admin3Pcod": "201506", "admin2Name": "Chittagong", "admin2Pcod": "2015", "admin1Name": "Chittagong", "admin1Pcod": "20", "admin0Name": "Bangladesh", "admin0Pcod": "BD", "date": "2015-01-01", "validOn": "2018-04-10", "validTo": null, "Shape_Leng": 0.20038457574, "Shape_Area": 0.00203084545, "name": "Ward No-01" }, "geometry": { "type": "Point", "coordinates": [ 91.793068156646328, 22.291274278429082 ] } },
{ "type": "Feature", "properties": { "rand_point_id": 338, "OBJECTID": 120, "admin4Name": "Ward No-01", "admin4Pcod": "20150601", "admin4RefN": null, "admin4AltN": null, "admin4Al_1": null, "admin3Name": "Bayejid Bostami", "admin3Pcod": "201506", "admin2Name": "Chittagong", "admin2Pcod": "2015", "admin1Name": "Chittagong", "admin1Pcod": "20", "admin0Name": "Bangladesh", "admin0Pcod": "BD", "date": "2015-01-01", "validOn": "2018-04-10", "validTo": null, "Shape_Leng": 0.20038457574, "Shape_Area": 0.00203084545, "name": "Ward No-01" }, "geometry": { "type": "Point", "coordinates": [ 91.779621489588166, 22.361450708096825 ] } },
{ "type": "Feature", "properties": { "rand_point_id": 339, "OBJECTID": 120, "admin4Name": "Ward No-01", "admin4Pcod": "20150601", "admin4RefN": null, "admin4AltN": null, "admin4Al_1": null, "admin3Name": "Bayejid Bostami", "admin3Pcod": "201506", "admin2Name": "Chittagong", "admin2Pcod": "2015", "admin1Name": "Chittagong", "admin1Pcod": "20", "admin0Name": "Bangladesh", "admin0Pcod": "BD", "date": "2015-01-01", "validOn": "2018-04-10", "validTo": null, "Shape_Leng": 0.20038457574, "Shape_Area": 0.00203084545, "name": "Ward No-01" }, "geometry": { "type": "Point", "coordinates": [ 91.808754130598544, 22.396024936070248 ] } },
{ "type": "Feature", "properties": { "rand_point_id": 340, "OBJECTID": 120, "admin4Name": "Ward No-01", "admin4Pcod": "20150601", "admin4RefN": null, "admin4AltN": null, "admin4Al_1": null, "admin3Name": "Bayejid Bostami", "admin3Pcod": "201506", "admin2Name": "Chittagong", "admin2Pcod": "2015", "admin1Name": "Chittagong", "admin1Pcod": "20", "admin0Name": "Bangladesh", "admin0Pcod": "BD", "date": "2015-01-01", "validOn": "2018-04-10", "validTo": null, "Shape_Leng": 0.20038457574, "Shape_Area": 0.00203084545, "name": "Ward No-01" }, "geometry": { "type": "Point", "coordinates": [ 91.824886749654851, 22.337793224413272 ] } },
{ "type": "Feature", "properties": { "rand_point_id": 341, "OBJECTID": 120, "admin4Name": "Ward No-01", "admin4Pcod": "20150601", "admin4RefN": null, "admin4AltN": null, "admin4Al_1": null, "admin3Name": "Bayejid Bostami", "admin3Pcod": "201506", "admin2Name": "Chittagong", "admin2Pcod": "2015", "admin1Name": "Chittagong", "admin1Pcod": "20", "admin0Name": "Bangladesh", "admin0Pcod": "BD", "date": "2015-01-01", "validOn": "2018-04-10", "validTo": null, "Shape_Leng": 0.20038457574, "Shape_Area": 0.00203084545, "name": "Ward No-01" }, "geometry": { "type": "Point", "coordinates": [ 91.817242906870717, 22.259952766059413 ] } },
{ "type": "Feature", "properties": { "rand_point_id": 342, "OBJECTID": 120, "admin4Name": "Ward No-01", "admin4Pcod": "20150601", "admin4RefN": null, "admin4AltN": null, "admin4Al_1": null, "admin3Name": "Bayejid Bostami", "admin3Pcod": "201506", "admin2Name": "Chittagong", "admin2Pcod": "2015", "admin1Name": "Chittagong", "admin1Pcod": "20", "admin0Name": "Bangladesh", "admin0Pcod": "BD", "date": "2015-01-01", "validOn": "2018-04-10", "validTo": null, "Shape_Leng": 0.20038457574, "Shape_Area": 0.00203084545, "name": "Ward No-01" }, "geometry": { "type": "Point", "coordinates": [ 91.80509362473876, 22.359604231491179 ] } },
{ "type": "Feature", "properties": { "rand_point_id": 343, "OBJECTID": 120, "admin4Name": "Ward No-01", "admin4Pcod": "20150601", "admin4RefN": null, "admin4AltN": null, "admin4Al_1": null, "admin3Name": "Bayejid Bostami", "admin3Pcod": "201506", "admin2Name": "Chittagong", "admin2Pcod": "2015", "admin1Name": "Chittagong", "admin1Pcod": "20", "admin0Name": "Bangladesh", "admin0Pcod": "BD", "date": "2015-01-01", "validOn": "2018-04-10", "validTo": null, "Shape_Leng": 0.20038457574, "Shape_Area": 0.00203084545, "name": "Ward No-01" }, "geometry": { "type": "Point", "coordinates": [ 91.816259775006486, 22.420734159372227 ] } },
{ "type": "Feature", "properties": { "rand_point_id": 344, "OBJECTID": 120, "admin4Name": "Ward No-01", "admin4Pcod": "20150601", "admin4RefN": null, "admin4AltN": null, "admin4Al_1": null, "admin3Name": "Bayejid Bostami", "admin3Pcod": "201506", "admin2Name": "Chittagong", "admin2Pcod": "2015", "admin1Name": "Chittagong", "admin1Pcod": "20", "admin0Name": "Bangladesh", "admin0Pcod": "BD", "date": "2015-01-01", "validOn": "2018-04-10", "validTo": null, "Shape_Leng": 0.20038457574, "Shape_Area": 0.00203084545, "name": "Ward No-01" }, "geometry": { "type": "Point", "coordinates": [ 91.849791787960285, 22.363147069958586 ] } },
{ "type": "Feature", "properties": { "rand_point_id": 345, "OBJECTID": 120, "admin4Name": "Ward No-01", "admin4Pcod": "20150601", "admin4RefN": null, "admin4AltN": null, "admin4Al_1": null, "admin3Name": "Bayejid Bostami", "admin3Pcod": "201506", "admin2Name": "Chittagong", "admin2Pcod": "2015", "admin1Name": "Chittagong", "admin1Pcod": "20", "admin0Name": "Bangladesh", "admin0Pcod": "BD", "date": "2015-01-01", "validOn": "2018-04-10", "validTo": null, "Shape_Leng": 0.20038457574, "Shape_Area": 0.00203084545, "name": "Ward No-01" }, "geometry": { "type": "Point", "coordinates": [ 91.793701295119789, 22.405367817305486 ] } },
{ "type": "Feature", "properties": { "rand_point_id": 346, "OBJECTID": 120, "admin4Name": "Ward No-01", "admin4Pcod": "20150601", "admin4RefN": null, "admin4AltN": null, "admin4Al_1": null, "admin3Name": "Bayejid Bostami", "admin3Pcod": "201506", "admin2Name": "Chittagong", "admin2Pcod": "2015", "admin1Name": "Chittagong", "admin1Pcod": "20", "admin0Name": "Bangladesh", "admin0Pcod": "BD", "date": "2015-01-01", "validOn": "2018-04-10", "validTo": null, "Shape_Leng": 0.20038457574, "Shape_Area": 0.00203084545, "name": "Ward No-01" }, "geometry": { "type": "Point", "coordinates": [ 91.833964443434084, 22.370611140802808 ] } },
{ "type": "Feature", "properties": { "rand_point_id": 347, "OBJECTID": 120, "admin4Name": "Ward No-01", "admin4Pcod": "20150601", "admin4RefN": null, "admin4AltN": null, "admin4Al_1": null, "admin3Name": "Bayejid Bostami", "admin3Pcod": "201506", "admin2Name": "Chittagong", "admin2Pcod": "2015", "admin1Name": "Chittagong", "admin1Pcod": "20", "admin0Name": "Bangladesh", "admin0Pcod": "BD", "date": "2015-01-01", "validOn": "2018-04-10", "validTo": null, "Shape_Leng": 0.20038457574, "Shape_Area": 0.00203084545, "name": "Ward No-01" }, "geometry": { "type": "Point", "coordinates": [ 91.802579610387639, 22.42244992208941 ] } },
{ "type": "Feature", "properties": { "rand_point_id": 348, "OBJECTID": 120, "admin4Name": "Ward No-01", "admin4Pcod": "20150601", "admin4RefN": null, "admin4AltN": null, "admin4Al_1": null, "admin3Name": "Bayejid Bostami", "admin3Pcod": "201506", "admin2Name": "Chittagong", "admin2Pcod": "2015", "admin1Name": "Chittagong", "admin1Pcod": "20", "admin0Name": "Bangladesh", "admin0Pcod": "BD", "date": "2015-01-01", "validOn": "2018-04-10", "validTo": null, "Shape_Leng": 0.20038457574, "Shape_Area": 0.00203084545, "name": "Ward No-01" }, "geometry": { "type": "Point", "coordinates": [ 91.784500404808227, 22.271382387572537 ] } },
{ "type": "Feature", "properties": { "rand_point_id": 349, "OBJECTID": 120, "admin4Name": "Ward No-01", "admin4Pcod": "20150601", "admin4RefN": null, "admin4AltN": null, "admin4Al_1": null, "admin3Name": "Bayejid Bostami", "admin3Pcod": "201506", "admin2Name": "Chittagong", "admin2Pcod": "2015", "admin1Name": "Chittagong", "admin1Pcod": "20", "admin0Name": "Bangladesh", "admin0Pcod": "BD", "date": "2015-01-01", "validOn": "2018-04-10", "validTo": null, "Shape_Leng": 0.20038457574, "Shape_Area": 0.00203084545, "name": "Ward No-01" }, "geometry": { "type": "Point", "coordinates": [ 91.79823019329271, 22.364133561847886 ] } },
{ "type": "Feature", "properties": { "rand_point_id": 350, "OBJECTID": 120, "admin4Name": "Ward No-01", "admin4Pcod": "20150601", "admin4RefN": null, "admin4AltN": null, "admin4Al_1": null, "admin3Name": "Bayejid Bostami", "admin3Pcod": "201506", "admin2Name": "Chittagong", "admin2Pcod": "2015", "admin1Name": "Chittagong", "admin1Pcod": "20", "admin0Name": "Bangladesh", "admin0Pcod": "BD", "date": "2015-01-01", "validOn": "2018-04-10", "validTo": null, "Shape_Leng": 0.20038457574, "Shape_Area": 0.00203084545, "name": "Ward No-01" }, "geometry": { "type": "Point", "coordinates": [ 91.811165501056479, 22.452885485599449 ] } },
{ "type": "Feature", "properties": { "rand_point_id": 351, "OBJECTID": 120, "admin4Name": "Ward No-01", "admin4Pcod": "20150601", "admin4RefN": null, "admin4AltN": null, "admin4Al_1": null, "admin3Name": "Bayejid Bostami", "admin3Pcod": "201506", "admin2Name": "Chittagong", "admin2Pcod": "2015", "admin1Name": "Chittagong", "admin1Pcod": "20", "admin0Name": "Bangladesh", "admin0Pcod": "BD", "date": "2015-01-01", "validOn": "2018-04-10", "validTo": null, "Shape_Leng": 0.20038457574, "Shape_Area": 0.00203084545, "name": "Ward No-01" }, "geometry": { "type": "Point", "coordinates": [ 91.7794994393076, 22.312408089369701 ] } },
{ "type": "Feature", "properties": { "rand_point_id": 352, "OBJECTID": 120, "admin4Name": "Ward No-01", "admin4Pcod": "20150601", "admin4RefN": null, "admin4AltN": null, "admin4Al_1": null, "admin3Name": "Bayejid Bostami", "admin3Pcod": "201506", "admin2Name": "Chittagong", "admin2Pcod": "2015", "admin1Name": "Chittagong", "admin1Pcod": "20", "admin0Name": "Bangladesh", "admin0Pcod": "BD", "date": "2015-01-01", "validOn": "2018-04-10", "validTo": null, "Shape_Leng": 0.20038457574, "Shape_Area": 0.00203084545, "name": "Ward No-01" }, "geometry": { "type": "Point", "coordinates": [ 91.789663471747062, 22.299854998529266 ] } },
{ "type": "Feature", "properties": { "rand_point_id": 353, "OBJECTID": 120, "admin4Name": "Ward No-01", "admin4Pcod": "20150601", "admin4RefN": null, "admin4AltN": null, "admin4Al_1": null, "admin3Name": "Bayejid Bostami", "admin3Pcod": "201506", "admin2Name": "Chittagong", "admin2Pcod": "2015", "admin1Name": "Chittagong", "admin1Pcod": "20", "admin0Name": "Bangladesh", "admin0Pcod": "BD", "date": "2015-01-01", "validOn": "2018-04-10", "validTo": null, "Shape_Leng": 0.20038457574, "Shape_Area": 0.00203084545, "name": "Ward No-01" }, "geometry": { "type": "Point", "coordinates": [ 91.7873935925128, 22.384865056017478 ] } },
{ "type": "Feature", "properties": { "rand_point_id": 354, "OBJECTID": 120, "admin4Name": "Ward No-01", "admin4Pcod": "20150601", "admin4RefN": null, "admin4AltN": null, "admin4Al_1": null, "admin3Name": "Bayejid Bostami", "admin3Pcod": "201506", "admin2Name": "Chittagong", "admin2Pcod": "2015", "admin1Name": "Chittagong", "admin1Pcod": "20", "admin0Name": "Bangladesh", "admin0Pcod": "BD", "date": "2015-01-01", "validOn": "2018-04-10", "validTo": null, "Shape_Leng": 0.20038457574, "Shape_Area": 0.00203084545, "name": "Ward No-01" }, "geometry": { "type": "Point", "coordinates": [ 91.777358508659631, 22.457894053341604 ] } },
{ "type": "Feature", "properties": { "rand_point_id": 355, "OBJECTID": 120, "admin4Name": "Ward No-01", "admin4Pcod": "20150601", "admin4RefN": null, "admin4AltN": null, "admin4Al_1": null, "admin3Name": "Bayejid Bostami", "admin3Pcod": "201506", "admin2Name": "Chittagong", "admin2Pcod": "2015", "admin1Name": "Chittagong", "admin1Pcod": "20", "admin0Name": "Bangladesh", "admin0Pcod": "BD", "date": "2015-01-01", "validOn": "2018-04-10", "validTo": null, "Shape_Leng": 0.20038457574, "Shape_Area": 0.00203084545, "name": "Ward No-01" }, "geometry": { "type": "Point", "coordinates": [ 91.822031406562161, 22.377361513692808 ] } },
{ "type": "Feature", "properties": { "rand_point_id": 356, "OBJECTID": 120, "admin4Name": "Ward No-01", "admin4Pcod": "20150601", "admin4RefN": null, "admin4AltN": null, "admin4Al_1": null, "admin3Name": "Bayejid Bostami", "admin3Pcod": "201506", "admin2Name": "Chittagong", "admin2Pcod": "2015", "admin1Name": "Chittagong", "admin1Pcod": "20", "admin0Name": "Bangladesh", "admin0Pcod": "BD", "date": "2015-01-01", "validOn": "2018-04-10", "validTo": null, "Shape_Leng": 0.20038457574, "Shape_Area": 0.00203084545, "name": "Ward No-01" }, "geometry": { "type": "Point", "coordinates": [ 91.789650196975913, 22.316737206417177 ] } },
{ "type": "Feature", "properties": { "rand_point_id": 357, "OBJECTID": 120, "admin4Name": "Ward No-01", "admin4Pcod": "20150601", "admin4RefN": null, "admin4AltN": null, "admin4Al_1": null, "admin3Name": "Bayejid Bostami", "admin3Pcod": "201506", "admin2Name": "Chittagong", "admin2Pcod": "2015", "admin1Name": "Chittagong", "admin1Pcod": "20", "admin0Name": "Bangladesh", "admin0Pcod": "BD", "date": "2015-01-01", "validOn": "2018-04-10", "validTo": null, "Shape_Leng": 0.20038457574, "Shape_Area": 0.00203084545, "name": "Ward No-01" }, "geometry": { "type": "Point", "coordinates": [ 91.87292981770878, 22.390592774870679 ] } },
{ "type": "Feature", "properties": { "rand_point_id": 358, "OBJECTID": 120, "admin4Name": "Ward No-01", "admin4Pcod": "20150601", "admin4RefN": null, "admin4AltN": null, "admin4Al_1": null, "admin3Name": "Bayejid Bostami", "admin3Pcod": "201506", "admin2Name": "Chittagong", "admin2Pcod": "2015", "admin1Name": "Chittagong", "admin1Pcod": "20", "admin0Name": "Bangladesh", "admin0Pcod": "BD", "date": "2015-01-01", "validOn": "2018-04-10", "validTo": null, "Shape_Leng": 0.20038457574, "Shape_Area": 0.00203084545, "name": "Ward No-01" }, "geometry": { "type": "Point", "coordinates": [ 91.782637453118539, 22.33047333793661 ] } },
{ "type": "Feature", "properties": { "rand_point_id": 359, "OBJECTID": 120, "admin4Name": "Ward No-01", "admin4Pcod": "20150601", "admin4RefN": null, "admin4AltN": null, "admin4Al_1": null, "admin3Name": "Bayejid Bostami", "admin3Pcod": "201506", "admin2Name": "Chittagong", "admin2Pcod": "2015", "admin1Name": "Chittagong", "admin1Pcod": "20", "admin0Name": "Bangladesh", "admin0Pcod": "BD", "date": "2015-01-01", "validOn": "2018-04-10", "validTo": null, "Shape_Leng": 0.20038457574, "Shape_Area": 0.00203084545, "name": "Ward No-01" }, "geometry": { "type": "Point", "coordinates": [ 91.777457753711829, 22.344257305901607 ] } },
{ "type": "Feature", "properties": { "rand_point_id": 360, "OBJECTID": 120, "admin4Name": "Ward No-01", "admin4Pcod": "20150601", "admin4RefN": null, "admin4AltN": null, "admin4Al_1": null, "admin3Name": "Bayejid Bostami", "admin3Pcod": "201506", "admin2Name": "Chittagong", "admin2Pcod": "2015", "admin1Name": "Chittagong", "admin1Pcod": "20", "admin0Name": "Bangladesh", "admin0Pcod": "BD", "date": "2015-01-01", "validOn": "2018-04-10", "validTo": null, "Shape_Leng": 0.20038457574, "Shape_Area": 0.00203084545, "name": "Ward No-01" }, "geometry": { "type": "Point", "coordinates": [ 91.857347040994611, 22.354765300027058 ] } },
{ "type": "Feature", "properties": { "rand_point_id": 361, "OBJECTID": 120, "admin4Name": "Ward No-01", "admin4Pcod": "20150601", "admin4RefN": null, "admin4AltN": null, "admin4Al_1": null, "admin3Name": "Bayejid Bostami", "admin3Pcod": "201506", "admin2Name": "Chittagong", "admin2Pcod": "2015", "admin1Name": "Chittagong", "admin1Pcod": "20", "admin0Name": "Bangladesh", "admin0Pcod": "BD", "date": "2015-01-01", "validOn": "2018-04-10", "validTo": null, "Shape_Leng": 0.20038457574, "Shape_Area": 0.00203084545, "name": "Ward No-01" }, "geometry": { "type": "Point", "coordinates": [ 91.778558697965963, 22.374906954758096 ] } },
{ "type": "Feature", "properties": { "rand_point_id": 362, "OBJECTID": 120, "admin4Name": "Ward No-01", "admin4Pcod": "20150601", "admin4RefN": null, "admin4AltN": null, "admin4Al_1": null, "admin3Name": "Bayejid Bostami", "admin3Pcod": "201506", "admin2Name": "Chittagong", "admin2Pcod": "2015", "admin1Name": "Chittagong", "admin1Pcod": "20", "admin0Name": "Bangladesh", "admin0Pcod": "BD", "date": "2015-01-01", "validOn": "2018-04-10", "validTo": null, "Shape_Leng": 0.20038457574, "Shape_Area": 0.00203084545, "name": "Ward No-01" }, "geometry": { "type": "Point", "coordinates": [ 91.876954929774314, 22.382869557161495 ] } },
{ "type": "Feature", "properties": { "rand_point_id": 363, "OBJECTID": 120, "admin4Name": "Ward No-01", "admin4Pcod": "20150601", "admin4RefN": null, "admin4AltN": null, "admin4Al_1": null, "admin3Name": "Bayejid Bostami", "admin3Pcod": "201506", "admin2Name": "Chittagong", "admin2Pcod": "2015", "admin1Name": "Chittagong", "admin1Pcod": "20", "admin0Name": "Bangladesh", "admin0Pcod": "BD", "date": "2015-01-01", "validOn": "2018-04-10", "validTo": null, "Shape_Leng": 0.20038457574, "Shape_Area": 0.00203084545, "name": "Ward No-01" }, "geometry": { "type": "Point", "coordinates": [ 91.866023753559134, 22.36105369083981 ] } },
{ "type": "Feature", "properties": { "rand_point_id": 364, "OBJECTID": 120, "admin4Name": "Ward No-01", "admin4Pcod": "20150601", "admin4RefN": null, "admin4AltN": null, "admin4Al_1": null, "admin3Name": "Bayejid Bostami", "admin3Pcod": "201506", "admin2Name": "Chittagong", "admin2Pcod": "2015", "admin1Name": "Chittagong", "admin1Pcod": "20", "admin0Name": "Bangladesh", "admin0Pcod": "BD", "date": "2015-01-01", "validOn": "2018-04-10", "validTo": null, "Shape_Leng": 0.20038457574, "Shape_Area": 0.00203084545, "name": "Ward No-01" }, "geometry": { "type": "Point", "coordinates": [ 91.807778253672268, 22.345360341525673 ] } },
{ "type": "Feature", "properties": { "rand_point_id": 365, "OBJECTID": 120, "admin4Name": "Ward No-01", "admin4Pcod": "20150601", "admin4RefN": null, "admin4AltN": null, "admin4Al_1": null, "admin3Name": "Bayejid Bostami", "admin3Pcod": "201506", "admin2Name": "Chittagong", "admin2Pcod": "2015", "admin1Name": "Chittagong", "admin1Pcod": "20", "admin0Name": "Bangladesh", "admin0Pcod": "BD", "date": "2015-01-01", "validOn": "2018-04-10", "validTo": null, "Shape_Leng": 0.20038457574, "Shape_Area": 0.00203084545, "name": "Ward No-01" }, "geometry": { "type": "Point", "coordinates": [ 91.775504127892873, 22.341473863178251 ] } },
{ "type": "Feature", "properties": { "rand_point_id": 366, "OBJECTID": 120, "admin4Name": "Ward No-01", "admin4Pcod": "20150601", "admin4RefN": null, "admin4AltN": null, "admin4Al_1": null, "admin3Name": "Bayejid Bostami", "admin3Pcod": "201506", "admin2Name": "Chittagong", "admin2Pcod": "2015", "admin1Name": "Chittagong", "admin1Pcod": "20", "admin0Name": "Bangladesh", "admin0Pcod": "BD", "date": "2015-01-01", "validOn": "2018-04-10", "validTo": null, "Shape_Leng": 0.20038457574, "Shape_Area": 0.00203084545, "name": "Ward No-01" }, "geometry": { "type": "Point", "coordinates": [ 91.862516348810928, 22.342497815489288 ] } },
{ "type": "Feature", "properties": { "rand_point_id": 367, "OBJECTID": 120, "admin4Name": "Ward No-01", "admin4Pcod": "20150601", "admin4RefN": null, "admin4AltN": null, "admin4Al_1": null, "admin3Name": "Bayejid Bostami", "admin3Pcod": "201506", "admin2Name": "Chittagong", "admin2Pcod": "2015", "admin1Name": "Chittagong", "admin1Pcod": "20", "admin0Name": "Bangladesh", "admin0Pcod": "BD", "date": "2015-01-01", "validOn": "2018-04-10", "validTo": null, "Shape_Leng": 0.20038457574, "Shape_Area": 0.00203084545, "name": "Ward No-01" }, "geometry": { "type": "Point", "coordinates": [ 91.799253531352747, 22.455256078657705 ] } },
{ "type": "Feature", "properties": { "rand_point_id": 368, "OBJECTID": 120, "admin4Name": "Ward No-01", "admin4Pcod": "20150601", "admin4RefN": null, "admin4AltN": null, "admin4Al_1": null, "admin3Name": "Bayejid Bostami", "admin3Pcod": "201506", "admin2Name": "Chittagong", "admin2Pcod": "2015", "admin1Name": "Chittagong", "admin1Pcod": "20", "admin0Name": "Bangladesh", "admin0Pcod": "BD", "date": "2015-01-01", "validOn": "2018-04-10", "validTo": null, "Shape_Leng": 0.20038457574, "Shape_Area": 0.00203084545, "name": "Ward No-01" }, "geometry": { "type": "Point", "coordinates": [ 91.789566027858982, 22.288022396796126 ] } },
{ "type": "Feature", "properties": { "rand_point_id": 369, "OBJECTID": 120, "admin4Name": "Ward No-01", "admin4Pcod": "20150601", "admin4RefN": null, "admin4AltN": null, "admin4Al_1": null, "admin3Name": "Bayejid Bostami", "admin3Pcod": "201506", "admin2Name": "Chittagong", "admin2Pcod": "2015", "admin1Name": "Chittagong", "admin1Pcod": "20", "admin0Name": "Bangladesh", "admin0Pcod": "BD", "date": "2015-01-01", "validOn": "2018-04-10", "validTo": null, "Shape_Leng": 0.20038457574, "Shape_Area": 0.00203084545, "name": "Ward No-01" }, "geometry": { "type": "Point", "coordinates": [ 91.784615369722772, 22.322739202050499 ] } },
{ "type": "Feature", "properties": { "rand_point_id": 370, "OBJECTID": 120, "admin4Name": "Ward No-01", "admin4Pcod": "20150601", "admin4RefN": null, "admin4AltN": null, "admin4Al_1": null, "admin3Name": "Bayejid Bostami", "admin3Pcod": "201506", "admin2Name": "Chittagong", "admin2Pcod": "2015", "admin1Name": "Chittagong", "admin1Pcod": "20", "admin0Name": "Bangladesh", "admin0Pcod": "BD", "date": "2015-01-01", "validOn": "2018-04-10", "validTo": null, "Shape_Leng": 0.20038457574, "Shape_Area": 0.00203084545, "name": "Ward No-01" }, "geometry": { "type": "Point", "coordinates": [ 91.841588124471343, 22.411292673189649 ] } },
{ "type": "Feature", "properties": { "rand_point_id": 371, "OBJECTID": 120, "admin4Name": "Ward No-01", "admin4Pcod": "20150601", "admin4RefN": null, "admin4AltN": null, "admin4Al_1": null, "admin3Name": "Bayejid Bostami", "admin3Pcod": "201506", "admin2Name": "Chittagong", "admin2Pcod": "2015", "admin1Name": "Chittagong", "admin1Pcod": "20", "admin0Name": "Bangladesh", "admin0Pcod": "BD", "date": "2015-01-01", "validOn": "2018-04-10", "validTo": null, "Shape_Leng": 0.20038457574, "Shape_Area": 0.00203084545, "name": "Ward No-01" }, "geometry": { "type": "Point", "coordinates": [ 91.849266171695348, 22.384086624402052 ] } },
{ "type": "Feature", "properties": { "rand_point_id": 372, "OBJECTID": 120, "admin4Name": "Ward No-01", "admin4Pcod": "20150601", "admin4RefN": null, "admin4AltN": null, "admin4Al_1": null, "admin3Name": "Bayejid Bostami", "admin3Pcod": "201506", "admin2Name": "Chittagong", "admin2Pcod": "2015", "admin1Name": "Chittagong", "admin1Pcod": "20", "admin0Name": "Bangladesh", "admin0Pcod": "BD", "date": "2015-01-01", "validOn": "2018-04-10", "validTo": null, "Shape_Leng": 0.20038457574, "Shape_Area": 0.00203084545, "name": "Ward No-01" }, "geometry": { "type": "Point", "coordinates": [ 91.851549235976805, 22.333217269175162 ] } },
{ "type": "Feature", "properties": { "rand_point_id": 373, "OBJECTID": 120, "admin4Name": "Ward No-01", "admin4Pcod": "20150601", "admin4RefN": null, "admin4AltN": null, "admin4Al_1": null, "admin3Name": "Bayejid Bostami", "admin3Pcod": "201506", "admin2Name": "Chittagong", "admin2Pcod": "2015", "admin1Name": "Chittagong", "admin1Pcod": "20", "admin0Name": "Bangladesh", "admin0Pcod": "BD", "date": "2015-01-01", "validOn": "2018-04-10", "validTo": null, "Shape_Leng": 0.20038457574, "Shape_Area": 0.00203084545, "name": "Ward No-01" }, "geometry": { "type": "Point", "coordinates": [ 91.847675500323973, 22.355530669182873 ] } },
{ "type": "Feature", "properties": { "rand_point_id": 374, "OBJECTID": 120, "admin4Name": "Ward No-01", "admin4Pcod": "20150601", "admin4RefN": null, "admin4AltN": null, "admin4Al_1": null, "admin3Name": "Bayejid Bostami", "admin3Pcod": "201506", "admin2Name": "Chittagong", "admin2Pcod": "2015", "admin1Name": "Chittagong", "admin1Pcod": "20", "admin0Name": "Bangladesh", "admin0Pcod": "BD", "date": "2015-01-01", "validOn": "2018-04-10", "validTo": null, "Shape_Leng": 0.20038457574, "Shape_Area": 0.00203084545, "name": "Ward No-01" }, "geometry": { "type": "Point", "coordinates": [ 91.821497774448702, 22.337897227482884 ] } },
{ "type": "Feature", "properties": { "rand_point_id": 375, "OBJECTID": 120, "admin4Name": "Ward No-01", "admin4Pcod": "20150601", "admin4RefN": null, "admin4AltN": null, "admin4Al_1": null, "admin3Name": "Bayejid Bostami", "admin3Pcod": "201506", "admin2Name": "Chittagong", "admin2Pcod": "2015", "admin1Name": "Chittagong", "admin1Pcod": "20", "admin0Name": "Bangladesh", "admin0Pcod": "BD", "date": "2015-01-01", "validOn": "2018-04-10", "validTo": null, "Shape_Leng": 0.20038457574, "Shape_Area": 0.00203084545, "name": "Ward No-01" }, "geometry": { "type": "Point", "coordinates": [ 91.792324103040244, 22.349763771875633 ] } },
{ "type": "Feature", "properties": { "rand_point_id": 376, "OBJECTID": 120, "admin4Name": "Ward No-01", "admin4Pcod": "20150601", "admin4RefN": null, "admin4AltN": null, "admin4Al_1": null, "admin3Name": "Bayejid Bostami", "admin3Pcod": "201506", "admin2Name": "Chittagong", "admin2Pcod": "2015", "admin1Name": "Chittagong", "admin1Pcod": "20", "admin0Name": "Bangladesh", "admin0Pcod": "BD", "date": "2015-01-01", "validOn": "2018-04-10", "validTo": null, "Shape_Leng": 0.20038457574, "Shape_Area": 0.00203084545, "name": "Ward No-01" }, "geometry": { "type": "Point", "coordinates": [ 91.844166580663412, 22.404389558320272 ] } },
{ "type": "Feature", "properties": { "rand_point_id": 377, "OBJECTID": 120, "admin4Name": "Ward No-01", "admin4Pcod": "20150601", "admin4RefN": null, "admin4AltN": null, "admin4Al_1": null, "admin3Name": "Bayejid Bostami", "admin3Pcod": "201506", "admin2Name": "Chittagong", "admin2Pcod": "2015", "admin1Name": "Chittagong", "admin1Pcod": "20", "admin0Name": "Bangladesh", "admin0Pcod": "BD", "date": "2015-01-01", "validOn": "2018-04-10", "validTo": null, "Shape_Leng": 0.20038457574, "Shape_Area": 0.00203084545, "name": "Ward No-01" }, "geometry": { "type": "Point", "coordinates": [ 91.836283529346389, 22.380923038693339 ] } },
{ "type": "Feature", "properties": { "rand_point_id": 378, "OBJECTID": 120, "admin4Name": "Ward No-01", "admin4Pcod": "20150601", "admin4RefN": null, "admin4AltN": null, "admin4Al_1": null, "admin3Name": "Bayejid Bostami", "admin3Pcod": "201506", "admin2Name": "Chittagong", "admin2Pcod": "2015", "admin1Name": "Chittagong", "admin1Pcod": "20", "admin0Name": "Bangladesh", "admin0Pcod": "BD", "date": "2015-01-01", "validOn": "2018-04-10", "validTo": null, "Shape_Leng": 0.20038457574, "Shape_Area": 0.00203084545, "name": "Ward No-01" }, "geometry": { "type": "Point", "coordinates": [ 91.795341359177243, 22.271627614262208 ] } },
{ "type": "Feature", "properties": { "rand_point_id": 379, "OBJECTID": 120, "admin4Name": "Ward No-01", "admin4Pcod": "20150601", "admin4RefN": null, "admin4AltN": null, "admin4Al_1": null, "admin3Name": "Bayejid Bostami", "admin3Pcod": "201506", "admin2Name": "Chittagong", "admin2Pcod": "2015", "admin1Name": "Chittagong", "admin1Pcod": "20", "admin0Name": "Bangladesh", "admin0Pcod": "BD", "date": "2015-01-01", "validOn": "2018-04-10", "validTo": null, "Shape_Leng": 0.20038457574, "Shape_Area": 0.00203084545, "name": "Ward No-01" }, "geometry": { "type": "Point", "coordinates": [ 91.810242052593338, 22.235436648052655 ] } },
{ "type": "Feature", "properties": { "rand_point_id": 380, "OBJECTID": 120, "admin4Name": "Ward No-01", "admin4Pcod": "20150601", "admin4RefN": null, "admin4AltN": null, "admin4Al_1": null, "admin3Name": "Bayejid Bostami", "admin3Pcod": "201506", "admin2Name": "Chittagong", "admin2Pcod": "2015", "admin1Name": "Chittagong", "admin1Pcod": "20", "admin0Name": "Bangladesh", "admin0Pcod": "BD", "date": "2015-01-01", "validOn": "2018-04-10", "validTo": null, "Shape_Leng": 0.20038457574, "Shape_Area": 0.00203084545, "name": "Ward No-01" }, "geometry": { "type": "Point", "coordinates": [ 91.798881265672307, 22.431979918524263 ] } },
{ "type": "Feature", "properties": { "rand_point_id": 381, "OBJECTID": 120, "admin4Name": "Ward No-01", "admin4Pcod": "20150601", "admin4RefN": null, "admin4AltN": null, "admin4Al_1": null, "admin3Name": "Bayejid Bostami", "admin3Pcod": "201506", "admin2Name": "Chittagong", "admin2Pcod": "2015", "admin1Name": "Chittagong", "admin1Pcod": "20", "admin0Name": "Bangladesh", "admin0Pcod": "BD", "date": "2015-01-01", "validOn": "2018-04-10", "validTo": null, "Shape_Leng": 0.20038457574, "Shape_Area": 0.00203084545, "name": "Ward No-01" }, "geometry": { "type": "Point", "coordinates": [ 91.789887287014963, 22.247572209641103 ] } },
{ "type": "Feature", "properties": { "rand_point_id": 382, "OBJECTID": 120, "admin4Name": "Ward No-01", "admin4Pcod": "20150601", "admin4RefN": null, "admin4AltN": null, "admin4Al_1": null, "admin3Name": "Bayejid Bostami", "admin3Pcod": "201506", "admin2Name": "Chittagong", "admin2Pcod": "2015", "admin1Name": "Chittagong", "admin1Pcod": "20", "admin0Name": "Bangladesh", "admin0Pcod": "BD", "date": "2015-01-01", "validOn": "2018-04-10", "validTo": null, "Shape_Leng": 0.20038457574, "Shape_Area": 0.00203084545, "name": "Ward No-01" }, "geometry": { "type": "Point", "coordinates": [ 91.859707013468821, 22.341502287327561 ] } },
{ "type": "Feature", "properties": { "rand_point_id": 383, "OBJECTID": 120, "admin4Name": "Ward No-01", "admin4Pcod": "20150601", "admin4RefN": null, "admin4AltN": null, "admin4Al_1": null, "admin3Name": "Bayejid Bostami", "admin3Pcod": "201506", "admin2Name": "Chittagong", "admin2Pcod": "2015", "admin1Name": "Chittagong", "admin1Pcod": "20", "admin0Name": "Bangladesh", "admin0Pcod": "BD", "date": "2015-01-01", "validOn": "2018-04-10", "validTo": null, "Shape_Leng": 0.20038457574, "Shape_Area": 0.00203084545, "name": "Ward No-01" }, "geometry": { "type": "Point", "coordinates": [ 91.800897555719231, 22.341802982498933 ] } },
{ "type": "Feature", "properties": { "rand_point_id": 384, "OBJECTID": 120, "admin4Name": "Ward No-01", "admin4Pcod": "20150601", "admin4RefN": null, "admin4AltN": null, "admin4Al_1": null, "admin3Name": "Bayejid Bostami", "admin3Pcod": "201506", "admin2Name": "Chittagong", "admin2Pcod": "2015", "admin1Name": "Chittagong", "admin1Pcod": "20", "admin0Name": "Bangladesh", "admin0Pcod": "BD", "date": "2015-01-01", "validOn": "2018-04-10", "validTo": null, "Shape_Leng": 0.20038457574, "Shape_Area": 0.00203084545, "name": "Ward No-01" }, "geometry": { "type": "Point", "coordinates": [ 91.774038434804268, 22.300034518301121 ] } },
{ "type": "Feature", "properties": { "rand_point_id": 385, "OBJECTID": 120, "admin4Name": "Ward No-01", "admin4Pcod": "20150601", "admin4RefN": null, "admin4AltN": null, "admin4Al_1": null, "admin3Name": "Bayejid Bostami", "admin3Pcod": "201506", "admin2Name": "Chittagong", "admin2Pcod": "2015", "admin1Name": "Chittagong", "admin1Pcod": "20", "admin0Name": "Bangladesh", "admin0Pcod": "BD", "date": "2015-01-01", "validOn": "2018-04-10", "validTo": null, "Shape_Leng": 0.20038457574, "Shape_Area": 0.00203084545, "name": "Ward No-01" }, "geometry": { "type": "Point", "coordinates": [ 91.866838070457092, 22.348723203210376 ] } },
{ "type": "Feature", "properties": { "rand_point_id": 386, "OBJECTID": 120, "admin4Name": "Ward No-01", "admin4Pcod": "20150601", "admin4RefN": null, "admin4AltN": null, "admin4Al_1": null, "admin3Name": "Bayejid Bostami", "admin3Pcod": "201506", "admin2Name": "Chittagong", "admin2Pcod": "2015", "admin1Name": "Chittagong", "admin1Pcod": "20", "admin0Name": "Bangladesh", "admin0Pcod": "BD", "date": "2015-01-01", "validOn": "2018-04-10", "validTo": null, "Shape_Leng": 0.20038457574, "Shape_Area": 0.00203084545, "name": "Ward No-01" }, "geometry": { "type": "Point", "coordinates": [ 91.793242294455396, 22.235321883352935 ] } },
{ "type": "Feature", "properties": { "rand_point_id": 387, "OBJECTID": 120, "admin4Name": "Ward No-01", "admin4Pcod": "20150601", "admin4RefN": null, "admin4AltN": null, "admin4Al_1": null, "admin3Name": "Bayejid Bostami", "admin3Pcod": "201506", "admin2Name": "Chittagong", "admin2Pcod": "2015", "admin1Name": "Chittagong", "admin1Pcod": "20", "admin0Name": "Bangladesh", "admin0Pcod": "BD", "date": "2015-01-01", "validOn": "2018-04-10", "validTo": null, "Shape_Leng": 0.20038457574, "Shape_Area": 0.00203084545, "name": "Ward No-01" }, "geometry": { "type": "Point", "coordinates": [ 91.798573195486753, 22.328665932535323 ] } },
{ "type": "Feature", "properties": { "rand_point_id": 388, "OBJECTID": 120, "admin4Name": "Ward No-01", "admin4Pcod": "20150601", "admin4RefN": null, "admin4AltN": null, "admin4Al_1": null, "admin3Name": "Bayejid Bostami", "admin3Pcod": "201506", "admin2Name": "Chittagong", "admin2Pcod": "2015", "admin1Name": "Chittagong", "admin1Pcod": "20", "admin0Name": "Bangladesh", "admin0Pcod": "BD", "date": "2015-01-01", "validOn": "2018-04-10", "validTo": null, "Shape_Leng": 0.20038457574, "Shape_Area": 0.00203084545, "name": "Ward No-01" }, "geometry": { "type": "Point", "coordinates": [ 91.846107724755385, 22.365218391664357 ] } },
{ "type": "Feature", "properties": { "rand_point_id": 389, "OBJECTID": 120, "admin4Name": "Ward No-01", "admin4Pcod": "20150601", "admin4RefN": null, "admin4AltN": null, "admin4Al_1": null, "admin3Name": "Bayejid Bostami", "admin3Pcod": "201506", "admin2Name": "Chittagong", "admin2Pcod": "2015", "admin1Name": "Chittagong", "admin1Pcod": "20", "admin0Name": "Bangladesh", "admin0Pcod": "BD", "date": "2015-01-01", "validOn": "2018-04-10", "validTo": null, "Shape_Leng": 0.20038457574, "Shape_Area": 0.00203084545, "name": "Ward No-01" }, "geometry": { "type": "Point", "coordinates": [ 91.777520716805981, 22.317116791996842 ] } },
{ "type": "Feature", "properties": { "rand_point_id": 390, "OBJECTID": 120, "admin4Name": "Ward No-01", "admin4Pcod": "20150601", "admin4RefN": null, "admin4AltN": null, "admin4Al_1": null, "admin3Name": "Bayejid Bostami", "admin3Pcod": "201506", "admin2Name": "Chittagong", "admin2Pcod": "2015", "admin1Name": "Chittagong", "admin1Pcod": "20", "admin0Name": "Bangladesh", "admin0Pcod": "BD", "date": "2015-01-01", "validOn": "2018-04-10", "validTo": null, "Shape_Leng": 0.20038457574, "Shape_Area": 0.00203084545, "name": "Ward No-01" }, "geometry": { "type": "Point", "coordinates": [ 91.789732696716385, 22.309693270463335 ] } },
{ "type": "Feature", "properties": { "rand_point_id": 391, "OBJECTID": 120, "admin4Name": "Ward No-01", "admin4Pcod": "20150601", "admin4RefN": null, "admin4AltN": null, "admin4Al_1": null, "admin3Name": "Bayejid Bostami", "admin3Pcod": "201506", "admin2Name": "Chittagong", "admin2Pcod": "2015", "admin1Name": "Chittagong", "admin1Pcod": "20", "admin0Name": "Bangladesh", "admin0Pcod": "BD", "date": "2015-01-01", "validOn": "2018-04-10", "validTo": null, "Shape_Leng": 0.20038457574, "Shape_Area": 0.00203084545, "name": "Ward No-01" }, "geometry": { "type": "Point", "coordinates": [ 91.811847603734464, 22.427815329826331 ] } },
{ "type": "Feature", "properties": { "rand_point_id": 392, "OBJECTID": 120, "admin4Name": "Ward No-01", "admin4Pcod": "20150601", "admin4RefN": null, "admin4AltN": null, "admin4Al_1": null, "admin3Name": "Bayejid Bostami", "admin3Pcod": "201506", "admin2Name": "Chittagong", "admin2Pcod": "2015", "admin1Name": "Chittagong", "admin1Pcod": "20", "admin0Name": "Bangladesh", "admin0Pcod": "BD", "date": "2015-01-01", "validOn": "2018-04-10", "validTo": null, "Shape_Leng": 0.20038457574, "Shape_Area": 0.00203084545, "name": "Ward No-01" }, "geometry": { "type": "Point", "coordinates": [ 91.785160110339618, 22.426665631996446 ] } },
{ "type": "Feature", "properties": { "rand_point_id": 393, "OBJECTID": 120, "admin4Name": "Ward No-01", "admin4Pcod": "20150601", "admin4RefN": null, "admin4AltN": null, "admin4Al_1": null, "admin3Name": "Bayejid Bostami", "admin3Pcod": "201506", "admin2Name": "Chittagong", "admin2Pcod": "2015", "admin1Name": "Chittagong", "admin1Pcod": "20", "admin0Name": "Bangladesh", "admin0Pcod": "BD", "date": "2015-01-01", "validOn": "2018-04-10", "validTo": null, "Shape_Leng": 0.20038457574, "Shape_Area": 0.00203084545, "name": "Ward No-01" }, "geometry": { "type": "Point", "coordinates": [ 91.788095094030396, 22.274589284245113 ] } },
{ "type": "Feature", "properties": { "rand_point_id": 394, "OBJECTID": 120, "admin4Name": "Ward No-01", "admin4Pcod": "20150601", "admin4RefN": null, "admin4AltN": null, "admin4Al_1": null, "admin3Name": "Bayejid Bostami", "admin3Pcod": "201506", "admin2Name": "Chittagong", "admin2Pcod": "2015", "admin1Name": "Chittagong", "admin1Pcod": "20", "admin0Name": "Bangladesh", "admin0Pcod": "BD", "date": "2015-01-01", "validOn": "2018-04-10", "validTo": null, "Shape_Leng": 0.20038457574, "Shape_Area": 0.00203084545, "name": "Ward No-01" }, "geometry": { "type": "Point", "coordinates": [ 91.80088897785825, 22.330623465387308 ] } },
{ "type": "Feature", "properties": { "rand_point_id": 395, "OBJECTID": 120, "admin4Name": "Ward No-01", "admin4Pcod": "20150601", "admin4RefN": null, "admin4AltN": null, "admin4Al_1": null, "admin3Name": "Bayejid Bostami", "admin3Pcod": "201506", "admin2Name": "Chittagong", "admin2Pcod": "2015", "admin1Name": "Chittagong", "admin1Pcod": "20", "admin0Name": "Bangladesh", "admin0Pcod": "BD", "date": "2015-01-01", "validOn": "2018-04-10", "validTo": null, "Shape_Leng": 0.20038457574, "Shape_Area": 0.00203084545, "name": "Ward No-01" }, "geometry": { "type": "Point", "coordinates": [ 91.779489545597428, 22.282401060394257 ] } },
{ "type": "Feature", "properties": { "rand_point_id": 396, "OBJECTID": 120, "admin4Name": "Ward No-01", "admin4Pcod": "20150601", "admin4RefN": null, "admin4AltN": null, "admin4Al_1": null, "admin3Name": "Bayejid Bostami", "admin3Pcod": "201506", "admin2Name": "Chittagong", "admin2Pcod": "2015", "admin1Name": "Chittagong", "admin1Pcod": "20", "admin0Name": "Bangladesh", "admin0Pcod": "BD", "date": "2015-01-01", "validOn": "2018-04-10", "validTo": null, "Shape_Leng": 0.20038457574, "Shape_Area": 0.00203084545, "name": "Ward No-01" }, "geometry": { "type": "Point", "coordinates": [ 91.835710250352463, 22.387210625468562 ] } },
{ "type": "Feature", "properties": { "rand_point_id": 397, "OBJECTID": 120, "admin4Name": "Ward No-01", "admin4Pcod": "20150601", "admin4RefN": null, "admin4AltN": null, "admin4Al_1": null, "admin3Name": "Bayejid Bostami", "admin3Pcod": "201506", "admin2Name": "Chittagong", "admin2Pcod": "2015", "admin1Name": "Chittagong", "admin1Pcod": "20", "admin0Name": "Bangladesh", "admin0Pcod": "BD", "date": "2015-01-01", "validOn": "2018-04-10", "validTo": null, "Shape_Leng": 0.20038457574, "Shape_Area": 0.00203084545, "name": "Ward No-01" }, "geometry": { "type": "Point", "coordinates": [ 91.837509612708189, 22.349491480513734 ] } },
{ "type": "Feature", "properties": { "rand_point_id": 398, "OBJECTID": 120, "admin4Name": "Ward No-01", "admin4Pcod": "20150601", "admin4RefN": null, "admin4AltN": null, "admin4Al_1": null, "admin3Name": "Bayejid Bostami", "admin3Pcod": "201506", "admin2Name": "Chittagong", "admin2Pcod": "2015", "admin1Name": "Chittagong", "admin1Pcod": "20", "admin0Name": "Bangladesh", "admin0Pcod": "BD", "date": "2015-01-01", "validOn": "2018-04-10", "validTo": null, "Shape_Leng": 0.20038457574, "Shape_Area": 0.00203084545, "name": "Ward No-01" }, "geometry": { "type": "Point", "coordinates": [ 91.786588085255801, 22.2589738080122 ] } },
{ "type": "Feature", "properties": { "rand_point_id": 399, "OBJECTID": 120, "admin4Name": "Ward No-01", "admin4Pcod": "20150601", "admin4RefN": null, "admin4AltN": null, "admin4Al_1": null, "admin3Name": "Bayejid Bostami", "admin3Pcod": "201506", "admin2Name": "Chittagong", "admin2Pcod": "2015", "admin1Name": "Chittagong", "admin1Pcod": "20", "admin0Name": "Bangladesh", "admin0Pcod": "BD", "date": "2015-01-01", "validOn": "2018-04-10", "validTo": null, "Shape_Leng": 0.20038457574, "Shape_Area": 0.00203084545, "name": "Ward No-01" }, "geometry": { "type": "Point", "coordinates": [ 91.839707825971658, 22.403637396216222 ] } },
{ "type": "Feature", "properties": { "rand_point_id": 400, "OBJECTID": 120, "admin4Name": "Ward No-01", "admin4Pcod": "20150601", "admin4RefN": null, "admin4AltN": null, "admin4Al_1": null, "admin3Name": "Bayejid Bostami", "admin3Pcod": "201506", "admin2Name": "Chittagong", "admin2Pcod": "2015", "admin1Name": "Chittagong", "admin1Pcod": "20", "admin0Name": "Bangladesh", "admin0Pcod": "BD", "date": "2015-01-01", "validOn": "2018-04-10", "validTo": null, "Shape_Leng": 0.20038457574, "Shape_Area": 0.00203084545, "name": "Ward No-01" }, "geometry": { "type": "Point", "coordinates": [ 91.824066546741591, 22.378928959106528 ] } },
{ "type": "Feature", "properties": { "rand_point_id": 401, "OBJECTID": 120, "admin4Name": "Ward No-01", "admin4Pcod": "20150601", "admin4RefN": null, "admin4AltN": null, "admin4Al_1": null, "admin3Name": "Bayejid Bostami", "admin3Pcod": "201506", "admin2Name": "Chittagong", "admin2Pcod": "2015", "admin1Name": "Chittagong", "admin1Pcod": "20", "admin0Name": "Bangladesh", "admin0Pcod": "BD", "date": "2015-01-01", "validOn": "2018-04-10", "validTo": null, "Shape_Leng": 0.20038457574, "Shape_Area": 0.00203084545, "name": "Ward No-01" }, "geometry": { "type": "Point", "coordinates": [ 91.866758365410405, 22.355740133082811 ] } },
{ "type": "Feature", "properties": { "rand_point_id": 402, "OBJECTID": 120, "admin4Name": "Ward No-01", "admin4Pcod": "20150601", "admin4RefN": null, "admin4AltN": null, "admin4Al_1": null, "admin3Name": "Bayejid Bostami", "admin3Pcod": "201506", "admin2Name": "Chittagong", "admin2Pcod": "2015", "admin1Name": "Chittagong", "admin1Pcod": "20", "admin0Name": "Bangladesh", "admin0Pcod": "BD", "date": "2015-01-01", "validOn": "2018-04-10", "validTo": null, "Shape_Leng": 0.20038457574, "Shape_Area": 0.00203084545, "name": "Ward No-01" }, "geometry": { "type": "Point", "coordinates": [ 91.803871477840573, 22.396622189033195 ] } },
{ "type": "Feature", "properties": { "rand_point_id": 403, "OBJECTID": 120, "admin4Name": "Ward No-01", "admin4Pcod": "20150601", "admin4RefN": null, "admin4AltN": null, "admin4Al_1": null, "admin3Name": "Bayejid Bostami", "admin3Pcod": "201506", "admin2Name": "Chittagong", "admin2Pcod": "2015", "admin1Name": "Chittagong", "admin1Pcod": "20", "admin0Name": "Bangladesh", "admin0Pcod": "BD", "date": "2015-01-01", "validOn": "2018-04-10", "validTo": null, "Shape_Leng": 0.20038457574, "Shape_Area": 0.00203084545, "name": "Ward No-01" }, "geometry": { "type": "Point", "coordinates": [ 91.816515058486658, 22.427397179725162 ] } },
{ "type": "Feature", "properties": { "rand_point_id": 404, "OBJECTID": 120, "admin4Name": "Ward No-01", "admin4Pcod": "20150601", "admin4RefN": null, "admin4AltN": null, "admin4Al_1": null, "admin3Name": "Bayejid Bostami", "admin3Pcod": "201506", "admin2Name": "Chittagong", "admin2Pcod": "2015", "admin1Name": "Chittagong", "admin1Pcod": "20", "admin0Name": "Bangladesh", "admin0Pcod": "BD", "date": "2015-01-01", "validOn": "2018-04-10", "validTo": null, "Shape_Leng": 0.20038457574, "Shape_Area": 0.00203084545, "name": "Ward No-01" }, "geometry": { "type": "Point", "coordinates": [ 91.874576950483757, 22.392627208357993 ] } },
{ "type": "Feature", "properties": { "rand_point_id": 405, "OBJECTID": 120, "admin4Name": "Ward No-01", "admin4Pcod": "20150601", "admin4RefN": null, "admin4AltN": null, "admin4Al_1": null, "admin3Name": "Bayejid Bostami", "admin3Pcod": "201506", "admin2Name": "Chittagong", "admin2Pcod": "2015", "admin1Name": "Chittagong", "admin1Pcod": "20", "admin0Name": "Bangladesh", "admin0Pcod": "BD", "date": "2015-01-01", "validOn": "2018-04-10", "validTo": null, "Shape_Leng": 0.20038457574, "Shape_Area": 0.00203084545, "name": "Ward No-01" }, "geometry": { "type": "Point", "coordinates": [ 91.767135163647595, 22.333893466677374 ] } },
{ "type": "Feature", "properties": { "rand_point_id": 406, "OBJECTID": 120, "admin4Name": "Ward No-01", "admin4Pcod": "20150601", "admin4RefN": null, "admin4AltN": null, "admin4Al_1": null, "admin3Name": "Bayejid Bostami", "admin3Pcod": "201506", "admin2Name": "Chittagong", "admin2Pcod": "2015", "admin1Name": "Chittagong", "admin1Pcod": "20", "admin0Name": "Bangladesh", "admin0Pcod": "BD", "date": "2015-01-01", "validOn": "2018-04-10", "validTo": null, "Shape_Leng": 0.20038457574, "Shape_Area": 0.00203084545, "name": "Ward No-01" }, "geometry": { "type": "Point", "coordinates": [ 91.787340454006014, 22.261306776383247 ] } },
{ "type": "Feature", "properties": { "rand_point_id": 407, "OBJECTID": 120, "admin4Name": "Ward No-01", "admin4Pcod": "20150601", "admin4RefN": null, "admin4AltN": null, "admin4Al_1": null, "admin3Name": "Bayejid Bostami", "admin3Pcod": "201506", "admin2Name": "Chittagong", "admin2Pcod": "2015", "admin1Name": "Chittagong", "admin1Pcod": "20", "admin0Name": "Bangladesh", "admin0Pcod": "BD", "date": "2015-01-01", "validOn": "2018-04-10", "validTo": null, "Shape_Leng": 0.20038457574, "Shape_Area": 0.00203084545, "name": "Ward No-01" }, "geometry": { "type": "Point", "coordinates": [ 91.811083693108415, 22.247282982609043 ] } },
{ "type": "Feature", "properties": { "rand_point_id": 408, "OBJECTID": 120, "admin4Name": "Ward No-01", "admin4Pcod": "20150601", "admin4RefN": null, "admin4AltN": null, "admin4Al_1": null, "admin3Name": "Bayejid Bostami", "admin3Pcod": "201506", "admin2Name": "Chittagong", "admin2Pcod": "2015", "admin1Name": "Chittagong", "admin1Pcod": "20", "admin0Name": "Bangladesh", "admin0Pcod": "BD", "date": "2015-01-01", "validOn": "2018-04-10", "validTo": null, "Shape_Leng": 0.20038457574, "Shape_Area": 0.00203084545, "name": "Ward No-01" }, "geometry": { "type": "Point", "coordinates": [ 91.821504678359872, 22.343145247887062 ] } },
{ "type": "Feature", "properties": { "rand_point_id": 409, "OBJECTID": 120, "admin4Name": "Ward No-01", "admin4Pcod": "20150601", "admin4RefN": null, "admin4AltN": null, "admin4Al_1": null, "admin3Name": "Bayejid Bostami", "admin3Pcod": "201506", "admin2Name": "Chittagong", "admin2Pcod": "2015", "admin1Name": "Chittagong", "admin1Pcod": "20", "admin0Name": "Bangladesh", "admin0Pcod": "BD", "date": "2015-01-01", "validOn": "2018-04-10", "validTo": null, "Shape_Leng": 0.20038457574, "Shape_Area": 0.00203084545, "name": "Ward No-01" }, "geometry": { "type": "Point", "coordinates": [ 91.79694576475552, 22.348290911982716 ] } },
{ "type": "Feature", "properties": { "rand_point_id": 410, "OBJECTID": 120, "admin4Name": "Ward No-01", "admin4Pcod": "20150601", "admin4RefN": null, "admin4AltN": null, "admin4Al_1": null, "admin3Name": "Bayejid Bostami", "admin3Pcod": "201506", "admin2Name": "Chittagong", "admin2Pcod": "2015", "admin1Name": "Chittagong", "admin1Pcod": "20", "admin0Name": "Bangladesh", "admin0Pcod": "BD", "date": "2015-01-01", "validOn": "2018-04-10", "validTo": null, "Shape_Leng": 0.20038457574, "Shape_Area": 0.00203084545, "name": "Ward No-01" }, "geometry": { "type": "Point", "coordinates": [ 91.860978047216534, 22.396708406030239 ] } },
{ "type": "Feature", "properties": { "rand_point_id": 411, "OBJECTID": 120, "admin4Name": "Ward No-01", "admin4Pcod": "20150601", "admin4RefN": null, "admin4AltN": null, "admin4Al_1": null, "admin3Name": "Bayejid Bostami", "admin3Pcod": "201506", "admin2Name": "Chittagong", "admin2Pcod": "2015", "admin1Name": "Chittagong", "admin1Pcod": "20", "admin0Name": "Bangladesh", "admin0Pcod": "BD", "date": "2015-01-01", "validOn": "2018-04-10", "validTo": null, "Shape_Leng": 0.20038457574, "Shape_Area": 0.00203084545, "name": "Ward No-01" }, "geometry": { "type": "Point", "coordinates": [ 91.771345472474337, 22.346298806874518 ] } },
{ "type": "Feature", "properties": { "rand_point_id": 412, "OBJECTID": 120, "admin4Name": "Ward No-01", "admin4Pcod": "20150601", "admin4RefN": null, "admin4AltN": null, "admin4Al_1": null, "admin3Name": "Bayejid Bostami", "admin3Pcod": "201506", "admin2Name": "Chittagong", "admin2Pcod": "2015", "admin1Name": "Chittagong", "admin1Pcod": "20", "admin0Name": "Bangladesh", "admin0Pcod": "BD", "date": "2015-01-01", "validOn": "2018-04-10", "validTo": null, "Shape_Leng": 0.20038457574, "Shape_Area": 0.00203084545, "name": "Ward No-01" }, "geometry": { "type": "Point", "coordinates": [ 91.807090750295615, 22.439029524370191 ] } },
{ "type": "Feature", "properties": { "rand_point_id": 413, "OBJECTID": 120, "admin4Name": "Ward No-01", "admin4Pcod": "20150601", "admin4RefN": null, "admin4AltN": null, "admin4Al_1": null, "admin3Name": "Bayejid Bostami", "admin3Pcod": "201506", "admin2Name": "Chittagong", "admin2Pcod": "2015", "admin1Name": "Chittagong", "admin1Pcod": "20", "admin0Name": "Bangladesh", "admin0Pcod": "BD", "date": "2015-01-01", "validOn": "2018-04-10", "validTo": null, "Shape_Leng": 0.20038457574, "Shape_Area": 0.00203084545, "name": "Ward No-01" }, "geometry": { "type": "Point", "coordinates": [ 91.798644165850746, 22.361137846098877 ] } },
{ "type": "Feature", "properties": { "rand_point_id": 414, "OBJECTID": 120, "admin4Name": "Ward No-01", "admin4Pcod": "20150601", "admin4RefN": null, "admin4AltN": null, "admin4Al_1": null, "admin3Name": "Bayejid Bostami", "admin3Pcod": "201506", "admin2Name": "Chittagong", "admin2Pcod": "2015", "admin1Name": "Chittagong", "admin1Pcod": "20", "admin0Name": "Bangladesh", "admin0Pcod": "BD", "date": "2015-01-01", "validOn": "2018-04-10", "validTo": null, "Shape_Leng": 0.20038457574, "Shape_Area": 0.00203084545, "name": "Ward No-01" }, "geometry": { "type": "Point", "coordinates": [ 91.80755046459177, 22.324619432697308 ] } },
{ "type": "Feature", "properties": { "rand_point_id": 415, "OBJECTID": 120, "admin4Name": "Ward No-01", "admin4Pcod": "20150601", "admin4RefN": null, "admin4AltN": null, "admin4Al_1": null, "admin3Name": "Bayejid Bostami", "admin3Pcod": "201506", "admin2Name": "Chittagong", "admin2Pcod": "2015", "admin1Name": "Chittagong", "admin1Pcod": "20", "admin0Name": "Bangladesh", "admin0Pcod": "BD", "date": "2015-01-01", "validOn": "2018-04-10", "validTo": null, "Shape_Leng": 0.20038457574, "Shape_Area": 0.00203084545, "name": "Ward No-01" }, "geometry": { "type": "Point", "coordinates": [ 91.792056124190552, 22.418746705844629 ] } },
{ "type": "Feature", "properties": { "rand_point_id": 416, "OBJECTID": 120, "admin4Name": "Ward No-01", "admin4Pcod": "20150601", "admin4RefN": null, "admin4AltN": null, "admin4Al_1": null, "admin3Name": "Bayejid Bostami", "admin3Pcod": "201506", "admin2Name": "Chittagong", "admin2Pcod": "2015", "admin1Name": "Chittagong", "admin1Pcod": "20", "admin0Name": "Bangladesh", "admin0Pcod": "BD", "date": "2015-01-01", "validOn": "2018-04-10", "validTo": null, "Shape_Leng": 0.20038457574, "Shape_Area": 0.00203084545, "name": "Ward No-01" }, "geometry": { "type": "Point", "coordinates": [ 91.797726608025101, 22.392971607518106 ] } },
{ "type": "Feature", "properties": { "rand_point_id": 417, "OBJECTID": 120, "admin4Name": "Ward No-01", "admin4Pcod": "20150601", "admin4RefN": null, "admin4AltN": null, "admin4Al_1": null, "admin3Name": "Bayejid Bostami", "admin3Pcod": "201506", "admin2Name": "Chittagong", "admin2Pcod": "2015", "admin1Name": "Chittagong", "admin1Pcod": "20", "admin0Name": "Bangladesh", "admin0Pcod": "BD", "date": "2015-01-01", "validOn": "2018-04-10", "validTo": null, "Shape_Leng": 0.20038457574, "Shape_Area": 0.00203084545, "name": "Ward No-01" }, "geometry": { "type": "Point", "coordinates": [ 91.807004551032122, 22.247740204873008 ] } },
{ "type": "Feature", "properties": { "rand_point_id": 418, "OBJECTID": 120, "admin4Name": "Ward No-01", "admin4Pcod": "20150601", "admin4RefN": null, "admin4AltN": null, "admin4Al_1": null, "admin3Name": "Bayejid Bostami", "admin3Pcod": "201506", "admin2Name": "Chittagong", "admin2Pcod": "2015", "admin1Name": "Chittagong", "admin1Pcod": "20", "admin0Name": "Bangladesh", "admin0Pcod": "BD", "date": "2015-01-01", "validOn": "2018-04-10", "validTo": null, "Shape_Leng": 0.20038457574, "Shape_Area": 0.00203084545, "name": "Ward No-01" }, "geometry": { "type": "Point", "coordinates": [ 91.783326482798131, 22.446958823514134 ] } },
{ "type": "Feature", "properties": { "rand_point_id": 419, "OBJECTID": 120, "admin4Name": "Ward No-01", "admin4Pcod": "20150601", "admin4RefN": null, "admin4AltN": null, "admin4Al_1": null, "admin3Name": "Bayejid Bostami", "admin3Pcod": "201506", "admin2Name": "Chittagong", "admin2Pcod": "2015", "admin1Name": "Chittagong", "admin1Pcod": "20", "admin0Name": "Bangladesh", "admin0Pcod": "BD", "date": "2015-01-01", "validOn": "2018-04-10", "validTo": null, "Shape_Leng": 0.20038457574, "Shape_Area": 0.00203084545, "name": "Ward No-01" }, "geometry": { "type": "Point", "coordinates": [ 91.798626669004619, 22.383670011097578 ] } },
{ "type": "Feature", "properties": { "rand_point_id": 420, "OBJECTID": 120, "admin4Name": "Ward No-01", "admin4Pcod": "20150601", "admin4RefN": null, "admin4AltN": null, "admin4Al_1": null, "admin3Name": "Bayejid Bostami", "admin3Pcod": "201506", "admin2Name": "Chittagong", "admin2Pcod": "2015", "admin1Name": "Chittagong", "admin1Pcod": "20", "admin0Name": "Bangladesh", "admin0Pcod": "BD", "date": "2015-01-01", "validOn": "2018-04-10", "validTo": null, "Shape_Leng": 0.20038457574, "Shape_Area": 0.00203084545, "name": "Ward No-01" }, "geometry": { "type": "Point", "coordinates": [ 91.780013040081613, 22.255985505389805 ] } },
{ "type": "Feature", "properties": { "rand_point_id": 421, "OBJECTID": 120, "admin4Name": "Ward No-01", "admin4Pcod": "20150601", "admin4RefN": null, "admin4AltN": null, "admin4Al_1": null, "admin3Name": "Bayejid Bostami", "admin3Pcod": "201506", "admin2Name": "Chittagong", "admin2Pcod": "2015", "admin1Name": "Chittagong", "admin1Pcod": "20", "admin0Name": "Bangladesh", "admin0Pcod": "BD", "date": "2015-01-01", "validOn": "2018-04-10", "validTo": null, "Shape_Leng": 0.20038457574, "Shape_Area": 0.00203084545, "name": "Ward No-01" }, "geometry": { "type": "Point", "coordinates": [ 91.788951799429398, 22.371329285074182 ] } },
{ "type": "Feature", "properties": { "rand_point_id": 422, "OBJECTID": 120, "admin4Name": "Ward No-01", "admin4Pcod": "20150601", "admin4RefN": null, "admin4AltN": null, "admin4Al_1": null, "admin3Name": "Bayejid Bostami", "admin3Pcod": "201506", "admin2Name": "Chittagong", "admin2Pcod": "2015", "admin1Name": "Chittagong", "admin1Pcod": "20", "admin0Name": "Bangladesh", "admin0Pcod": "BD", "date": "2015-01-01", "validOn": "2018-04-10", "validTo": null, "Shape_Leng": 0.20038457574, "Shape_Area": 0.00203084545, "name": "Ward No-01" }, "geometry": { "type": "Point", "coordinates": [ 91.884583560394844, 22.423445013978039 ] } },
{ "type": "Feature", "properties": { "rand_point_id": 423, "OBJECTID": 120, "admin4Name": "Ward No-01", "admin4Pcod": "20150601", "admin4RefN": null, "admin4AltN": null, "admin4Al_1": null, "admin3Name": "Bayejid Bostami", "admin3Pcod": "201506", "admin2Name": "Chittagong", "admin2Pcod": "2015", "admin1Name": "Chittagong", "admin1Pcod": "20", "admin0Name": "Bangladesh", "admin0Pcod": "BD", "date": "2015-01-01", "validOn": "2018-04-10", "validTo": null, "Shape_Leng": 0.20038457574, "Shape_Area": 0.00203084545, "name": "Ward No-01" }, "geometry": { "type": "Point", "coordinates": [ 91.774391930737835, 22.312612854545868 ] } },
{ "type": "Feature", "properties": { "rand_point_id": 424, "OBJECTID": 120, "admin4Name": "Ward No-01", "admin4Pcod": "20150601", "admin4RefN": null, "admin4AltN": null, "admin4Al_1": null, "admin3Name": "Bayejid Bostami", "admin3Pcod": "201506", "admin2Name": "Chittagong", "admin2Pcod": "2015", "admin1Name": "Chittagong", "admin1Pcod": "20", "admin0Name": "Bangladesh", "admin0Pcod": "BD", "date": "2015-01-01", "validOn": "2018-04-10", "validTo": null, "Shape_Leng": 0.20038457574, "Shape_Area": 0.00203084545, "name": "Ward No-01" }, "geometry": { "type": "Point", "coordinates": [ 91.816848009050801, 22.326524420008351 ] } },
{ "type": "Feature", "properties": { "rand_point_id": 425, "OBJECTID": 120, "admin4Name": "Ward No-01", "admin4Pcod": "20150601", "admin4RefN": null, "admin4AltN": null, "admin4Al_1": null, "admin3Name": "Bayejid Bostami", "admin3Pcod": "201506", "admin2Name": "Chittagong", "admin2Pcod": "2015", "admin1Name": "Chittagong", "admin1Pcod": "20", "admin0Name": "Bangladesh", "admin0Pcod": "BD", "date": "2015-01-01", "validOn": "2018-04-10", "validTo": null, "Shape_Leng": 0.20038457574, "Shape_Area": 0.00203084545, "name": "Ward No-01" }, "geometry": { "type": "Point", "coordinates": [ 91.813596149384011, 22.408817128152304 ] } },
{ "type": "Feature", "properties": { "rand_point_id": 426, "OBJECTID": 120, "admin4Name": "Ward No-01", "admin4Pcod": "20150601", "admin4RefN": null, "admin4AltN": null, "admin4Al_1": null, "admin3Name": "Bayejid Bostami", "admin3Pcod": "201506", "admin2Name": "Chittagong", "admin2Pcod": "2015", "admin1Name": "Chittagong", "admin1Pcod": "20", "admin0Name": "Bangladesh", "admin0Pcod": "BD", "date": "2015-01-01", "validOn": "2018-04-10", "validTo": null, "Shape_Leng": 0.20038457574, "Shape_Area": 0.00203084545, "name": "Ward No-01" }, "geometry": { "type": "Point", "coordinates": [ 91.848131284138489, 22.397952837051545 ] } },
{ "type": "Feature", "properties": { "rand_point_id": 427, "OBJECTID": 120, "admin4Name": "Ward No-01", "admin4Pcod": "20150601", "admin4RefN": null, "admin4AltN": null, "admin4Al_1": null, "admin3Name": "Bayejid Bostami", "admin3Pcod": "201506", "admin2Name": "Chittagong", "admin2Pcod": "2015", "admin1Name": "Chittagong", "admin1Pcod": "20", "admin0Name": "Bangladesh", "admin0Pcod": "BD", "date": "2015-01-01", "validOn": "2018-04-10", "validTo": null, "Shape_Leng": 0.20038457574, "Shape_Area": 0.00203084545, "name": "Ward No-01" }, "geometry": { "type": "Point", "coordinates": [ 91.785740435310601, 22.322152458398389 ] } },
{ "type": "Feature", "properties": { "rand_point_id": 428, "OBJECTID": 120, "admin4Name": "Ward No-01", "admin4Pcod": "20150601", "admin4RefN": null, "admin4AltN": null, "admin4Al_1": null, "admin3Name": "Bayejid Bostami", "admin3Pcod": "201506", "admin2Name": "Chittagong", "admin2Pcod": "2015", "admin1Name": "Chittagong", "admin1Pcod": "20", "admin0Name": "Bangladesh", "admin0Pcod": "BD", "date": "2015-01-01", "validOn": "2018-04-10", "validTo": null, "Shape_Leng": 0.20038457574, "Shape_Area": 0.00203084545, "name": "Ward No-01" }, "geometry": { "type": "Point", "coordinates": [ 91.830488394740513, 22.326834897784735 ] } },
{ "type": "Feature", "properties": { "rand_point_id": 429, "OBJECTID": 120, "admin4Name": "Ward No-01", "admin4Pcod": "20150601", "admin4RefN": null, "admin4AltN": null, "admin4Al_1": null, "admin3Name": "Bayejid Bostami", "admin3Pcod": "201506", "admin2Name": "Chittagong", "admin2Pcod": "2015", "admin1Name": "Chittagong", "admin1Pcod": "20", "admin0Name": "Bangladesh", "admin0Pcod": "BD", "date": "2015-01-01", "validOn": "2018-04-10", "validTo": null, "Shape_Leng": 0.20038457574, "Shape_Area": 0.00203084545, "name": "Ward No-01" }, "geometry": { "type": "Point", "coordinates": [ 91.832440256499126, 22.353491618488746 ] } },
{ "type": "Feature", "properties": { "rand_point_id": 430, "OBJECTID": 120, "admin4Name": "Ward No-01", "admin4Pcod": "20150601", "admin4RefN": null, "admin4AltN": null, "admin4Al_1": null, "admin3Name": "Bayejid Bostami", "admin3Pcod": "201506", "admin2Name": "Chittagong", "admin2Pcod": "2015", "admin1Name": "Chittagong", "admin1Pcod": "20", "admin0Name": "Bangladesh", "admin0Pcod": "BD", "date": "2015-01-01", "validOn": "2018-04-10", "validTo": null, "Shape_Leng": 0.20038457574, "Shape_Area": 0.00203084545, "name": "Ward No-01" }, "geometry": { "type": "Point", "coordinates": [ 91.840368331032693, 22.344188570223697 ] } },
{ "type": "Feature", "properties": { "rand_point_id": 431, "OBJECTID": 120, "admin4Name": "Ward No-01", "admin4Pcod": "20150601", "admin4RefN": null, "admin4AltN": null, "admin4Al_1": null, "admin3Name": "Bayejid Bostami", "admin3Pcod": "201506", "admin2Name": "Chittagong", "admin2Pcod": "2015", "admin1Name": "Chittagong", "admin1Pcod": "20", "admin0Name": "Bangladesh", "admin0Pcod": "BD", "date": "2015-01-01", "validOn": "2018-04-10", "validTo": null, "Shape_Leng": 0.20038457574, "Shape_Area": 0.00203084545, "name": "Ward No-01" }, "geometry": { "type": "Point", "coordinates": [ 91.771864018943432, 22.312726873699258 ] } },
{ "type": "Feature", "properties": { "rand_point_id": 432, "OBJECTID": 120, "admin4Name": "Ward No-01", "admin4Pcod": "20150601", "admin4RefN": null, "admin4AltN": null, "admin4Al_1": null, "admin3Name": "Bayejid Bostami", "admin3Pcod": "201506", "admin2Name": "Chittagong", "admin2Pcod": "2015", "admin1Name": "Chittagong", "admin1Pcod": "20", "admin0Name": "Bangladesh", "admin0Pcod": "BD", "date": "2015-01-01", "validOn": "2018-04-10", "validTo": null, "Shape_Leng": 0.20038457574, "Shape_Area": 0.00203084545, "name": "Ward No-01" }, "geometry": { "type": "Point", "coordinates": [ 91.881925013848914, 22.400560492316639 ] } },
{ "type": "Feature", "properties": { "rand_point_id": 433, "OBJECTID": 120, "admin4Name": "Ward No-01", "admin4Pcod": "20150601", "admin4RefN": null, "admin4AltN": null, "admin4Al_1": null, "admin3Name": "Bayejid Bostami", "admin3Pcod": "201506", "admin2Name": "Chittagong", "admin2Pcod": "2015", "admin1Name": "Chittagong", "admin1Pcod": "20", "admin0Name": "Bangladesh", "admin0Pcod": "BD", "date": "2015-01-01", "validOn": "2018-04-10", "validTo": null, "Shape_Leng": 0.20038457574, "Shape_Area": 0.00203084545, "name": "Ward No-01" }, "geometry": { "type": "Point", "coordinates": [ 91.783055052941364, 22.43847407444267 ] } },
{ "type": "Feature", "properties": { "rand_point_id": 434, "OBJECTID": 120, "admin4Name": "Ward No-01", "admin4Pcod": "20150601", "admin4RefN": null, "admin4AltN": null, "admin4Al_1": null, "admin3Name": "Bayejid Bostami", "admin3Pcod": "201506", "admin2Name": "Chittagong", "admin2Pcod": "2015", "admin1Name": "Chittagong", "admin1Pcod": "20", "admin0Name": "Bangladesh", "admin0Pcod": "BD", "date": "2015-01-01", "validOn": "2018-04-10", "validTo": null, "Shape_Leng": 0.20038457574, "Shape_Area": 0.00203084545, "name": "Ward No-01" }, "geometry": { "type": "Point", "coordinates": [ 91.828011720168789, 22.396829883242219 ] } },
{ "type": "Feature", "properties": { "rand_point_id": 435, "OBJECTID": 120, "admin4Name": "Ward No-01", "admin4Pcod": "20150601", "admin4RefN": null, "admin4AltN": null, "admin4Al_1": null, "admin3Name": "Bayejid Bostami", "admin3Pcod": "201506", "admin2Name": "Chittagong", "admin2Pcod": "2015", "admin1Name": "Chittagong", "admin1Pcod": "20", "admin0Name": "Bangladesh", "admin0Pcod": "BD", "date": "2015-01-01", "validOn": "2018-04-10", "validTo": null, "Shape_Leng": 0.20038457574, "Shape_Area": 0.00203084545, "name": "Ward No-01" }, "geometry": { "type": "Point", "coordinates": [ 91.813679645930435, 22.402817730383031 ] } },
{ "type": "Feature", "properties": { "rand_point_id": 436, "OBJECTID": 120, "admin4Name": "Ward No-01", "admin4Pcod": "20150601", "admin4RefN": null, "admin4AltN": null, "admin4Al_1": null, "admin3Name": "Bayejid Bostami", "admin3Pcod": "201506", "admin2Name": "Chittagong", "admin2Pcod": "2015", "admin1Name": "Chittagong", "admin1Pcod": "20", "admin0Name": "Bangladesh", "admin0Pcod": "BD", "date": "2015-01-01", "validOn": "2018-04-10", "validTo": null, "Shape_Leng": 0.20038457574, "Shape_Area": 0.00203084545, "name": "Ward No-01" }, "geometry": { "type": "Point", "coordinates": [ 91.77868664804754, 22.317322509800196 ] } },
{ "type": "Feature", "properties": { "rand_point_id": 437, "OBJECTID": 120, "admin4Name": "Ward No-01", "admin4Pcod": "20150601", "admin4RefN": null, "admin4AltN": null, "admin4Al_1": null, "admin3Name": "Bayejid Bostami", "admin3Pcod": "201506", "admin2Name": "Chittagong", "admin2Pcod": "2015", "admin1Name": "Chittagong", "admin1Pcod": "20", "admin0Name": "Bangladesh", "admin0Pcod": "BD", "date": "2015-01-01", "validOn": "2018-04-10", "validTo": null, "Shape_Leng": 0.20038457574, "Shape_Area": 0.00203084545, "name": "Ward No-01" }, "geometry": { "type": "Point", "coordinates": [ 91.782974237407302, 22.330701042781104 ] } },
{ "type": "Feature", "properties": { "rand_point_id": 438, "OBJECTID": 120, "admin4Name": "Ward No-01", "admin4Pcod": "20150601", "admin4RefN": null, "admin4AltN": null, "admin4Al_1": null, "admin3Name": "Bayejid Bostami", "admin3Pcod": "201506", "admin2Name": "Chittagong", "admin2Pcod": "2015", "admin1Name": "Chittagong", "admin1Pcod": "20", "admin0Name": "Bangladesh", "admin0Pcod": "BD", "date": "2015-01-01", "validOn": "2018-04-10", "validTo": null, "Shape_Leng": 0.20038457574, "Shape_Area": 0.00203084545, "name": "Ward No-01" }, "geometry": { "type": "Point", "coordinates": [ 91.821462173828593, 22.41292120681069 ] } },
{ "type": "Feature", "properties": { "rand_point_id": 439, "OBJECTID": 120, "admin4Name": "Ward No-01", "admin4Pcod": "20150601", "admin4RefN": null, "admin4AltN": null, "admin4Al_1": null, "admin3Name": "Bayejid Bostami", "admin3Pcod": "201506", "admin2Name": "Chittagong", "admin2Pcod": "2015", "admin1Name": "Chittagong", "admin1Pcod": "20", "admin0Name": "Bangladesh", "admin0Pcod": "BD", "date": "2015-01-01", "validOn": "2018-04-10", "validTo": null, "Shape_Leng": 0.20038457574, "Shape_Area": 0.00203084545, "name": "Ward No-01" }, "geometry": { "type": "Point", "coordinates": [ 91.768082589901795, 22.307794752209595 ] } },
{ "type": "Feature", "properties": { "rand_point_id": 440, "OBJECTID": 120, "admin4Name": "Ward No-01", "admin4Pcod": "20150601", "admin4RefN": null, "admin4AltN": null, "admin4Al_1": null, "admin3Name": "Bayejid Bostami", "admin3Pcod": "201506", "admin2Name": "Chittagong", "admin2Pcod": "2015", "admin1Name": "Chittagong", "admin1Pcod": "20", "admin0Name": "Bangladesh", "admin0Pcod": "BD", "date": "2015-01-01", "validOn": "2018-04-10", "validTo": null, "Shape_Leng": 0.20038457574, "Shape_Area": 0.00203084545, "name": "Ward No-01" }, "geometry": { "type": "Point", "coordinates": [ 91.803985122915833, 22.245136245500163 ] } },
{ "type": "Feature", "properties": { "rand_point_id": 441, "OBJECTID": 120, "admin4Name": "Ward No-01", "admin4Pcod": "20150601", "admin4RefN": null, "admin4AltN": null, "admin4Al_1": null, "admin3Name": "Bayejid Bostami", "admin3Pcod": "201506", "admin2Name": "Chittagong", "admin2Pcod": "2015", "admin1Name": "Chittagong", "admin1Pcod": "20", "admin0Name": "Bangladesh", "admin0Pcod": "BD", "date": "2015-01-01", "validOn": "2018-04-10", "validTo": null, "Shape_Leng": 0.20038457574, "Shape_Area": 0.00203084545, "name": "Ward No-01" }, "geometry": { "type": "Point", "coordinates": [ 91.865459778116673, 22.347510372490625 ] } },
{ "type": "Feature", "properties": { "rand_point_id": 442, "OBJECTID": 120, "admin4Name": "Ward No-01", "admin4Pcod": "20150601", "admin4RefN": null, "admin4AltN": null, "admin4Al_1": null, "admin3Name": "Bayejid Bostami", "admin3Pcod": "201506", "admin2Name": "Chittagong", "admin2Pcod": "2015", "admin1Name": "Chittagong", "admin1Pcod": "20", "admin0Name": "Bangladesh", "admin0Pcod": "BD", "date": "2015-01-01", "validOn": "2018-04-10", "validTo": null, "Shape_Leng": 0.20038457574, "Shape_Area": 0.00203084545, "name": "Ward No-01" }, "geometry": { "type": "Point", "coordinates": [ 91.811264371219949, 22.248016085504453 ] } },
{ "type": "Feature", "properties": { "rand_point_id": 443, "OBJECTID": 120, "admin4Name": "Ward No-01", "admin4Pcod": "20150601", "admin4RefN": null, "admin4AltN": null, "admin4Al_1": null, "admin3Name": "Bayejid Bostami", "admin3Pcod": "201506", "admin2Name": "Chittagong", "admin2Pcod": "2015", "admin1Name": "Chittagong", "admin1Pcod": "20", "admin0Name": "Bangladesh", "admin0Pcod": "BD", "date": "2015-01-01", "validOn": "2018-04-10", "validTo": null, "Shape_Leng": 0.20038457574, "Shape_Area": 0.00203084545, "name": "Ward No-01" }, "geometry": { "type": "Point", "coordinates": [ 91.783569797426736, 22.33964401447524 ] } },
{ "type": "Feature", "properties": { "rand_point_id": 444, "OBJECTID": 120, "admin4Name": "Ward No-01", "admin4Pcod": "20150601", "admin4RefN": null, "admin4AltN": null, "admin4Al_1": null, "admin3Name": "Bayejid Bostami", "admin3Pcod": "201506", "admin2Name": "Chittagong", "admin2Pcod": "2015", "admin1Name": "Chittagong", "admin1Pcod": "20", "admin0Name": "Bangladesh", "admin0Pcod": "BD", "date": "2015-01-01", "validOn": "2018-04-10", "validTo": null, "Shape_Leng": 0.20038457574, "Shape_Area": 0.00203084545, "name": "Ward No-01" }, "geometry": { "type": "Point", "coordinates": [ 91.81310428539426, 22.336843726192004 ] } },
{ "type": "Feature", "properties": { "rand_point_id": 445, "OBJECTID": 120, "admin4Name": "Ward No-01", "admin4Pcod": "20150601", "admin4RefN": null, "admin4AltN": null, "admin4Al_1": null, "admin3Name": "Bayejid Bostami", "admin3Pcod": "201506", "admin2Name": "Chittagong", "admin2Pcod": "2015", "admin1Name": "Chittagong", "admin1Pcod": "20", "admin0Name": "Bangladesh", "admin0Pcod": "BD", "date": "2015-01-01", "validOn": "2018-04-10", "validTo": null, "Shape_Leng": 0.20038457574, "Shape_Area": 0.00203084545, "name": "Ward No-01" }, "geometry": { "type": "Point", "coordinates": [ 91.799619631583653, 22.43587563139651 ] } },
{ "type": "Feature", "properties": { "rand_point_id": 446, "OBJECTID": 120, "admin4Name": "Ward No-01", "admin4Pcod": "20150601", "admin4RefN": null, "admin4AltN": null, "admin4Al_1": null, "admin3Name": "Bayejid Bostami", "admin3Pcod": "201506", "admin2Name": "Chittagong", "admin2Pcod": "2015", "admin1Name": "Chittagong", "admin1Pcod": "20", "admin0Name": "Bangladesh", "admin0Pcod": "BD", "date": "2015-01-01", "validOn": "2018-04-10", "validTo": null, "Shape_Leng": 0.20038457574, "Shape_Area": 0.00203084545, "name": "Ward No-01" }, "geometry": { "type": "Point", "coordinates": [ 91.805546544725743, 22.263740115154864 ] } },
{ "type": "Feature", "properties": { "rand_point_id": 447, "OBJECTID": 120, "admin4Name": "Ward No-01", "admin4Pcod": "20150601", "admin4RefN": null, "admin4AltN": null, "admin4Al_1": null, "admin3Name": "Bayejid Bostami", "admin3Pcod": "201506", "admin2Name": "Chittagong", "admin2Pcod": "2015", "admin1Name": "Chittagong", "admin1Pcod": "20", "admin0Name": "Bangladesh", "admin0Pcod": "BD", "date": "2015-01-01", "validOn": "2018-04-10", "validTo": null, "Shape_Leng": 0.20038457574, "Shape_Area": 0.00203084545, "name": "Ward No-01" }, "geometry": { "type": "Point", "coordinates": [ 91.767548476406162, 22.347578646168905 ] } },
{ "type": "Feature", "properties": { "rand_point_id": 448, "OBJECTID": 120, "admin4Name": "Ward No-01", "admin4Pcod": "20150601", "admin4RefN": null, "admin4AltN": null, "admin4Al_1": null, "admin3Name": "Bayejid Bostami", "admin3Pcod": "201506", "admin2Name": "Chittagong", "admin2Pcod": "2015", "admin1Name": "Chittagong", "admin1Pcod": "20", "admin0Name": "Bangladesh", "admin0Pcod": "BD", "date": "2015-01-01", "validOn": "2018-04-10", "validTo": null, "Shape_Leng": 0.20038457574, "Shape_Area": 0.00203084545, "name": "Ward No-01" }, "geometry": { "type": "Point", "coordinates": [ 91.820636611624295, 22.338300551766881 ] } },
{ "type": "Feature", "properties": { "rand_point_id": 449, "OBJECTID": 120, "admin4Name": "Ward No-01", "admin4Pcod": "20150601", "admin4RefN": null, "admin4AltN": null, "admin4Al_1": null, "admin3Name": "Bayejid Bostami", "admin3Pcod": "201506", "admin2Name": "Chittagong", "admin2Pcod": "2015", "admin1Name": "Chittagong", "admin1Pcod": "20", "admin0Name": "Bangladesh", "admin0Pcod": "BD", "date": "2015-01-01", "validOn": "2018-04-10", "validTo": null, "Shape_Leng": 0.20038457574, "Shape_Area": 0.00203084545, "name": "Ward No-01" }, "geometry": { "type": "Point", "coordinates": [ 91.770448070591215, 22.278115135632756 ] } },
{ "type": "Feature", "properties": { "rand_point_id": 450, "OBJECTID": 120, "admin4Name": "Ward No-01", "admin4Pcod": "20150601", "admin4RefN": null, "admin4AltN": null, "admin4Al_1": null, "admin3Name": "Bayejid Bostami", "admin3Pcod": "201506", "admin2Name": "Chittagong", "admin2Pcod": "2015", "admin1Name": "Chittagong", "admin1Pcod": "20", "admin0Name": "Bangladesh", "admin0Pcod": "BD", "date": "2015-01-01", "validOn": "2018-04-10", "validTo": null, "Shape_Leng": 0.20038457574, "Shape_Area": 0.00203084545, "name": "Ward No-01" }, "geometry": { "type": "Point", "coordinates": [ 91.834689298886715, 22.332500099714196 ] } },
{ "type": "Feature", "properties": { "rand_point_id": 451, "OBJECTID": 120, "admin4Name": "Ward No-01", "admin4Pcod": "20150601", "admin4RefN": null, "admin4AltN": null, "admin4Al_1": null, "admin3Name": "Bayejid Bostami", "admin3Pcod": "201506", "admin2Name": "Chittagong", "admin2Pcod": "2015", "admin1Name": "Chittagong", "admin1Pcod": "20", "admin0Name": "Bangladesh", "admin0Pcod": "BD", "date": "2015-01-01", "validOn": "2018-04-10", "validTo": null, "Shape_Leng": 0.20038457574, "Shape_Area": 0.00203084545, "name": "Ward No-01" }, "geometry": { "type": "Point", "coordinates": [ 91.768469331982914, 22.372017954385505 ] } },
{ "type": "Feature", "properties": { "rand_point_id": 452, "OBJECTID": 120, "admin4Name": "Ward No-01", "admin4Pcod": "20150601", "admin4RefN": null, "admin4AltN": null, "admin4Al_1": null, "admin3Name": "Bayejid Bostami", "admin3Pcod": "201506", "admin2Name": "Chittagong", "admin2Pcod": "2015", "admin1Name": "Chittagong", "admin1Pcod": "20", "admin0Name": "Bangladesh", "admin0Pcod": "BD", "date": "2015-01-01", "validOn": "2018-04-10", "validTo": null, "Shape_Leng": 0.20038457574, "Shape_Area": 0.00203084545, "name": "Ward No-01" }, "geometry": { "type": "Point", "coordinates": [ 91.874222491281714, 22.402685560234605 ] } },
{ "type": "Feature", "properties": { "rand_point_id": 453, "OBJECTID": 120, "admin4Name": "Ward No-01", "admin4Pcod": "20150601", "admin4RefN": null, "admin4AltN": null, "admin4Al_1": null, "admin3Name": "Bayejid Bostami", "admin3Pcod": "201506", "admin2Name": "Chittagong", "admin2Pcod": "2015", "admin1Name": "Chittagong", "admin1Pcod": "20", "admin0Name": "Bangladesh", "admin0Pcod": "BD", "date": "2015-01-01", "validOn": "2018-04-10", "validTo": null, "Shape_Leng": 0.20038457574, "Shape_Area": 0.00203084545, "name": "Ward No-01" }, "geometry": { "type": "Point", "coordinates": [ 91.772647204676971, 22.318902226982463 ] } },
{ "type": "Feature", "properties": { "rand_point_id": 454, "OBJECTID": 120, "admin4Name": "Ward No-01", "admin4Pcod": "20150601", "admin4RefN": null, "admin4AltN": null, "admin4Al_1": null, "admin3Name": "Bayejid Bostami", "admin3Pcod": "201506", "admin2Name": "Chittagong", "admin2Pcod": "2015", "admin1Name": "Chittagong", "admin1Pcod": "20", "admin0Name": "Bangladesh", "admin0Pcod": "BD", "date": "2015-01-01", "validOn": "2018-04-10", "validTo": null, "Shape_Leng": 0.20038457574, "Shape_Area": 0.00203084545, "name": "Ward No-01" }, "geometry": { "type": "Point", "coordinates": [ 91.84401030049483, 22.332586425939315 ] } },
{ "type": "Feature", "properties": { "rand_point_id": 455, "OBJECTID": 120, "admin4Name": "Ward No-01", "admin4Pcod": "20150601", "admin4RefN": null, "admin4AltN": null, "admin4Al_1": null, "admin3Name": "Bayejid Bostami", "admin3Pcod": "201506", "admin2Name": "Chittagong", "admin2Pcod": "2015", "admin1Name": "Chittagong", "admin1Pcod": "20", "admin0Name": "Bangladesh", "admin0Pcod": "BD", "date": "2015-01-01", "validOn": "2018-04-10", "validTo": null, "Shape_Leng": 0.20038457574, "Shape_Area": 0.00203084545, "name": "Ward No-01" }, "geometry": { "type": "Point", "coordinates": [ 91.828099235596696, 22.407488835037945 ] } },
{ "type": "Feature", "properties": { "rand_point_id": 456, "OBJECTID": 120, "admin4Name": "Ward No-01", "admin4Pcod": "20150601", "admin4RefN": null, "admin4AltN": null, "admin4Al_1": null, "admin3Name": "Bayejid Bostami", "admin3Pcod": "201506", "admin2Name": "Chittagong", "admin2Pcod": "2015", "admin1Name": "Chittagong", "admin1Pcod": "20", "admin0Name": "Bangladesh", "admin0Pcod": "BD", "date": "2015-01-01", "validOn": "2018-04-10", "validTo": null, "Shape_Leng": 0.20038457574, "Shape_Area": 0.00203084545, "name": "Ward No-01" }, "geometry": { "type": "Point", "coordinates": [ 91.811322787478247, 22.447553554029469 ] } },
{ "type": "Feature", "properties": { "rand_point_id": 457, "OBJECTID": 120, "admin4Name": "Ward No-01", "admin4Pcod": "20150601", "admin4RefN": null, "admin4AltN": null, "admin4Al_1": null, "admin3Name": "Bayejid Bostami", "admin3Pcod": "201506", "admin2Name": "Chittagong", "admin2Pcod": "2015", "admin1Name": "Chittagong", "admin1Pcod": "20", "admin0Name": "Bangladesh", "admin0Pcod": "BD", "date": "2015-01-01", "validOn": "2018-04-10", "validTo": null, "Shape_Leng": 0.20038457574, "Shape_Area": 0.00203084545, "name": "Ward No-01" }, "geometry": { "type": "Point", "coordinates": [ 91.812281191290765, 22.404992751970067 ] } },
{ "type": "Feature", "properties": { "rand_point_id": 458, "OBJECTID": 120, "admin4Name": "Ward No-01", "admin4Pcod": "20150601", "admin4RefN": null, "admin4AltN": null, "admin4Al_1": null, "admin3Name": "Bayejid Bostami", "admin3Pcod": "201506", "admin2Name": "Chittagong", "admin2Pcod": "2015", "admin1Name": "Chittagong", "admin1Pcod": "20", "admin0Name": "Bangladesh", "admin0Pcod": "BD", "date": "2015-01-01", "validOn": "2018-04-10", "validTo": null, "Shape_Leng": 0.20038457574, "Shape_Area": 0.00203084545, "name": "Ward No-01" }, "geometry": { "type": "Point", "coordinates": [ 91.81172858018634, 22.316742829638077 ] } },
{ "type": "Feature", "properties": { "rand_point_id": 459, "OBJECTID": 120, "admin4Name": "Ward No-01", "admin4Pcod": "20150601", "admin4RefN": null, "admin4AltN": null, "admin4Al_1": null, "admin3Name": "Bayejid Bostami", "admin3Pcod": "201506", "admin2Name": "Chittagong", "admin2Pcod": "2015", "admin1Name": "Chittagong", "admin1Pcod": "20", "admin0Name": "Bangladesh", "admin0Pcod": "BD", "date": "2015-01-01", "validOn": "2018-04-10", "validTo": null, "Shape_Leng": 0.20038457574, "Shape_Area": 0.00203084545, "name": "Ward No-01" }, "geometry": { "type": "Point", "coordinates": [ 91.811085640507343, 22.264248859967442 ] } },
{ "type": "Feature", "properties": { "rand_point_id": 460, "OBJECTID": 120, "admin4Name": "Ward No-01", "admin4Pcod": "20150601", "admin4RefN": null, "admin4AltN": null, "admin4Al_1": null, "admin3Name": "Bayejid Bostami", "admin3Pcod": "201506", "admin2Name": "Chittagong", "admin2Pcod": "2015", "admin1Name": "Chittagong", "admin1Pcod": "20", "admin0Name": "Bangladesh", "admin0Pcod": "BD", "date": "2015-01-01", "validOn": "2018-04-10", "validTo": null, "Shape_Leng": 0.20038457574, "Shape_Area": 0.00203084545, "name": "Ward No-01" }, "geometry": { "type": "Point", "coordinates": [ 91.854659431300078, 22.39546335608188 ] } },
{ "type": "Feature", "properties": { "rand_point_id": 461, "OBJECTID": 120, "admin4Name": "Ward No-01", "admin4Pcod": "20150601", "admin4RefN": null, "admin4AltN": null, "admin4Al_1": null, "admin3Name": "Bayejid Bostami", "admin3Pcod": "201506", "admin2Name": "Chittagong", "admin2Pcod": "2015", "admin1Name": "Chittagong", "admin1Pcod": "20", "admin0Name": "Bangladesh", "admin0Pcod": "BD", "date": "2015-01-01", "validOn": "2018-04-10", "validTo": null, "Shape_Leng": 0.20038457574, "Shape_Area": 0.00203084545, "name": "Ward No-01" }, "geometry": { "type": "Point", "coordinates": [ 91.846796914983472, 22.393392487388844 ] } },
{ "type": "Feature", "properties": { "rand_point_id": 462, "OBJECTID": 120, "admin4Name": "Ward No-01", "admin4Pcod": "20150601", "admin4RefN": null, "admin4AltN": null, "admin4Al_1": null, "admin3Name": "Bayejid Bostami", "admin3Pcod": "201506", "admin2Name": "Chittagong", "admin2Pcod": "2015", "admin1Name": "Chittagong", "admin1Pcod": "20", "admin0Name": "Bangladesh", "admin0Pcod": "BD", "date": "2015-01-01", "validOn": "2018-04-10", "validTo": null, "Shape_Leng": 0.20038457574, "Shape_Area": 0.00203084545, "name": "Ward No-01" }, "geometry": { "type": "Point", "coordinates": [ 91.809556911573736, 22.351609439343285 ] } },
{ "type": "Feature", "properties": { "rand_point_id": 463, "OBJECTID": 120, "admin4Name": "Ward No-01", "admin4Pcod": "20150601", "admin4RefN": null, "admin4AltN": null, "admin4Al_1": null, "admin3Name": "Bayejid Bostami", "admin3Pcod": "201506", "admin2Name": "Chittagong", "admin2Pcod": "2015", "admin1Name": "Chittagong", "admin1Pcod": "20", "admin0Name": "Bangladesh", "admin0Pcod": "BD", "date": "2015-01-01", "validOn": "2018-04-10", "validTo": null, "Shape_Leng": 0.20038457574, "Shape_Area": 0.00203084545, "name": "Ward No-01" }, "geometry": { "type": "Point", "coordinates": [ 91.801166629681276, 22.463051244932352 ] } },
{ "type": "Feature", "properties": { "rand_point_id": 464, "OBJECTID": 120, "admin4Name": "Ward No-01", "admin4Pcod": "20150601", "admin4RefN": null, "admin4AltN": null, "admin4Al_1": null, "admin3Name": "Bayejid Bostami", "admin3Pcod": "201506", "admin2Name": "Chittagong", "admin2Pcod": "2015", "admin1Name": "Chittagong", "admin1Pcod": "20", "admin0Name": "Bangladesh", "admin0Pcod": "BD", "date": "2015-01-01", "validOn": "2018-04-10", "validTo": null, "Shape_Leng": 0.20038457574, "Shape_Area": 0.00203084545, "name": "Ward No-01" }, "geometry": { "type": "Point", "coordinates": [ 91.816663775686607, 22.355866954951768 ] } },
{ "type": "Feature", "properties": { "rand_point_id": 465, "OBJECTID": 120, "admin4Name": "Ward No-01", "admin4Pcod": "20150601", "admin4RefN": null, "admin4AltN": null, "admin4Al_1": null, "admin3Name": "Bayejid Bostami", "admin3Pcod": "201506", "admin2Name": "Chittagong", "admin2Pcod": "2015", "admin1Name": "Chittagong", "admin1Pcod": "20", "admin0Name": "Bangladesh", "admin0Pcod": "BD", "date": "2015-01-01", "validOn": "2018-04-10", "validTo": null, "Shape_Leng": 0.20038457574, "Shape_Area": 0.00203084545, "name": "Ward No-01" }, "geometry": { "type": "Point", "coordinates": [ 91.768802715685368, 22.308817982390195 ] } },
{ "type": "Feature", "properties": { "rand_point_id": 466, "OBJECTID": 120, "admin4Name": "Ward No-01", "admin4Pcod": "20150601", "admin4RefN": null, "admin4AltN": null, "admin4Al_1": null, "admin3Name": "Bayejid Bostami", "admin3Pcod": "201506", "admin2Name": "Chittagong", "admin2Pcod": "2015", "admin1Name": "Chittagong", "admin1Pcod": "20", "admin0Name": "Bangladesh", "admin0Pcod": "BD", "date": "2015-01-01", "validOn": "2018-04-10", "validTo": null, "Shape_Leng": 0.20038457574, "Shape_Area": 0.00203084545, "name": "Ward No-01" }, "geometry": { "type": "Point", "coordinates": [ 91.87208576911128, 22.399910677614617 ] } },
{ "type": "Feature", "properties": { "rand_point_id": 467, "OBJECTID": 120, "admin4Name": "Ward No-01", "admin4Pcod": "20150601", "admin4RefN": null, "admin4AltN": null, "admin4Al_1": null, "admin3Name": "Bayejid Bostami", "admin3Pcod": "201506", "admin2Name": "Chittagong", "admin2Pcod": "2015", "admin1Name": "Chittagong", "admin1Pcod": "20", "admin0Name": "Bangladesh", "admin0Pcod": "BD", "date": "2015-01-01", "validOn": "2018-04-10", "validTo": null, "Shape_Leng": 0.20038457574, "Shape_Area": 0.00203084545, "name": "Ward No-01" }, "geometry": { "type": "Point", "coordinates": [ 91.832079822227769, 22.40594039177471 ] } },
{ "type": "Feature", "properties": { "rand_point_id": 468, "OBJECTID": 120, "admin4Name": "Ward No-01", "admin4Pcod": "20150601", "admin4RefN": null, "admin4AltN": null, "admin4Al_1": null, "admin3Name": "Bayejid Bostami", "admin3Pcod": "201506", "admin2Name": "Chittagong", "admin2Pcod": "2015", "admin1Name": "Chittagong", "admin1Pcod": "20", "admin0Name": "Bangladesh", "admin0Pcod": "BD", "date": "2015-01-01", "validOn": "2018-04-10", "validTo": null, "Shape_Leng": 0.20038457574, "Shape_Area": 0.00203084545, "name": "Ward No-01" }, "geometry": { "type": "Point", "coordinates": [ 91.799071316941109, 22.351116741634254 ] } },
{ "type": "Feature", "properties": { "rand_point_id": 469, "OBJECTID": 120, "admin4Name": "Ward No-01", "admin4Pcod": "20150601", "admin4RefN": null, "admin4AltN": null, "admin4Al_1": null, "admin3Name": "Bayejid Bostami", "admin3Pcod": "201506", "admin2Name": "Chittagong", "admin2Pcod": "2015", "admin1Name": "Chittagong", "admin1Pcod": "20", "admin0Name": "Bangladesh", "admin0Pcod": "BD", "date": "2015-01-01", "validOn": "2018-04-10", "validTo": null, "Shape_Leng": 0.20038457574, "Shape_Area": 0.00203084545, "name": "Ward No-01" }, "geometry": { "type": "Point", "coordinates": [ 91.757307172173157, 22.368716718435394 ] } },
{ "type": "Feature", "properties": { "rand_point_id": 470, "OBJECTID": 120, "admin4Name": "Ward No-01", "admin4Pcod": "20150601", "admin4RefN": null, "admin4AltN": null, "admin4Al_1": null, "admin3Name": "Bayejid Bostami", "admin3Pcod": "201506", "admin2Name": "Chittagong", "admin2Pcod": "2015", "admin1Name": "Chittagong", "admin1Pcod": "20", "admin0Name": "Bangladesh", "admin0Pcod": "BD", "date": "2015-01-01", "validOn": "2018-04-10", "validTo": null, "Shape_Leng": 0.20038457574, "Shape_Area": 0.00203084545, "name": "Ward No-01" }, "geometry": { "type": "Point", "coordinates": [ 91.778535234885453, 22.354380282139651 ] } },
{ "type": "Feature", "properties": { "rand_point_id": 471, "OBJECTID": 120, "admin4Name": "Ward No-01", "admin4Pcod": "20150601", "admin4RefN": null, "admin4AltN": null, "admin4Al_1": null, "admin3Name": "Bayejid Bostami", "admin3Pcod": "201506", "admin2Name": "Chittagong", "admin2Pcod": "2015", "admin1Name": "Chittagong", "admin1Pcod": "20", "admin0Name": "Bangladesh", "admin0Pcod": "BD", "date": "2015-01-01", "validOn": "2018-04-10", "validTo": null, "Shape_Leng": 0.20038457574, "Shape_Area": 0.00203084545, "name": "Ward No-01" }, "geometry": { "type": "Point", "coordinates": [ 91.79603996352354, 22.310864305904015 ] } },
{ "type": "Feature", "properties": { "rand_point_id": 472, "OBJECTID": 120, "admin4Name": "Ward No-01", "admin4Pcod": "20150601", "admin4RefN": null, "admin4AltN": null, "admin4Al_1": null, "admin3Name": "Bayejid Bostami", "admin3Pcod": "201506", "admin2Name": "Chittagong", "admin2Pcod": "2015", "admin1Name": "Chittagong", "admin1Pcod": "20", "admin0Name": "Bangladesh", "admin0Pcod": "BD", "date": "2015-01-01", "validOn": "2018-04-10", "validTo": null, "Shape_Leng": 0.20038457574, "Shape_Area": 0.00203084545, "name": "Ward No-01" }, "geometry": { "type": "Point", "coordinates": [ 91.798427426810818, 22.39681823977498 ] } },
{ "type": "Feature", "properties": { "rand_point_id": 473, "OBJECTID": 120, "admin4Name": "Ward No-01", "admin4Pcod": "20150601", "admin4RefN": null, "admin4AltN": null, "admin4Al_1": null, "admin3Name": "Bayejid Bostami", "admin3Pcod": "201506", "admin2Name": "Chittagong", "admin2Pcod": "2015", "admin1Name": "Chittagong", "admin1Pcod": "20", "admin0Name": "Bangladesh", "admin0Pcod": "BD", "date": "2015-01-01", "validOn": "2018-04-10", "validTo": null, "Shape_Leng": 0.20038457574, "Shape_Area": 0.00203084545, "name": "Ward No-01" }, "geometry": { "type": "Point", "coordinates": [ 91.772095403639099, 22.339051613999416 ] } },
{ "type": "Feature", "properties": { "rand_point_id": 474, "OBJECTID": 120, "admin4Name": "Ward No-01", "admin4Pcod": "20150601", "admin4RefN": null, "admin4AltN": null, "admin4Al_1": null, "admin3Name": "Bayejid Bostami", "admin3Pcod": "201506", "admin2Name": "Chittagong", "admin2Pcod": "2015", "admin1Name": "Chittagong", "admin1Pcod": "20", "admin0Name": "Bangladesh", "admin0Pcod": "BD", "date": "2015-01-01", "validOn": "2018-04-10", "validTo": null, "Shape_Leng": 0.20038457574, "Shape_Area": 0.00203084545, "name": "Ward No-01" }, "geometry": { "type": "Point", "coordinates": [ 91.875943721801661, 22.398410899513006 ] } },
{ "type": "Feature", "properties": { "rand_point_id": 475, "OBJECTID": 120, "admin4Name": "Ward No-01", "admin4Pcod": "20150601", "admin4RefN": null, "admin4AltN": null, "admin4Al_1": null, "admin3Name": "Bayejid Bostami", "admin3Pcod": "201506", "admin2Name": "Chittagong", "admin2Pcod": "2015", "admin1Name": "Chittagong", "admin1Pcod": "20", "admin0Name": "Bangladesh", "admin0Pcod": "BD", "date": "2015-01-01", "validOn": "2018-04-10", "validTo": null, "Shape_Leng": 0.20038457574, "Shape_Area": 0.00203084545, "name": "Ward No-01" }, "geometry": { "type": "Point", "coordinates": [ 91.812228234981077, 22.385259868851872 ] } },
{ "type": "Feature", "properties": { "rand_point_id": 476, "OBJECTID": 120, "admin4Name": "Ward No-01", "admin4Pcod": "20150601", "admin4RefN": null, "admin4AltN": null, "admin4Al_1": null, "admin3Name": "Bayejid Bostami", "admin3Pcod": "201506", "admin2Name": "Chittagong", "admin2Pcod": "2015", "admin1Name": "Chittagong", "admin1Pcod": "20", "admin0Name": "Bangladesh", "admin0Pcod": "BD", "date": "2015-01-01", "validOn": "2018-04-10", "validTo": null, "Shape_Leng": 0.20038457574, "Shape_Area": 0.00203084545, "name": "Ward No-01" }, "geometry": { "type": "Point", "coordinates": [ 91.78816395099642, 22.272404064077758 ] } },
{ "type": "Feature", "properties": { "rand_point_id": 477, "OBJECTID": 120, "admin4Name": "Ward No-01", "admin4Pcod": "20150601", "admin4RefN": null, "admin4AltN": null, "admin4Al_1": null, "admin3Name": "Bayejid Bostami", "admin3Pcod": "201506", "admin2Name": "Chittagong", "admin2Pcod": "2015", "admin1Name": "Chittagong", "admin1Pcod": "20", "admin0Name": "Bangladesh", "admin0Pcod": "BD", "date": "2015-01-01", "validOn": "2018-04-10", "validTo": null, "Shape_Leng": 0.20038457574, "Shape_Area": 0.00203084545, "name": "Ward No-01" }, "geometry": { "type": "Point", "coordinates": [ 91.796576760749105, 22.320388428527984 ] } },
{ "type": "Feature", "properties": { "rand_point_id": 478, "OBJECTID": 120, "admin4Name": "Ward No-01", "admin4Pcod": "20150601", "admin4RefN": null, "admin4AltN": null, "admin4Al_1": null, "admin3Name": "Bayejid Bostami", "admin3Pcod": "201506", "admin2Name": "Chittagong", "admin2Pcod": "2015", "admin1Name": "Chittagong", "admin1Pcod": "20", "admin0Name": "Bangladesh", "admin0Pcod": "BD", "date": "2015-01-01", "validOn": "2018-04-10", "validTo": null, "Shape_Leng": 0.20038457574, "Shape_Area": 0.00203084545, "name": "Ward No-01" }, "geometry": { "type": "Point", "coordinates": [ 91.812068603554138, 22.455462330701543 ] } },
{ "type": "Feature", "properties": { "rand_point_id": 479, "OBJECTID": 120, "admin4Name": "Ward No-01", "admin4Pcod": "20150601", "admin4RefN": null, "admin4AltN": null, "admin4Al_1": null, "admin3Name": "Bayejid Bostami", "admin3Pcod": "201506", "admin2Name": "Chittagong", "admin2Pcod": "2015", "admin1Name": "Chittagong", "admin1Pcod": "20", "admin0Name": "Bangladesh", "admin0Pcod": "BD", "date": "2015-01-01", "validOn": "2018-04-10", "validTo": null, "Shape_Leng": 0.20038457574, "Shape_Area": 0.00203084545, "name": "Ward No-01" }, "geometry": { "type": "Point", "coordinates": [ 91.850095334914329, 22.377484020751616 ] } },
{ "type": "Feature", "properties": { "rand_point_id": 480, "OBJECTID": 120, "admin4Name": "Ward No-01", "admin4Pcod": "20150601", "admin4RefN": null, "admin4AltN": null, "admin4Al_1": null, "admin3Name": "Bayejid Bostami", "admin3Pcod": "201506", "admin2Name": "Chittagong", "admin2Pcod": "2015", "admin1Name": "Chittagong", "admin1Pcod": "20", "admin0Name": "Bangladesh", "admin0Pcod": "BD", "date": "2015-01-01", "validOn": "2018-04-10", "validTo": null, "Shape_Leng": 0.20038457574, "Shape_Area": 0.00203084545, "name": "Ward No-01" }, "geometry": { "type": "Point", "coordinates": [ 91.815484425576216, 22.461023031113882 ] } },
{ "type": "Feature", "properties": { "rand_point_id": 481, "OBJECTID": 120, "admin4Name": "Ward No-01", "admin4Pcod": "20150601", "admin4RefN": null, "admin4AltN": null, "admin4Al_1": null, "admin3Name": "Bayejid Bostami", "admin3Pcod": "201506", "admin2Name": "Chittagong", "admin2Pcod": "2015", "admin1Name": "Chittagong", "admin1Pcod": "20", "admin0Name": "Bangladesh", "admin0Pcod": "BD", "date": "2015-01-01", "validOn": "2018-04-10", "validTo": null, "Shape_Leng": 0.20038457574, "Shape_Area": 0.00203084545, "name": "Ward No-01" }, "geometry": { "type": "Point", "coordinates": [ 91.7875816464243, 22.314458543078707 ] } },
{ "type": "Feature", "properties": { "rand_point_id": 482, "OBJECTID": 120, "admin4Name": "Ward No-01", "admin4Pcod": "20150601", "admin4RefN": null, "admin4AltN": null, "admin4Al_1": null, "admin3Name": "Bayejid Bostami", "admin3Pcod": "201506", "admin2Name": "Chittagong", "admin2Pcod": "2015", "admin1Name": "Chittagong", "admin1Pcod": "20", "admin0Name": "Bangladesh", "admin0Pcod": "BD", "date": "2015-01-01", "validOn": "2018-04-10", "validTo": null, "Shape_Leng": 0.20038457574, "Shape_Area": 0.00203084545, "name": "Ward No-01" }, "geometry": { "type": "Point", "coordinates": [ 91.791253953456035, 22.251544292467926 ] } },
{ "type": "Feature", "properties": { "rand_point_id": 483, "OBJECTID": 120, "admin4Name": "Ward No-01", "admin4Pcod": "20150601", "admin4RefN": null, "admin4AltN": null, "admin4Al_1": null, "admin3Name": "Bayejid Bostami", "admin3Pcod": "201506", "admin2Name": "Chittagong", "admin2Pcod": "2015", "admin1Name": "Chittagong", "admin1Pcod": "20", "admin0Name": "Bangladesh", "admin0Pcod": "BD", "date": "2015-01-01", "validOn": "2018-04-10", "validTo": null, "Shape_Leng": 0.20038457574, "Shape_Area": 0.00203084545, "name": "Ward No-01" }, "geometry": { "type": "Point", "coordinates": [ 91.857364494796897, 22.381199397413774 ] } },
{ "type": "Feature", "properties": { "rand_point_id": 484, "OBJECTID": 120, "admin4Name": "Ward No-01", "admin4Pcod": "20150601", "admin4RefN": null, "admin4AltN": null, "admin4Al_1": null, "admin3Name": "Bayejid Bostami", "admin3Pcod": "201506", "admin2Name": "Chittagong", "admin2Pcod": "2015", "admin1Name": "Chittagong", "admin1Pcod": "20", "admin0Name": "Bangladesh", "admin0Pcod": "BD", "date": "2015-01-01", "validOn": "2018-04-10", "validTo": null, "Shape_Leng": 0.20038457574, "Shape_Area": 0.00203084545, "name": "Ward No-01" }, "geometry": { "type": "Point", "coordinates": [ 91.78602351272005, 22.430452931547695 ] } },
{ "type": "Feature", "properties": { "rand_point_id": 485, "OBJECTID": 120, "admin4Name": "Ward No-01", "admin4Pcod": "20150601", "admin4RefN": null, "admin4AltN": null, "admin4Al_1": null, "admin3Name": "Bayejid Bostami", "admin3Pcod": "201506", "admin2Name": "Chittagong", "admin2Pcod": "2015", "admin1Name": "Chittagong", "admin1Pcod": "20", "admin0Name": "Bangladesh", "admin0Pcod": "BD", "date": "2015-01-01", "validOn": "2018-04-10", "validTo": null, "Shape_Leng": 0.20038457574, "Shape_Area": 0.00203084545, "name": "Ward No-01" }, "geometry": { "type": "Point", "coordinates": [ 91.886165354216857, 22.400659096269543 ] } },
{ "type": "Feature", "properties": { "rand_point_id": 486, "OBJECTID": 120, "admin4Name": "Ward No-01", "admin4Pcod": "20150601", "admin4RefN": null, "admin4AltN": null, "admin4Al_1": null, "admin3Name": "Bayejid Bostami", "admin3Pcod": "201506", "admin2Name": "Chittagong", "admin2Pcod": "2015", "admin1Name": "Chittagong", "admin1Pcod": "20", "admin0Name": "Bangladesh", "admin0Pcod": "BD", "date": "2015-01-01", "validOn": "2018-04-10", "validTo": null, "Shape_Leng": 0.20038457574, "Shape_Area": 0.00203084545, "name": "Ward No-01" }, "geometry": { "type": "Point", "coordinates": [ 91.797750148391046, 22.310488637398297 ] } },
{ "type": "Feature", "properties": { "rand_point_id": 487, "OBJECTID": 120, "admin4Name": "Ward No-01", "admin4Pcod": "20150601", "admin4RefN": null, "admin4AltN": null, "admin4Al_1": null, "admin3Name": "Bayejid Bostami", "admin3Pcod": "201506", "admin2Name": "Chittagong", "admin2Pcod": "2015", "admin1Name": "Chittagong", "admin1Pcod": "20", "admin0Name": "Bangladesh", "admin0Pcod": "BD", "date": "2015-01-01", "validOn": "2018-04-10", "validTo": null, "Shape_Leng": 0.20038457574, "Shape_Area": 0.00203084545, "name": "Ward No-01" }, "geometry": { "type": "Point", "coordinates": [ 91.787156470685829, 22.330431640650417 ] } },
{ "type": "Feature", "properties": { "rand_point_id": 488, "OBJECTID": 120, "admin4Name": "Ward No-01", "admin4Pcod": "20150601", "admin4RefN": null, "admin4AltN": null, "admin4Al_1": null, "admin3Name": "Bayejid Bostami", "admin3Pcod": "201506", "admin2Name": "Chittagong", "admin2Pcod": "2015", "admin1Name": "Chittagong", "admin1Pcod": "20", "admin0Name": "Bangladesh", "admin0Pcod": "BD", "date": "2015-01-01", "validOn": "2018-04-10", "validTo": null, "Shape_Leng": 0.20038457574, "Shape_Area": 0.00203084545, "name": "Ward No-01" }, "geometry": { "type": "Point", "coordinates": [ 91.851961650317406, 22.330282724097749 ] } },
{ "type": "Feature", "properties": { "rand_point_id": 489, "OBJECTID": 120, "admin4Name": "Ward No-01", "admin4Pcod": "20150601", "admin4RefN": null, "admin4AltN": null, "admin4Al_1": null, "admin3Name": "Bayejid Bostami", "admin3Pcod": "201506", "admin2Name": "Chittagong", "admin2Pcod": "2015", "admin1Name": "Chittagong", "admin1Pcod": "20", "admin0Name": "Bangladesh", "admin0Pcod": "BD", "date": "2015-01-01", "validOn": "2018-04-10", "validTo": null, "Shape_Leng": 0.20038457574, "Shape_Area": 0.00203084545, "name": "Ward No-01" }, "geometry": { "type": "Point", "coordinates": [ 91.792316144847916, 22.327416173866407 ] } },
{ "type": "Feature", "properties": { "rand_point_id": 490, "OBJECTID": 120, "admin4Name": "Ward No-01", "admin4Pcod": "20150601", "admin4RefN": null, "admin4AltN": null, "admin4Al_1": null, "admin3Name": "Bayejid Bostami", "admin3Pcod": "201506", "admin2Name": "Chittagong", "admin2Pcod": "2015", "admin1Name": "Chittagong", "admin1Pcod": "20", "admin0Name": "Bangladesh", "admin0Pcod": "BD", "date": "2015-01-01", "validOn": "2018-04-10", "validTo": null, "Shape_Leng": 0.20038457574, "Shape_Area": 0.00203084545, "name": "Ward No-01" }, "geometry": { "type": "Point", "coordinates": [ 91.811696877152698, 22.417103957157696 ] } },
{ "type": "Feature", "properties": { "rand_point_id": 491, "OBJECTID": 120, "admin4Name": "Ward No-01", "admin4Pcod": "20150601", "admin4RefN": null, "admin4AltN": null, "admin4Al_1": null, "admin3Name": "Bayejid Bostami", "admin3Pcod": "201506", "admin2Name": "Chittagong", "admin2Pcod": "2015", "admin1Name": "Chittagong", "admin1Pcod": "20", "admin0Name": "Bangladesh", "admin0Pcod": "BD", "date": "2015-01-01", "validOn": "2018-04-10", "validTo": null, "Shape_Leng": 0.20038457574, "Shape_Area": 0.00203084545, "name": "Ward No-01" }, "geometry": { "type": "Point", "coordinates": [ 91.788569394215159, 22.42357509352367 ] } },
{ "type": "Feature", "properties": { "rand_point_id": 492, "OBJECTID": 120, "admin4Name": "Ward No-01", "admin4Pcod": "20150601", "admin4RefN": null, "admin4AltN": null, "admin4Al_1": null, "admin3Name": "Bayejid Bostami", "admin3Pcod": "201506", "admin2Name": "Chittagong", "admin2Pcod": "2015", "admin1Name": "Chittagong", "admin1Pcod": "20", "admin0Name": "Bangladesh", "admin0Pcod": "BD", "date": "2015-01-01", "validOn": "2018-04-10", "validTo": null, "Shape_Leng": 0.20038457574, "Shape_Area": 0.00203084545, "name": "Ward No-01" }, "geometry": { "type": "Point", "coordinates": [ 91.763904482593901, 22.351559384538209 ] } },
{ "type": "Feature", "properties": { "rand_point_id": 493, "OBJECTID": 120, "admin4Name": "Ward No-01", "admin4Pcod": "20150601", "admin4RefN": null, "admin4AltN": null, "admin4Al_1": null, "admin3Name": "Bayejid Bostami", "admin3Pcod": "201506", "admin2Name": "Chittagong", "admin2Pcod": "2015", "admin1Name": "Chittagong", "admin1Pcod": "20", "admin0Name": "Bangladesh", "admin0Pcod": "BD", "date": "2015-01-01", "validOn": "2018-04-10", "validTo": null, "Shape_Leng": 0.20038457574, "Shape_Area": 0.00203084545, "name": "Ward No-01" }, "geometry": { "type": "Point", "coordinates": [ 91.784220409938669, 22.442314221907097 ] } },
{ "type": "Feature", "properties": { "rand_point_id": 494, "OBJECTID": 120, "admin4Name": "Ward No-01", "admin4Pcod": "20150601", "admin4RefN": null, "admin4AltN": null, "admin4Al_1": null, "admin3Name": "Bayejid Bostami", "admin3Pcod": "201506", "admin2Name": "Chittagong", "admin2Pcod": "2015", "admin1Name": "Chittagong", "admin1Pcod": "20", "admin0Name": "Bangladesh", "admin0Pcod": "BD", "date": "2015-01-01", "validOn": "2018-04-10", "validTo": null, "Shape_Leng": 0.20038457574, "Shape_Area": 0.00203084545, "name": "Ward No-01" }, "geometry": { "type": "Point", "coordinates": [ 91.828942162301445, 22.338943098596221 ] } },
{ "type": "Feature", "properties": { "rand_point_id": 495, "OBJECTID": 120, "admin4Name": "Ward No-01", "admin4Pcod": "20150601", "admin4RefN": null, "admin4AltN": null, "admin4Al_1": null, "admin3Name": "Bayejid Bostami", "admin3Pcod": "201506", "admin2Name": "Chittagong", "admin2Pcod": "2015", "admin1Name": "Chittagong", "admin1Pcod": "20", "admin0Name": "Bangladesh", "admin0Pcod": "BD", "date": "2015-01-01", "validOn": "2018-04-10", "validTo": null, "Shape_Leng": 0.20038457574, "Shape_Area": 0.00203084545, "name": "Ward No-01" }, "geometry": { "type": "Point", "coordinates": [ 91.799046394927757, 22.363302273170774 ] } },
{ "type": "Feature", "properties": { "rand_point_id": 496, "OBJECTID": 120, "admin4Name": "Ward No-01", "admin4Pcod": "20150601", "admin4RefN": null, "admin4AltN": null, "admin4Al_1": null, "admin3Name": "Bayejid Bostami", "admin3Pcod": "201506", "admin2Name": "Chittagong", "admin2Pcod": "2015", "admin1Name": "Chittagong", "admin1Pcod": "20", "admin0Name": "Bangladesh", "admin0Pcod": "BD", "date": "2015-01-01", "validOn": "2018-04-10", "validTo": null, "Shape_Leng": 0.20038457574, "Shape_Area": 0.00203084545, "name": "Ward No-01" }, "geometry": { "type": "Point", "coordinates": [ 91.80488537824111, 22.355173953398893 ] } },
{ "type": "Feature", "properties": { "rand_point_id": 497, "OBJECTID": 120, "admin4Name": "Ward No-01", "admin4Pcod": "20150601", "admin4RefN": null, "admin4AltN": null, "admin4Al_1": null, "admin3Name": "Bayejid Bostami", "admin3Pcod": "201506", "admin2Name": "Chittagong", "admin2Pcod": "2015", "admin1Name": "Chittagong", "admin1Pcod": "20", "admin0Name": "Bangladesh", "admin0Pcod": "BD", "date": "2015-01-01", "validOn": "2018-04-10", "validTo": null, "Shape_Leng": 0.20038457574, "Shape_Area": 0.00203084545, "name": "Ward No-01" }, "geometry": { "type": "Point", "coordinates": [ 91.822500745893564, 22.331878628171655 ] } },
{ "type": "Feature", "properties": { "rand_point_id": 498, "OBJECTID": 120, "admin4Name": "Ward No-01", "admin4Pcod": "20150601", "admin4RefN": null, "admin4AltN": null, "admin4Al_1": null, "admin3Name": "Bayejid Bostami", "admin3Pcod": "201506", "admin2Name": "Chittagong", "admin2Pcod": "2015", "admin1Name": "Chittagong", "admin1Pcod": "20", "admin0Name": "Bangladesh", "admin0Pcod": "BD", "date": "2015-01-01", "validOn": "2018-04-10", "validTo": null, "Shape_Leng": 0.20038457574, "Shape_Area": 0.00203084545, "name": "Ward No-01" }, "geometry": { "type": "Point", "coordinates": [ 91.830086649746718, 22.348593782811147 ] } },
{ "type": "Feature", "properties": { "rand_point_id": 499, "OBJECTID": 120, "admin4Name": "Ward No-01", "admin4Pcod": "20150601", "admin4RefN": null, "admin4AltN": null, "admin4Al_1": null, "admin3Name": "Bayejid Bostami", "admin3Pcod": "201506", "admin2Name": "Chittagong", "admin2Pcod": "2015", "admin1Name": "Chittagong", "admin1Pcod": "20", "admin0Name": "Bangladesh", "admin0Pcod": "BD", "date": "2015-01-01", "validOn": "2018-04-10", "validTo": null, "Shape_Leng": 0.20038457574, "Shape_Area": 0.00203084545, "name": "Ward No-01" }, "geometry": { "type": "Point", "coordinates": [ 91.788920105902008, 22.458260739294218 ] } },
{ "type": "Feature", "properties": { "rand_point_id": 500, "OBJECTID": 120, "admin4Name": "Ward No-01", "admin4Pcod": "20150601", "admin4RefN": null, "admin4AltN": null, "admin4Al_1": null, "admin3Name": "Bayejid Bostami", "admin3Pcod": "201506", "admin2Name": "Chittagong", "admin2Pcod": "2015", "admin1Name": "Chittagong", "admin1Pcod": "20", "admin0Name": "Bangladesh", "admin0Pcod": "BD", "date": "2015-01-01", "validOn": "2018-04-10", "validTo": null, "Shape_Leng": 0.20038457574, "Shape_Area": 0.00203084545, "name": "Ward No-01" }, "geometry": { "type": "Point", "coordinates": [ 91.822763354995374, 22.385285749811892 ] } },
{ "type": "Feature", "properties": { "rand_point_id": 501, "OBJECTID": 120, "admin4Name": "Ward No-01", "admin4Pcod": "20150601", "admin4RefN": null, "admin4AltN": null, "admin4Al_1": null, "admin3Name": "Bayejid Bostami", "admin3Pcod": "201506", "admin2Name": "Chittagong", "admin2Pcod": "2015", "admin1Name": "Chittagong", "admin1Pcod": "20", "admin0Name": "Bangladesh", "admin0Pcod": "BD", "date": "2015-01-01", "validOn": "2018-04-10", "validTo": null, "Shape_Leng": 0.20038457574, "Shape_Area": 0.00203084545, "name": "Ward No-01" }, "geometry": { "type": "Point", "coordinates": [ 91.849205319164824, 22.376292196754001 ] } },
{ "type": "Feature", "properties": { "rand_point_id": 502, "OBJECTID": 120, "admin4Name": "Ward No-01", "admin4Pcod": "20150601", "admin4RefN": null, "admin4AltN": null, "admin4Al_1": null, "admin3Name": "Bayejid Bostami", "admin3Pcod": "201506", "admin2Name": "Chittagong", "admin2Pcod": "2015", "admin1Name": "Chittagong", "admin1Pcod": "20", "admin0Name": "Bangladesh", "admin0Pcod": "BD", "date": "2015-01-01", "validOn": "2018-04-10", "validTo": null, "Shape_Leng": 0.20038457574, "Shape_Area": 0.00203084545, "name": "Ward No-01" }, "geometry": { "type": "Point", "coordinates": [ 91.812477488967929, 22.250515437236228 ] } },
{ "type": "Feature", "properties": { "rand_point_id": 503, "OBJECTID": 120, "admin4Name": "Ward No-01", "admin4Pcod": "20150601", "admin4RefN": null, "admin4AltN": null, "admin4Al_1": null, "admin3Name": "Bayejid Bostami", "admin3Pcod": "201506", "admin2Name": "Chittagong", "admin2Pcod": "2015", "admin1Name": "Chittagong", "admin1Pcod": "20", "admin0Name": "Bangladesh", "admin0Pcod": "BD", "date": "2015-01-01", "validOn": "2018-04-10", "validTo": null, "Shape_Leng": 0.20038457574, "Shape_Area": 0.00203084545, "name": "Ward No-01" }, "geometry": { "type": "Point", "coordinates": [ 91.846856043482944, 22.400921312441973 ] } },
{ "type": "Feature", "properties": { "rand_point_id": 504, "OBJECTID": 120, "admin4Name": "Ward No-01", "admin4Pcod": "20150601", "admin4RefN": null, "admin4AltN": null, "admin4Al_1": null, "admin3Name": "Bayejid Bostami", "admin3Pcod": "201506", "admin2Name": "Chittagong", "admin2Pcod": "2015", "admin1Name": "Chittagong", "admin1Pcod": "20", "admin0Name": "Bangladesh", "admin0Pcod": "BD", "date": "2015-01-01", "validOn": "2018-04-10", "validTo": null, "Shape_Leng": 0.20038457574, "Shape_Area": 0.00203084545, "name": "Ward No-01" }, "geometry": { "type": "Point", "coordinates": [ 91.811559979619773, 22.243430641518788 ] } },
{ "type": "Feature", "properties": { "rand_point_id": 505, "OBJECTID": 120, "admin4Name": "Ward No-01", "admin4Pcod": "20150601", "admin4RefN": null, "admin4AltN": null, "admin4Al_1": null, "admin3Name": "Bayejid Bostami", "admin3Pcod": "201506", "admin2Name": "Chittagong", "admin2Pcod": "2015", "admin1Name": "Chittagong", "admin1Pcod": "20", "admin0Name": "Bangladesh", "admin0Pcod": "BD", "date": "2015-01-01", "validOn": "2018-04-10", "validTo": null, "Shape_Leng": 0.20038457574, "Shape_Area": 0.00203084545, "name": "Ward No-01" }, "geometry": { "type": "Point", "coordinates": [ 91.81154824346298, 22.454627440802732 ] } },
{ "type": "Feature", "properties": { "rand_point_id": 506, "OBJECTID": 120, "admin4Name": "Ward No-01", "admin4Pcod": "20150601", "admin4RefN": null, "admin4AltN": null, "admin4Al_1": null, "admin3Name": "Bayejid Bostami", "admin3Pcod": "201506", "admin2Name": "Chittagong", "admin2Pcod": "2015", "admin1Name": "Chittagong", "admin1Pcod": "20", "admin0Name": "Bangladesh", "admin0Pcod": "BD", "date": "2015-01-01", "validOn": "2018-04-10", "validTo": null, "Shape_Leng": 0.20038457574, "Shape_Area": 0.00203084545, "name": "Ward No-01" }, "geometry": { "type": "Point", "coordinates": [ 91.790795702417924, 22.325018227009529 ] } },
{ "type": "Feature", "properties": { "rand_point_id": 507, "OBJECTID": 120, "admin4Name": "Ward No-01", "admin4Pcod": "20150601", "admin4RefN": null, "admin4AltN": null, "admin4Al_1": null, "admin3Name": "Bayejid Bostami", "admin3Pcod": "201506", "admin2Name": "Chittagong", "admin2Pcod": "2015", "admin1Name": "Chittagong", "admin1Pcod": "20", "admin0Name": "Bangladesh", "admin0Pcod": "BD", "date": "2015-01-01", "validOn": "2018-04-10", "validTo": null, "Shape_Leng": 0.20038457574, "Shape_Area": 0.00203084545, "name": "Ward No-01" }, "geometry": { "type": "Point", "coordinates": [ 91.771434621046666, 22.311010837820263 ] } },
{ "type": "Feature", "properties": { "rand_point_id": 508, "OBJECTID": 120, "admin4Name": "Ward No-01", "admin4Pcod": "20150601", "admin4RefN": null, "admin4AltN": null, "admin4Al_1": null, "admin3Name": "Bayejid Bostami", "admin3Pcod": "201506", "admin2Name": "Chittagong", "admin2Pcod": "2015", "admin1Name": "Chittagong", "admin1Pcod": "20", "admin0Name": "Bangladesh", "admin0Pcod": "BD", "date": "2015-01-01", "validOn": "2018-04-10", "validTo": null, "Shape_Leng": 0.20038457574, "Shape_Area": 0.00203084545, "name": "Ward No-01" }, "geometry": { "type": "Point", "coordinates": [ 91.8130728576797, 22.251608779571242 ] } },
{ "type": "Feature", "properties": { "rand_point_id": 509, "OBJECTID": 120, "admin4Name": "Ward No-01", "admin4Pcod": "20150601", "admin4RefN": null, "admin4AltN": null, "admin4Al_1": null, "admin3Name": "Bayejid Bostami", "admin3Pcod": "201506", "admin2Name": "Chittagong", "admin2Pcod": "2015", "admin1Name": "Chittagong", "admin1Pcod": "20", "admin0Name": "Bangladesh", "admin0Pcod": "BD", "date": "2015-01-01", "validOn": "2018-04-10", "validTo": null, "Shape_Leng": 0.20038457574, "Shape_Area": 0.00203084545, "name": "Ward No-01" }, "geometry": { "type": "Point", "coordinates": [ 91.764284080162355, 22.321768804402453 ] } },
{ "type": "Feature", "properties": { "rand_point_id": 510, "OBJECTID": 120, "admin4Name": "Ward No-01", "admin4Pcod": "20150601", "admin4RefN": null, "admin4AltN": null, "admin4Al_1": null, "admin3Name": "Bayejid Bostami", "admin3Pcod": "201506", "admin2Name": "Chittagong", "admin2Pcod": "2015", "admin1Name": "Chittagong", "admin1Pcod": "20", "admin0Name": "Bangladesh", "admin0Pcod": "BD", "date": "2015-01-01", "validOn": "2018-04-10", "validTo": null, "Shape_Leng": 0.20038457574, "Shape_Area": 0.00203084545, "name": "Ward No-01" }, "geometry": { "type": "Point", "coordinates": [ 91.76153050112886, 22.329234798976785 ] } },
{ "type": "Feature", "properties": { "rand_point_id": 511, "OBJECTID": 120, "admin4Name": "Ward No-01", "admin4Pcod": "20150601", "admin4RefN": null, "admin4AltN": null, "admin4Al_1": null, "admin3Name": "Bayejid Bostami", "admin3Pcod": "201506", "admin2Name": "Chittagong", "admin2Pcod": "2015", "admin1Name": "Chittagong", "admin1Pcod": "20", "admin0Name": "Bangladesh", "admin0Pcod": "BD", "date": "2015-01-01", "validOn": "2018-04-10", "validTo": null, "Shape_Leng": 0.20038457574, "Shape_Area": 0.00203084545, "name": "Ward No-01" }, "geometry": { "type": "Point", "coordinates": [ 91.842995141048775, 22.380461102365004 ] } },
{ "type": "Feature", "properties": { "rand_point_id": 512, "OBJECTID": 120, "admin4Name": "Ward No-01", "admin4Pcod": "20150601", "admin4RefN": null, "admin4AltN": null, "admin4Al_1": null, "admin3Name": "Bayejid Bostami", "admin3Pcod": "201506", "admin2Name": "Chittagong", "admin2Pcod": "2015", "admin1Name": "Chittagong", "admin1Pcod": "20", "admin0Name": "Bangladesh", "admin0Pcod": "BD", "date": "2015-01-01", "validOn": "2018-04-10", "validTo": null, "Shape_Leng": 0.20038457574, "Shape_Area": 0.00203084545, "name": "Ward No-01" }, "geometry": { "type": "Point", "coordinates": [ 91.812059982728499, 22.343049096546199 ] } },
{ "type": "Feature", "properties": { "rand_point_id": 513, "OBJECTID": 120, "admin4Name": "Ward No-01", "admin4Pcod": "20150601", "admin4RefN": null, "admin4AltN": null, "admin4Al_1": null, "admin3Name": "Bayejid Bostami", "admin3Pcod": "201506", "admin2Name": "Chittagong", "admin2Pcod": "2015", "admin1Name": "Chittagong", "admin1Pcod": "20", "admin0Name": "Bangladesh", "admin0Pcod": "BD", "date": "2015-01-01", "validOn": "2018-04-10", "validTo": null, "Shape_Leng": 0.20038457574, "Shape_Area": 0.00203084545, "name": "Ward No-01" }, "geometry": { "type": "Point", "coordinates": [ 91.866371254800598, 22.393344349881176 ] } },
{ "type": "Feature", "properties": { "rand_point_id": 514, "OBJECTID": 120, "admin4Name": "Ward No-01", "admin4Pcod": "20150601", "admin4RefN": null, "admin4AltN": null, "admin4Al_1": null, "admin3Name": "Bayejid Bostami", "admin3Pcod": "201506", "admin2Name": "Chittagong", "admin2Pcod": "2015", "admin1Name": "Chittagong", "admin1Pcod": "20", "admin0Name": "Bangladesh", "admin0Pcod": "BD", "date": "2015-01-01", "validOn": "2018-04-10", "validTo": null, "Shape_Leng": 0.20038457574, "Shape_Area": 0.00203084545, "name": "Ward No-01" }, "geometry": { "type": "Point", "coordinates": [ 91.801026149085658, 22.396898941106581 ] } },
{ "type": "Feature", "properties": { "rand_point_id": 515, "OBJECTID": 120, "admin4Name": "Ward No-01", "admin4Pcod": "20150601", "admin4RefN": null, "admin4AltN": null, "admin4Al_1": null, "admin3Name": "Bayejid Bostami", "admin3Pcod": "201506", "admin2Name": "Chittagong", "admin2Pcod": "2015", "admin1Name": "Chittagong", "admin1Pcod": "20", "admin0Name": "Bangladesh", "admin0Pcod": "BD", "date": "2015-01-01", "validOn": "2018-04-10", "validTo": null, "Shape_Leng": 0.20038457574, "Shape_Area": 0.00203084545, "name": "Ward No-01" }, "geometry": { "type": "Point", "coordinates": [ 91.845947964079073, 22.346927520744053 ] } },
{ "type": "Feature", "properties": { "rand_point_id": 516, "OBJECTID": 120, "admin4Name": "Ward No-01", "admin4Pcod": "20150601", "admin4RefN": null, "admin4AltN": null, "admin4Al_1": null, "admin3Name": "Bayejid Bostami", "admin3Pcod": "201506", "admin2Name": "Chittagong", "admin2Pcod": "2015", "admin1Name": "Chittagong", "admin1Pcod": "20", "admin0Name": "Bangladesh", "admin0Pcod": "BD", "date": "2015-01-01", "validOn": "2018-04-10", "validTo": null, "Shape_Leng": 0.20038457574, "Shape_Area": 0.00203084545, "name": "Ward No-01" }, "geometry": { "type": "Point", "coordinates": [ 91.839535792975411, 22.333415634794743 ] } },
{ "type": "Feature", "properties": { "rand_point_id": 517, "OBJECTID": 120, "admin4Name": "Ward No-01", "admin4Pcod": "20150601", "admin4RefN": null, "admin4AltN": null, "admin4Al_1": null, "admin3Name": "Bayejid Bostami", "admin3Pcod": "201506", "admin2Name": "Chittagong", "admin2Pcod": "2015", "admin1Name": "Chittagong", "admin1Pcod": "20", "admin0Name": "Bangladesh", "admin0Pcod": "BD", "date": "2015-01-01", "validOn": "2018-04-10", "validTo": null, "Shape_Leng": 0.20038457574, "Shape_Area": 0.00203084545, "name": "Ward No-01" }, "geometry": { "type": "Point", "coordinates": [ 91.7941734633403, 22.336346218920166 ] } },
{ "type": "Feature", "properties": { "rand_point_id": 518, "OBJECTID": 120, "admin4Name": "Ward No-01", "admin4Pcod": "20150601", "admin4RefN": null, "admin4AltN": null, "admin4Al_1": null, "admin3Name": "Bayejid Bostami", "admin3Pcod": "201506", "admin2Name": "Chittagong", "admin2Pcod": "2015", "admin1Name": "Chittagong", "admin1Pcod": "20", "admin0Name": "Bangladesh", "admin0Pcod": "BD", "date": "2015-01-01", "validOn": "2018-04-10", "validTo": null, "Shape_Leng": 0.20038457574, "Shape_Area": 0.00203084545, "name": "Ward No-01" }, "geometry": { "type": "Point", "coordinates": [ 91.883985860282209, 22.395845603804826 ] } },
{ "type": "Feature", "properties": { "rand_point_id": 519, "OBJECTID": 120, "admin4Name": "Ward No-01", "admin4Pcod": "20150601", "admin4RefN": null, "admin4AltN": null, "admin4Al_1": null, "admin3Name": "Bayejid Bostami", "admin3Pcod": "201506", "admin2Name": "Chittagong", "admin2Pcod": "2015", "admin1Name": "Chittagong", "admin1Pcod": "20", "admin0Name": "Bangladesh", "admin0Pcod": "BD", "date": "2015-01-01", "validOn": "2018-04-10", "validTo": null, "Shape_Leng": 0.20038457574, "Shape_Area": 0.00203084545, "name": "Ward No-01" }, "geometry": { "type": "Point", "coordinates": [ 91.828837763145359, 22.377439574292499 ] } },
{ "type": "Feature", "properties": { "rand_point_id": 520, "OBJECTID": 120, "admin4Name": "Ward No-01", "admin4Pcod": "20150601", "admin4RefN": null, "admin4AltN": null, "admin4Al_1": null, "admin3Name": "Bayejid Bostami", "admin3Pcod": "201506", "admin2Name": "Chittagong", "admin2Pcod": "2015", "admin1Name": "Chittagong", "admin1Pcod": "20", "admin0Name": "Bangladesh", "admin0Pcod": "BD", "date": "2015-01-01", "validOn": "2018-04-10", "validTo": null, "Shape_Leng": 0.20038457574, "Shape_Area": 0.00203084545, "name": "Ward No-01" }, "geometry": { "type": "Point", "coordinates": [ 91.801336375978224, 22.37064100755515 ] } },
{ "type": "Feature", "properties": { "rand_point_id": 521, "OBJECTID": 120, "admin4Name": "Ward No-01", "admin4Pcod": "20150601", "admin4RefN": null, "admin4AltN": null, "admin4Al_1": null, "admin3Name": "Bayejid Bostami", "admin3Pcod": "201506", "admin2Name": "Chittagong", "admin2Pcod": "2015", "admin1Name": "Chittagong", "admin1Pcod": "20", "admin0Name": "Bangladesh", "admin0Pcod": "BD", "date": "2015-01-01", "validOn": "2018-04-10", "validTo": null, "Shape_Leng": 0.20038457574, "Shape_Area": 0.00203084545, "name": "Ward No-01" }, "geometry": { "type": "Point", "coordinates": [ 91.818123688118007, 22.409469890384059 ] } },
{ "type": "Feature", "properties": { "rand_point_id": 522, "OBJECTID": 120, "admin4Name": "Ward No-01", "admin4Pcod": "20150601", "admin4RefN": null, "admin4AltN": null, "admin4Al_1": null, "admin3Name": "Bayejid Bostami", "admin3Pcod": "201506", "admin2Name": "Chittagong", "admin2Pcod": "2015", "admin1Name": "Chittagong", "admin1Pcod": "20", "admin0Name": "Bangladesh", "admin0Pcod": "BD", "date": "2015-01-01", "validOn": "2018-04-10", "validTo": null, "Shape_Leng": 0.20038457574, "Shape_Area": 0.00203084545, "name": "Ward No-01" }, "geometry": { "type": "Point", "coordinates": [ 91.810738318369516, 22.388178234658856 ] } },
{ "type": "Feature", "properties": { "rand_point_id": 523, "OBJECTID": 120, "admin4Name": "Ward No-01", "admin4Pcod": "20150601", "admin4RefN": null, "admin4AltN": null, "admin4Al_1": null, "admin3Name": "Bayejid Bostami", "admin3Pcod": "201506", "admin2Name": "Chittagong", "admin2Pcod": "2015", "admin1Name": "Chittagong", "admin1Pcod": "20", "admin0Name": "Bangladesh", "admin0Pcod": "BD", "date": "2015-01-01", "validOn": "2018-04-10", "validTo": null, "Shape_Leng": 0.20038457574, "Shape_Area": 0.00203084545, "name": "Ward No-01" }, "geometry": { "type": "Point", "coordinates": [ 91.811248730735485, 22.393585672405287 ] } },
{ "type": "Feature", "properties": { "rand_point_id": 524, "OBJECTID": 120, "admin4Name": "Ward No-01", "admin4Pcod": "20150601", "admin4RefN": null, "admin4AltN": null, "admin4Al_1": null, "admin3Name": "Bayejid Bostami", "admin3Pcod": "201506", "admin2Name": "Chittagong", "admin2Pcod": "2015", "admin1Name": "Chittagong", "admin1Pcod": "20", "admin0Name": "Bangladesh", "admin0Pcod": "BD", "date": "2015-01-01", "validOn": "2018-04-10", "validTo": null, "Shape_Leng": 0.20038457574, "Shape_Area": 0.00203084545, "name": "Ward No-01" }, "geometry": { "type": "Point", "coordinates": [ 91.859311172881206, 22.391149436329666 ] } },
{ "type": "Feature", "properties": { "rand_point_id": 525, "OBJECTID": 120, "admin4Name": "Ward No-01", "admin4Pcod": "20150601", "admin4RefN": null, "admin4AltN": null, "admin4Al_1": null, "admin3Name": "Bayejid Bostami", "admin3Pcod": "201506", "admin2Name": "Chittagong", "admin2Pcod": "2015", "admin1Name": "Chittagong", "admin1Pcod": "20", "admin0Name": "Bangladesh", "admin0Pcod": "BD", "date": "2015-01-01", "validOn": "2018-04-10", "validTo": null, "Shape_Leng": 0.20038457574, "Shape_Area": 0.00203084545, "name": "Ward No-01" }, "geometry": { "type": "Point", "coordinates": [ 91.819928139507425, 22.359643764876893 ] } },
{ "type": "Feature", "properties": { "rand_point_id": 526, "OBJECTID": 120, "admin4Name": "Ward No-01", "admin4Pcod": "20150601", "admin4RefN": null, "admin4AltN": null, "admin4Al_1": null, "admin3Name": "Bayejid Bostami", "admin3Pcod": "201506", "admin2Name": "Chittagong", "admin2Pcod": "2015", "admin1Name": "Chittagong", "admin1Pcod": "20", "admin0Name": "Bangladesh", "admin0Pcod": "BD", "date": "2015-01-01", "validOn": "2018-04-10", "validTo": null, "Shape_Leng": 0.20038457574, "Shape_Area": 0.00203084545, "name": "Ward No-01" }, "geometry": { "type": "Point", "coordinates": [ 91.784830488708224, 22.375881358719877 ] } },
{ "type": "Feature", "properties": { "rand_point_id": 527, "OBJECTID": 120, "admin4Name": "Ward No-01", "admin4Pcod": "20150601", "admin4RefN": null, "admin4AltN": null, "admin4Al_1": null, "admin3Name": "Bayejid Bostami", "admin3Pcod": "201506", "admin2Name": "Chittagong", "admin2Pcod": "2015", "admin1Name": "Chittagong", "admin1Pcod": "20", "admin0Name": "Bangladesh", "admin0Pcod": "BD", "date": "2015-01-01", "validOn": "2018-04-10", "validTo": null, "Shape_Leng": 0.20038457574, "Shape_Area": 0.00203084545, "name": "Ward No-01" }, "geometry": { "type": "Point", "coordinates": [ 91.797321074041278, 22.303399620079944 ] } },
{ "type": "Feature", "properties": { "rand_point_id": 528, "OBJECTID": 120, "admin4Name": "Ward No-01", "admin4Pcod": "20150601", "admin4RefN": null, "admin4AltN": null, "admin4Al_1": null, "admin3Name": "Bayejid Bostami", "admin3Pcod": "201506", "admin2Name": "Chittagong", "admin2Pcod": "2015", "admin1Name": "Chittagong", "admin1Pcod": "20", "admin0Name": "Bangladesh", "admin0Pcod": "BD", "date": "2015-01-01", "validOn": "2018-04-10", "validTo": null, "Shape_Leng": 0.20038457574, "Shape_Area": 0.00203084545, "name": "Ward No-01" }, "geometry": { "type": "Point", "coordinates": [ 91.763069033085742, 22.338136199537495 ] } },
{ "type": "Feature", "properties": { "rand_point_id": 529, "OBJECTID": 120, "admin4Name": "Ward No-01", "admin4Pcod": "20150601", "admin4RefN": null, "admin4AltN": null, "admin4Al_1": null, "admin3Name": "Bayejid Bostami", "admin3Pcod": "201506", "admin2Name": "Chittagong", "admin2Pcod": "2015", "admin1Name": "Chittagong", "admin1Pcod": "20", "admin0Name": "Bangladesh", "admin0Pcod": "BD", "date": "2015-01-01", "validOn": "2018-04-10", "validTo": null, "Shape_Leng": 0.20038457574, "Shape_Area": 0.00203084545, "name": "Ward No-01" }, "geometry": { "type": "Point", "coordinates": [ 91.823941447780655, 22.36592293041361 ] } },
{ "type": "Feature", "properties": { "rand_point_id": 530, "OBJECTID": 120, "admin4Name": "Ward No-01", "admin4Pcod": "20150601", "admin4RefN": null, "admin4AltN": null, "admin4Al_1": null, "admin3Name": "Bayejid Bostami", "admin3Pcod": "201506", "admin2Name": "Chittagong", "admin2Pcod": "2015", "admin1Name": "Chittagong", "admin1Pcod": "20", "admin0Name": "Bangladesh", "admin0Pcod": "BD", "date": "2015-01-01", "validOn": "2018-04-10", "validTo": null, "Shape_Leng": 0.20038457574, "Shape_Area": 0.00203084545, "name": "Ward No-01" }, "geometry": { "type": "Point", "coordinates": [ 91.802539657087294, 22.238521110292506 ] } },
{ "type": "Feature", "properties": { "rand_point_id": 531, "OBJECTID": 120, "admin4Name": "Ward No-01", "admin4Pcod": "20150601", "admin4RefN": null, "admin4AltN": null, "admin4Al_1": null, "admin3Name": "Bayejid Bostami", "admin3Pcod": "201506", "admin2Name": "Chittagong", "admin2Pcod": "2015", "admin1Name": "Chittagong", "admin1Pcod": "20", "admin0Name": "Bangladesh", "admin0Pcod": "BD", "date": "2015-01-01", "validOn": "2018-04-10", "validTo": null, "Shape_Leng": 0.20038457574, "Shape_Area": 0.00203084545, "name": "Ward No-01" }, "geometry": { "type": "Point", "coordinates": [ 91.813057082379245, 22.329472696608558 ] } },
{ "type": "Feature", "properties": { "rand_point_id": 532, "OBJECTID": 120, "admin4Name": "Ward No-01", "admin4Pcod": "20150601", "admin4RefN": null, "admin4AltN": null, "admin4Al_1": null, "admin3Name": "Bayejid Bostami", "admin3Pcod": "201506", "admin2Name": "Chittagong", "admin2Pcod": "2015", "admin1Name": "Chittagong", "admin1Pcod": "20", "admin0Name": "Bangladesh", "admin0Pcod": "BD", "date": "2015-01-01", "validOn": "2018-04-10", "validTo": null, "Shape_Leng": 0.20038457574, "Shape_Area": 0.00203084545, "name": "Ward No-01" }, "geometry": { "type": "Point", "coordinates": [ 91.808821846504131, 22.405923178885377 ] } },
{ "type": "Feature", "properties": { "rand_point_id": 533, "OBJECTID": 120, "admin4Name": "Ward No-01", "admin4Pcod": "20150601", "admin4RefN": null, "admin4AltN": null, "admin4Al_1": null, "admin3Name": "Bayejid Bostami", "admin3Pcod": "201506", "admin2Name": "Chittagong", "admin2Pcod": "2015", "admin1Name": "Chittagong", "admin1Pcod": "20", "admin0Name": "Bangladesh", "admin0Pcod": "BD", "date": "2015-01-01", "validOn": "2018-04-10", "validTo": null, "Shape_Leng": 0.20038457574, "Shape_Area": 0.00203084545, "name": "Ward No-01" }, "geometry": { "type": "Point", "coordinates": [ 91.796127020134122, 22.232596252145321 ] } },
{ "type": "Feature", "properties": { "rand_point_id": 534, "OBJECTID": 120, "admin4Name": "Ward No-01", "admin4Pcod": "20150601", "admin4RefN": null, "admin4AltN": null, "admin4Al_1": null, "admin3Name": "Bayejid Bostami", "admin3Pcod": "201506", "admin2Name": "Chittagong", "admin2Pcod": "2015", "admin1Name": "Chittagong", "admin1Pcod": "20", "admin0Name": "Bangladesh", "admin0Pcod": "BD", "date": "2015-01-01", "validOn": "2018-04-10", "validTo": null, "Shape_Leng": 0.20038457574, "Shape_Area": 0.00203084545, "name": "Ward No-01" }, "geometry": { "type": "Point", "coordinates": [ 91.823201355514584, 22.364487523877784 ] } },
{ "type": "Feature", "properties": { "rand_point_id": 535, "OBJECTID": 120, "admin4Name": "Ward No-01", "admin4Pcod": "20150601", "admin4RefN": null, "admin4AltN": null, "admin4Al_1": null, "admin3Name": "Bayejid Bostami", "admin3Pcod": "201506", "admin2Name": "Chittagong", "admin2Pcod": "2015", "admin1Name": "Chittagong", "admin1Pcod": "20", "admin0Name": "Bangladesh", "admin0Pcod": "BD", "date": "2015-01-01", "validOn": "2018-04-10", "validTo": null, "Shape_Leng": 0.20038457574, "Shape_Area": 0.00203084545, "name": "Ward No-01" }, "geometry": { "type": "Point", "coordinates": [ 91.851783874163615, 22.338511396732642 ] } },
{ "type": "Feature", "properties": { "rand_point_id": 536, "OBJECTID": 120, "admin4Name": "Ward No-01", "admin4Pcod": "20150601", "admin4RefN": null, "admin4AltN": null, "admin4Al_1": null, "admin3Name": "Bayejid Bostami", "admin3Pcod": "201506", "admin2Name": "Chittagong", "admin2Pcod": "2015", "admin1Name": "Chittagong", "admin1Pcod": "20", "admin0Name": "Bangladesh", "admin0Pcod": "BD", "date": "2015-01-01", "validOn": "2018-04-10", "validTo": null, "Shape_Leng": 0.20038457574, "Shape_Area": 0.00203084545, "name": "Ward No-01" }, "geometry": { "type": "Point", "coordinates": [ 91.782404989974026, 22.293671953600235 ] } },
{ "type": "Feature", "properties": { "rand_point_id": 537, "OBJECTID": 120, "admin4Name": "Ward No-01", "admin4Pcod": "20150601", "admin4RefN": null, "admin4AltN": null, "admin4Al_1": null, "admin3Name": "Bayejid Bostami", "admin3Pcod": "201506", "admin2Name": "Chittagong", "admin2Pcod": "2015", "admin1Name": "Chittagong", "admin1Pcod": "20", "admin0Name": "Bangladesh", "admin0Pcod": "BD", "date": "2015-01-01", "validOn": "2018-04-10", "validTo": null, "Shape_Leng": 0.20038457574, "Shape_Area": 0.00203084545, "name": "Ward No-01" }, "geometry": { "type": "Point", "coordinates": [ 91.848783796850867, 22.4017729715322 ] } },
{ "type": "Feature", "properties": { "rand_point_id": 538, "OBJECTID": 120, "admin4Name": "Ward No-01", "admin4Pcod": "20150601", "admin4RefN": null, "admin4AltN": null, "admin4Al_1": null, "admin3Name": "Bayejid Bostami", "admin3Pcod": "201506", "admin2Name": "Chittagong", "admin2Pcod": "2015", "admin1Name": "Chittagong", "admin1Pcod": "20", "admin0Name": "Bangladesh", "admin0Pcod": "BD", "date": "2015-01-01", "validOn": "2018-04-10", "validTo": null, "Shape_Leng": 0.20038457574, "Shape_Area": 0.00203084545, "name": "Ward No-01" }, "geometry": { "type": "Point", "coordinates": [ 91.80882855281267, 22.243737756240296 ] } },
{ "type": "Feature", "properties": { "rand_point_id": 539, "OBJECTID": 120, "admin4Name": "Ward No-01", "admin4Pcod": "20150601", "admin4RefN": null, "admin4AltN": null, "admin4Al_1": null, "admin3Name": "Bayejid Bostami", "admin3Pcod": "201506", "admin2Name": "Chittagong", "admin2Pcod": "2015", "admin1Name": "Chittagong", "admin1Pcod": "20", "admin0Name": "Bangladesh", "admin0Pcod": "BD", "date": "2015-01-01", "validOn": "2018-04-10", "validTo": null, "Shape_Leng": 0.20038457574, "Shape_Area": 0.00203084545, "name": "Ward No-01" }, "geometry": { "type": "Point", "coordinates": [ 91.767549785328683, 22.304886897235853 ] } },
{ "type": "Feature", "properties": { "rand_point_id": 540, "OBJECTID": 120, "admin4Name": "Ward No-01", "admin4Pcod": "20150601", "admin4RefN": null, "admin4AltN": null, "admin4Al_1": null, "admin3Name": "Bayejid Bostami", "admin3Pcod": "201506", "admin2Name": "Chittagong", "admin2Pcod": "2015", "admin1Name": "Chittagong", "admin1Pcod": "20", "admin0Name": "Bangladesh", "admin0Pcod": "BD", "date": "2015-01-01", "validOn": "2018-04-10", "validTo": null, "Shape_Leng": 0.20038457574, "Shape_Area": 0.00203084545, "name": "Ward No-01" }, "geometry": { "type": "Point", "coordinates": [ 91.800796283973341, 22.447115369666523 ] } },
{ "type": "Feature", "properties": { "rand_point_id": 541, "OBJECTID": 120, "admin4Name": "Ward No-01", "admin4Pcod": "20150601", "admin4RefN": null, "admin4AltN": null, "admin4Al_1": null, "admin3Name": "Bayejid Bostami", "admin3Pcod": "201506", "admin2Name": "Chittagong", "admin2Pcod": "2015", "admin1Name": "Chittagong", "admin1Pcod": "20", "admin0Name": "Bangladesh", "admin0Pcod": "BD", "date": "2015-01-01", "validOn": "2018-04-10", "validTo": null, "Shape_Leng": 0.20038457574, "Shape_Area": 0.00203084545, "name": "Ward No-01" }, "geometry": { "type": "Point", "coordinates": [ 91.817455456609395, 22.426963448330589 ] } },
{ "type": "Feature", "properties": { "rand_point_id": 542, "OBJECTID": 120, "admin4Name": "Ward No-01", "admin4Pcod": "20150601", "admin4RefN": null, "admin4AltN": null, "admin4Al_1": null, "admin3Name": "Bayejid Bostami", "admin3Pcod": "201506", "admin2Name": "Chittagong", "admin2Pcod": "2015", "admin1Name": "Chittagong", "admin1Pcod": "20", "admin0Name": "Bangladesh", "admin0Pcod": "BD", "date": "2015-01-01", "validOn": "2018-04-10", "validTo": null, "Shape_Leng": 0.20038457574, "Shape_Area": 0.00203084545, "name": "Ward No-01" }, "geometry": { "type": "Point", "coordinates": [ 91.804658382511036, 22.444684878510952 ] } },
{ "type": "Feature", "properties": { "rand_point_id": 543, "OBJECTID": 120, "admin4Name": "Ward No-01", "admin4Pcod": "20150601", "admin4RefN": null, "admin4AltN": null, "admin4Al_1": null, "admin3Name": "Bayejid Bostami", "admin3Pcod": "201506", "admin2Name": "Chittagong", "admin2Pcod": "2015", "admin1Name": "Chittagong", "admin1Pcod": "20", "admin0Name": "Bangladesh", "admin0Pcod": "BD", "date": "2015-01-01", "validOn": "2018-04-10", "validTo": null, "Shape_Leng": 0.20038457574, "Shape_Area": 0.00203084545, "name": "Ward No-01" }, "geometry": { "type": "Point", "coordinates": [ 91.771059614405559, 22.278399889267039 ] } },
{ "type": "Feature", "properties": { "rand_point_id": 544, "OBJECTID": 120, "admin4Name": "Ward No-01", "admin4Pcod": "20150601", "admin4RefN": null, "admin4AltN": null, "admin4Al_1": null, "admin3Name": "Bayejid Bostami", "admin3Pcod": "201506", "admin2Name": "Chittagong", "admin2Pcod": "2015", "admin1Name": "Chittagong", "admin1Pcod": "20", "admin0Name": "Bangladesh", "admin0Pcod": "BD", "date": "2015-01-01", "validOn": "2018-04-10", "validTo": null, "Shape_Leng": 0.20038457574, "Shape_Area": 0.00203084545, "name": "Ward No-01" }, "geometry": { "type": "Point", "coordinates": [ 91.864912395794562, 22.36052737943875 ] } },
{ "type": "Feature", "properties": { "rand_point_id": 545, "OBJECTID": 120, "admin4Name": "Ward No-01", "admin4Pcod": "20150601", "admin4RefN": null, "admin4AltN": null, "admin4Al_1": null, "admin3Name": "Bayejid Bostami", "admin3Pcod": "201506", "admin2Name": "Chittagong", "admin2Pcod": "2015", "admin1Name": "Chittagong", "admin1Pcod": "20", "admin0Name": "Bangladesh", "admin0Pcod": "BD", "date": "2015-01-01", "validOn": "2018-04-10", "validTo": null, "Shape_Leng": 0.20038457574, "Shape_Area": 0.00203084545, "name": "Ward No-01" }, "geometry": { "type": "Point", "coordinates": [ 91.841824061030351, 22.333956800896893 ] } },
{ "type": "Feature", "properties": { "rand_point_id": 546, "OBJECTID": 120, "admin4Name": "Ward No-01", "admin4Pcod": "20150601", "admin4RefN": null, "admin4AltN": null, "admin4Al_1": null, "admin3Name": "Bayejid Bostami", "admin3Pcod": "201506", "admin2Name": "Chittagong", "admin2Pcod": "2015", "admin1Name": "Chittagong", "admin1Pcod": "20", "admin0Name": "Bangladesh", "admin0Pcod": "BD", "date": "2015-01-01", "validOn": "2018-04-10", "validTo": null, "Shape_Leng": 0.20038457574, "Shape_Area": 0.00203084545, "name": "Ward No-01" }, "geometry": { "type": "Point", "coordinates": [ 91.771343997118521, 22.309222434992023 ] } },
{ "type": "Feature", "properties": { "rand_point_id": 547, "OBJECTID": 120, "admin4Name": "Ward No-01", "admin4Pcod": "20150601", "admin4RefN": null, "admin4AltN": null, "admin4Al_1": null, "admin3Name": "Bayejid Bostami", "admin3Pcod": "201506", "admin2Name": "Chittagong", "admin2Pcod": "2015", "admin1Name": "Chittagong", "admin1Pcod": "20", "admin0Name": "Bangladesh", "admin0Pcod": "BD", "date": "2015-01-01", "validOn": "2018-04-10", "validTo": null, "Shape_Leng": 0.20038457574, "Shape_Area": 0.00203084545, "name": "Ward No-01" }, "geometry": { "type": "Point", "coordinates": [ 91.770722018613114, 22.30084321560744 ] } },
{ "type": "Feature", "properties": { "rand_point_id": 548, "OBJECTID": 120, "admin4Name": "Ward No-01", "admin4Pcod": "20150601", "admin4RefN": null, "admin4AltN": null, "admin4Al_1": null, "admin3Name": "Bayejid Bostami", "admin3Pcod": "201506", "admin2Name": "Chittagong", "admin2Pcod": "2015", "admin1Name": "Chittagong", "admin1Pcod": "20", "admin0Name": "Bangladesh", "admin0Pcod": "BD", "date": "2015-01-01", "validOn": "2018-04-10", "validTo": null, "Shape_Leng": 0.20038457574, "Shape_Area": 0.00203084545, "name": "Ward No-01" }, "geometry": { "type": "Point", "coordinates": [ 91.835221412911977, 22.328294663562357 ] } },
{ "type": "Feature", "properties": { "rand_point_id": 549, "OBJECTID": 120, "admin4Name": "Ward No-01", "admin4Pcod": "20150601", "admin4RefN": null, "admin4AltN": null, "admin4Al_1": null, "admin3Name": "Bayejid Bostami", "admin3Pcod": "201506", "admin2Name": "Chittagong", "admin2Pcod": "2015", "admin1Name": "Chittagong", "admin1Pcod": "20", "admin0Name": "Bangladesh", "admin0Pcod": "BD", "date": "2015-01-01", "validOn": "2018-04-10", "validTo": null, "Shape_Leng": 0.20038457574, "Shape_Area": 0.00203084545, "name": "Ward No-01" }, "geometry": { "type": "Point", "coordinates": [ 91.804320885046067, 22.258932812081071 ] } },
{ "type": "Feature", "properties": { "rand_point_id": 550, "OBJECTID": 120, "admin4Name": "Ward No-01", "admin4Pcod": "20150601", "admin4RefN": null, "admin4AltN": null, "admin4Al_1": null, "admin3Name": "Bayejid Bostami", "admin3Pcod": "201506", "admin2Name": "Chittagong", "admin2Pcod": "2015", "admin1Name": "Chittagong", "admin1Pcod": "20", "admin0Name": "Bangladesh", "admin0Pcod": "BD", "date": "2015-01-01", "validOn": "2018-04-10", "validTo": null, "Shape_Leng": 0.20038457574, "Shape_Area": 0.00203084545, "name": "Ward No-01" }, "geometry": { "type": "Point", "coordinates": [ 91.834809333146723, 22.409138183100509 ] } },
{ "type": "Feature", "properties": { "rand_point_id": 551, "OBJECTID": 120, "admin4Name": "Ward No-01", "admin4Pcod": "20150601", "admin4RefN": null, "admin4AltN": null, "admin4Al_1": null, "admin3Name": "Bayejid Bostami", "admin3Pcod": "201506", "admin2Name": "Chittagong", "admin2Pcod": "2015", "admin1Name": "Chittagong", "admin1Pcod": "20", "admin0Name": "Bangladesh", "admin0Pcod": "BD", "date": "2015-01-01", "validOn": "2018-04-10", "validTo": null, "Shape_Leng": 0.20038457574, "Shape_Area": 0.00203084545, "name": "Ward No-01" }, "geometry": { "type": "Point", "coordinates": [ 91.812039587500266, 22.255675188236488 ] } },
{ "type": "Feature", "properties": { "rand_point_id": 552, "OBJECTID": 120, "admin4Name": "Ward No-01", "admin4Pcod": "20150601", "admin4RefN": null, "admin4AltN": null, "admin4Al_1": null, "admin3Name": "Bayejid Bostami", "admin3Pcod": "201506", "admin2Name": "Chittagong", "admin2Pcod": "2015", "admin1Name": "Chittagong", "admin1Pcod": "20", "admin0Name": "Bangladesh", "admin0Pcod": "BD", "date": "2015-01-01", "validOn": "2018-04-10", "validTo": null, "Shape_Leng": 0.20038457574, "Shape_Area": 0.00203084545, "name": "Ward No-01" }, "geometry": { "type": "Point", "coordinates": [ 91.808924976965486, 22.260246091880902 ] } },
{ "type": "Feature", "properties": { "rand_point_id": 553, "OBJECTID": 120, "admin4Name": "Ward No-01", "admin4Pcod": "20150601", "admin4RefN": null, "admin4AltN": null, "admin4Al_1": null, "admin3Name": "Bayejid Bostami", "admin3Pcod": "201506", "admin2Name": "Chittagong", "admin2Pcod": "2015", "admin1Name": "Chittagong", "admin1Pcod": "20", "admin0Name": "Bangladesh", "admin0Pcod": "BD", "date": "2015-01-01", "validOn": "2018-04-10", "validTo": null, "Shape_Leng": 0.20038457574, "Shape_Area": 0.00203084545, "name": "Ward No-01" }, "geometry": { "type": "Point", "coordinates": [ 91.771684876943596, 22.351846381204162 ] } },
{ "type": "Feature", "properties": { "rand_point_id": 554, "OBJECTID": 120, "admin4Name": "Ward No-01", "admin4Pcod": "20150601", "admin4RefN": null, "admin4AltN": null, "admin4Al_1": null, "admin3Name": "Bayejid Bostami", "admin3Pcod": "201506", "admin2Name": "Chittagong", "admin2Pcod": "2015", "admin1Name": "Chittagong", "admin1Pcod": "20", "admin0Name": "Bangladesh", "admin0Pcod": "BD", "date": "2015-01-01", "validOn": "2018-04-10", "validTo": null, "Shape_Leng": 0.20038457574, "Shape_Area": 0.00203084545, "name": "Ward No-01" }, "geometry": { "type": "Point", "coordinates": [ 91.788537738213094, 22.446024369113729 ] } },
{ "type": "Feature", "properties": { "rand_point_id": 555, "OBJECTID": 120, "admin4Name": "Ward No-01", "admin4Pcod": "20150601", "admin4RefN": null, "admin4AltN": null, "admin4Al_1": null, "admin3Name": "Bayejid Bostami", "admin3Pcod": "201506", "admin2Name": "Chittagong", "admin2Pcod": "2015", "admin1Name": "Chittagong", "admin1Pcod": "20", "admin0Name": "Bangladesh", "admin0Pcod": "BD", "date": "2015-01-01", "validOn": "2018-04-10", "validTo": null, "Shape_Leng": 0.20038457574, "Shape_Area": 0.00203084545, "name": "Ward No-01" }, "geometry": { "type": "Point", "coordinates": [ 91.845710231653328, 22.351198536219897 ] } },
{ "type": "Feature", "properties": { "rand_point_id": 556, "OBJECTID": 120, "admin4Name": "Ward No-01", "admin4Pcod": "20150601", "admin4RefN": null, "admin4AltN": null, "admin4Al_1": null, "admin3Name": "Bayejid Bostami", "admin3Pcod": "201506", "admin2Name": "Chittagong", "admin2Pcod": "2015", "admin1Name": "Chittagong", "admin1Pcod": "20", "admin0Name": "Bangladesh", "admin0Pcod": "BD", "date": "2015-01-01", "validOn": "2018-04-10", "validTo": null, "Shape_Leng": 0.20038457574, "Shape_Area": 0.00203084545, "name": "Ward No-01" }, "geometry": { "type": "Point", "coordinates": [ 91.795247985938147, 22.45745476106708 ] } },
{ "type": "Feature", "properties": { "rand_point_id": 557, "OBJECTID": 120, "admin4Name": "Ward No-01", "admin4Pcod": "20150601", "admin4RefN": null, "admin4AltN": null, "admin4Al_1": null, "admin3Name": "Bayejid Bostami", "admin3Pcod": "201506", "admin2Name": "Chittagong", "admin2Pcod": "2015", "admin1Name": "Chittagong", "admin1Pcod": "20", "admin0Name": "Bangladesh", "admin0Pcod": "BD", "date": "2015-01-01", "validOn": "2018-04-10", "validTo": null, "Shape_Leng": 0.20038457574, "Shape_Area": 0.00203084545, "name": "Ward No-01" }, "geometry": { "type": "Point", "coordinates": [ 91.851520270690969, 22.333055984445373 ] } },
{ "type": "Feature", "properties": { "rand_point_id": 558, "OBJECTID": 120, "admin4Name": "Ward No-01", "admin4Pcod": "20150601", "admin4RefN": null, "admin4AltN": null, "admin4Al_1": null, "admin3Name": "Bayejid Bostami", "admin3Pcod": "201506", "admin2Name": "Chittagong", "admin2Pcod": "2015", "admin1Name": "Chittagong", "admin1Pcod": "20", "admin0Name": "Bangladesh", "admin0Pcod": "BD", "date": "2015-01-01", "validOn": "2018-04-10", "validTo": null, "Shape_Leng": 0.20038457574, "Shape_Area": 0.00203084545, "name": "Ward No-01" }, "geometry": { "type": "Point", "coordinates": [ 91.798811058281686, 22.417825833987852 ] } },
{ "type": "Feature", "properties": { "rand_point_id": 559, "OBJECTID": 120, "admin4Name": "Ward No-01", "admin4Pcod": "20150601", "admin4RefN": null, "admin4AltN": null, "admin4Al_1": null, "admin3Name": "Bayejid Bostami", "admin3Pcod": "201506", "admin2Name": "Chittagong", "admin2Pcod": "2015", "admin1Name": "Chittagong", "admin1Pcod": "20", "admin0Name": "Bangladesh", "admin0Pcod": "BD", "date": "2015-01-01", "validOn": "2018-04-10", "validTo": null, "Shape_Leng": 0.20038457574, "Shape_Area": 0.00203084545, "name": "Ward No-01" }, "geometry": { "type": "Point", "coordinates": [ 91.773846267443105, 22.269847313181273 ] } },
{ "type": "Feature", "properties": { "rand_point_id": 560, "OBJECTID": 120, "admin4Name": "Ward No-01", "admin4Pcod": "20150601", "admin4RefN": null, "admin4AltN": null, "admin4Al_1": null, "admin3Name": "Bayejid Bostami", "admin3Pcod": "201506", "admin2Name": "Chittagong", "admin2Pcod": "2015", "admin1Name": "Chittagong", "admin1Pcod": "20", "admin0Name": "Bangladesh", "admin0Pcod": "BD", "date": "2015-01-01", "validOn": "2018-04-10", "validTo": null, "Shape_Leng": 0.20038457574, "Shape_Area": 0.00203084545, "name": "Ward No-01" }, "geometry": { "type": "Point", "coordinates": [ 91.832965313124731, 22.365951104078846 ] } },
{ "type": "Feature", "properties": { "rand_point_id": 561, "OBJECTID": 120, "admin4Name": "Ward No-01", "admin4Pcod": "20150601", "admin4RefN": null, "admin4AltN": null, "admin4Al_1": null, "admin3Name": "Bayejid Bostami", "admin3Pcod": "201506", "admin2Name": "Chittagong", "admin2Pcod": "2015", "admin1Name": "Chittagong", "admin1Pcod": "20", "admin0Name": "Bangladesh", "admin0Pcod": "BD", "date": "2015-01-01", "validOn": "2018-04-10", "validTo": null, "Shape_Leng": 0.20038457574, "Shape_Area": 0.00203084545, "name": "Ward No-01" }, "geometry": { "type": "Point", "coordinates": [ 91.876047169924135, 22.388449642806339 ] } },
{ "type": "Feature", "properties": { "rand_point_id": 562, "OBJECTID": 120, "admin4Name": "Ward No-01", "admin4Pcod": "20150601", "admin4RefN": null, "admin4AltN": null, "admin4Al_1": null, "admin3Name": "Bayejid Bostami", "admin3Pcod": "201506", "admin2Name": "Chittagong", "admin2Pcod": "2015", "admin1Name": "Chittagong", "admin1Pcod": "20", "admin0Name": "Bangladesh", "admin0Pcod": "BD", "date": "2015-01-01", "validOn": "2018-04-10", "validTo": null, "Shape_Leng": 0.20038457574, "Shape_Area": 0.00203084545, "name": "Ward No-01" }, "geometry": { "type": "Point", "coordinates": [ 91.878994413303133, 22.407022768055395 ] } },
{ "type": "Feature", "properties": { "rand_point_id": 563, "OBJECTID": 120, "admin4Name": "Ward No-01", "admin4Pcod": "20150601", "admin4RefN": null, "admin4AltN": null, "admin4Al_1": null, "admin3Name": "Bayejid Bostami", "admin3Pcod": "201506", "admin2Name": "Chittagong", "admin2Pcod": "2015", "admin1Name": "Chittagong", "admin1Pcod": "20", "admin0Name": "Bangladesh", "admin0Pcod": "BD", "date": "2015-01-01", "validOn": "2018-04-10", "validTo": null, "Shape_Leng": 0.20038457574, "Shape_Area": 0.00203084545, "name": "Ward No-01" }, "geometry": { "type": "Point", "coordinates": [ 91.770867459049001, 22.27203923071098 ] } },
{ "type": "Feature", "properties": { "rand_point_id": 564, "OBJECTID": 120, "admin4Name": "Ward No-01", "admin4Pcod": "20150601", "admin4RefN": null, "admin4AltN": null, "admin4Al_1": null, "admin3Name": "Bayejid Bostami", "admin3Pcod": "201506", "admin2Name": "Chittagong", "admin2Pcod": "2015", "admin1Name": "Chittagong", "admin1Pcod": "20", "admin0Name": "Bangladesh", "admin0Pcod": "BD", "date": "2015-01-01", "validOn": "2018-04-10", "validTo": null, "Shape_Leng": 0.20038457574, "Shape_Area": 0.00203084545, "name": "Ward No-01" }, "geometry": { "type": "Point", "coordinates": [ 91.846364316547309, 22.348249427640813 ] } },
{ "type": "Feature", "properties": { "rand_point_id": 565, "OBJECTID": 120, "admin4Name": "Ward No-01", "admin4Pcod": "20150601", "admin4RefN": null, "admin4AltN": null, "admin4Al_1": null, "admin3Name": "Bayejid Bostami", "admin3Pcod": "201506", "admin2Name": "Chittagong", "admin2Pcod": "2015", "admin1Name": "Chittagong", "admin1Pcod": "20", "admin0Name": "Bangladesh", "admin0Pcod": "BD", "date": "2015-01-01", "validOn": "2018-04-10", "validTo": null, "Shape_Leng": 0.20038457574, "Shape_Area": 0.00203084545, "name": "Ward No-01" }, "geometry": { "type": "Point", "coordinates": [ 91.837735999915353, 22.350200994970013 ] } },
{ "type": "Feature", "properties": { "rand_point_id": 566, "OBJECTID": 120, "admin4Name": "Ward No-01", "admin4Pcod": "20150601", "admin4RefN": null, "admin4AltN": null, "admin4Al_1": null, "admin3Name": "Bayejid Bostami", "admin3Pcod": "201506", "admin2Name": "Chittagong", "admin2Pcod": "2015", "admin1Name": "Chittagong", "admin1Pcod": "20", "admin0Name": "Bangladesh", "admin0Pcod": "BD", "date": "2015-01-01", "validOn": "2018-04-10", "validTo": null, "Shape_Leng": 0.20038457574, "Shape_Area": 0.00203084545, "name": "Ward No-01" }, "geometry": { "type": "Point", "coordinates": [ 91.765277473860095, 22.32899555129444 ] } },
{ "type": "Feature", "properties": { "rand_point_id": 567, "OBJECTID": 120, "admin4Name": "Ward No-01", "admin4Pcod": "20150601", "admin4RefN": null, "admin4AltN": null, "admin4Al_1": null, "admin3Name": "Bayejid Bostami", "admin3Pcod": "201506", "admin2Name": "Chittagong", "admin2Pcod": "2015", "admin1Name": "Chittagong", "admin1Pcod": "20", "admin0Name": "Bangladesh", "admin0Pcod": "BD", "date": "2015-01-01", "validOn": "2018-04-10", "validTo": null, "Shape_Leng": 0.20038457574, "Shape_Area": 0.00203084545, "name": "Ward No-01" }, "geometry": { "type": "Point", "coordinates": [ 91.86144790153044, 22.388526571206661 ] } },
{ "type": "Feature", "properties": { "rand_point_id": 568, "OBJECTID": 120, "admin4Name": "Ward No-01", "admin4Pcod": "20150601", "admin4RefN": null, "admin4AltN": null, "admin4Al_1": null, "admin3Name": "Bayejid Bostami", "admin3Pcod": "201506", "admin2Name": "Chittagong", "admin2Pcod": "2015", "admin1Name": "Chittagong", "admin1Pcod": "20", "admin0Name": "Bangladesh", "admin0Pcod": "BD", "date": "2015-01-01", "validOn": "2018-04-10", "validTo": null, "Shape_Leng": 0.20038457574, "Shape_Area": 0.00203084545, "name": "Ward No-01" }, "geometry": { "type": "Point", "coordinates": [ 91.804144556833421, 22.234678325624564 ] } },
{ "type": "Feature", "properties": { "rand_point_id": 569, "OBJECTID": 120, "admin4Name": "Ward No-01", "admin4Pcod": "20150601", "admin4RefN": null, "admin4AltN": null, "admin4Al_1": null, "admin3Name": "Bayejid Bostami", "admin3Pcod": "201506", "admin2Name": "Chittagong", "admin2Pcod": "2015", "admin1Name": "Chittagong", "admin1Pcod": "20", "admin0Name": "Bangladesh", "admin0Pcod": "BD", "date": "2015-01-01", "validOn": "2018-04-10", "validTo": null, "Shape_Leng": 0.20038457574, "Shape_Area": 0.00203084545, "name": "Ward No-01" }, "geometry": { "type": "Point", "coordinates": [ 91.759687754241384, 22.353807626564297 ] } },
{ "type": "Feature", "properties": { "rand_point_id": 570, "OBJECTID": 120, "admin4Name": "Ward No-01", "admin4Pcod": "20150601", "admin4RefN": null, "admin4AltN": null, "admin4Al_1": null, "admin3Name": "Bayejid Bostami", "admin3Pcod": "201506", "admin2Name": "Chittagong", "admin2Pcod": "2015", "admin1Name": "Chittagong", "admin1Pcod": "20", "admin0Name": "Bangladesh", "admin0Pcod": "BD", "date": "2015-01-01", "validOn": "2018-04-10", "validTo": null, "Shape_Leng": 0.20038457574, "Shape_Area": 0.00203084545, "name": "Ward No-01" }, "geometry": { "type": "Point", "coordinates": [ 91.786331757400248, 22.354883253526793 ] } },
{ "type": "Feature", "properties": { "rand_point_id": 571, "OBJECTID": 120, "admin4Name": "Ward No-01", "admin4Pcod": "20150601", "admin4RefN": null, "admin4AltN": null, "admin4Al_1": null, "admin3Name": "Bayejid Bostami", "admin3Pcod": "201506", "admin2Name": "Chittagong", "admin2Pcod": "2015", "admin1Name": "Chittagong", "admin1Pcod": "20", "admin0Name": "Bangladesh", "admin0Pcod": "BD", "date": "2015-01-01", "validOn": "2018-04-10", "validTo": null, "Shape_Leng": 0.20038457574, "Shape_Area": 0.00203084545, "name": "Ward No-01" }, "geometry": { "type": "Point", "coordinates": [ 91.802503818516797, 22.406556523366348 ] } },
{ "type": "Feature", "properties": { "rand_point_id": 572, "OBJECTID": 120, "admin4Name": "Ward No-01", "admin4Pcod": "20150601", "admin4RefN": null, "admin4AltN": null, "admin4Al_1": null, "admin3Name": "Bayejid Bostami", "admin3Pcod": "201506", "admin2Name": "Chittagong", "admin2Pcod": "2015", "admin1Name": "Chittagong", "admin1Pcod": "20", "admin0Name": "Bangladesh", "admin0Pcod": "BD", "date": "2015-01-01", "validOn": "2018-04-10", "validTo": null, "Shape_Leng": 0.20038457574, "Shape_Area": 0.00203084545, "name": "Ward No-01" }, "geometry": { "type": "Point", "coordinates": [ 91.808157180568045, 22.252509828415359 ] } },
{ "type": "Feature", "properties": { "rand_point_id": 573, "OBJECTID": 120, "admin4Name": "Ward No-01", "admin4Pcod": "20150601", "admin4RefN": null, "admin4AltN": null, "admin4Al_1": null, "admin3Name": "Bayejid Bostami", "admin3Pcod": "201506", "admin2Name": "Chittagong", "admin2Pcod": "2015", "admin1Name": "Chittagong", "admin1Pcod": "20", "admin0Name": "Bangladesh", "admin0Pcod": "BD", "date": "2015-01-01", "validOn": "2018-04-10", "validTo": null, "Shape_Leng": 0.20038457574, "Shape_Area": 0.00203084545, "name": "Ward No-01" }, "geometry": { "type": "Point", "coordinates": [ 91.846005518700537, 22.407283179715581 ] } },
{ "type": "Feature", "properties": { "rand_point_id": 574, "OBJECTID": 120, "admin4Name": "Ward No-01", "admin4Pcod": "20150601", "admin4RefN": null, "admin4AltN": null, "admin4Al_1": null, "admin3Name": "Bayejid Bostami", "admin3Pcod": "201506", "admin2Name": "Chittagong", "admin2Pcod": "2015", "admin1Name": "Chittagong", "admin1Pcod": "20", "admin0Name": "Bangladesh", "admin0Pcod": "BD", "date": "2015-01-01", "validOn": "2018-04-10", "validTo": null, "Shape_Leng": 0.20038457574, "Shape_Area": 0.00203084545, "name": "Ward No-01" }, "geometry": { "type": "Point", "coordinates": [ 91.866926561292829, 22.35895088403451 ] } },
{ "type": "Feature", "properties": { "rand_point_id": 575, "OBJECTID": 120, "admin4Name": "Ward No-01", "admin4Pcod": "20150601", "admin4RefN": null, "admin4AltN": null, "admin4Al_1": null, "admin3Name": "Bayejid Bostami", "admin3Pcod": "201506", "admin2Name": "Chittagong", "admin2Pcod": "2015", "admin1Name": "Chittagong", "admin1Pcod": "20", "admin0Name": "Bangladesh", "admin0Pcod": "BD", "date": "2015-01-01", "validOn": "2018-04-10", "validTo": null, "Shape_Leng": 0.20038457574, "Shape_Area": 0.00203084545, "name": "Ward No-01" }, "geometry": { "type": "Point", "coordinates": [ 91.779478566257808, 22.286617444922239 ] } },
{ "type": "Feature", "properties": { "rand_point_id": 576, "OBJECTID": 120, "admin4Name": "Ward No-01", "admin4Pcod": "20150601", "admin4RefN": null, "admin4AltN": null, "admin4Al_1": null, "admin3Name": "Bayejid Bostami", "admin3Pcod": "201506", "admin2Name": "Chittagong", "admin2Pcod": "2015", "admin1Name": "Chittagong", "admin1Pcod": "20", "admin0Name": "Bangladesh", "admin0Pcod": "BD", "date": "2015-01-01", "validOn": "2018-04-10", "validTo": null, "Shape_Leng": 0.20038457574, "Shape_Area": 0.00203084545, "name": "Ward No-01" }, "geometry": { "type": "Point", "coordinates": [ 91.853340998927862, 22.361903370440068 ] } },
{ "type": "Feature", "properties": { "rand_point_id": 577, "OBJECTID": 120, "admin4Name": "Ward No-01", "admin4Pcod": "20150601", "admin4RefN": null, "admin4AltN": null, "admin4Al_1": null, "admin3Name": "Bayejid Bostami", "admin3Pcod": "201506", "admin2Name": "Chittagong", "admin2Pcod": "2015", "admin1Name": "Chittagong", "admin1Pcod": "20", "admin0Name": "Bangladesh", "admin0Pcod": "BD", "date": "2015-01-01", "validOn": "2018-04-10", "validTo": null, "Shape_Leng": 0.20038457574, "Shape_Area": 0.00203084545, "name": "Ward No-01" }, "geometry": { "type": "Point", "coordinates": [ 91.775293760344994, 22.290392217486819 ] } },
{ "type": "Feature", "properties": { "rand_point_id": 578, "OBJECTID": 120, "admin4Name": "Ward No-01", "admin4Pcod": "20150601", "admin4RefN": null, "admin4AltN": null, "admin4Al_1": null, "admin3Name": "Bayejid Bostami", "admin3Pcod": "201506", "admin2Name": "Chittagong", "admin2Pcod": "2015", "admin1Name": "Chittagong", "admin1Pcod": "20", "admin0Name": "Bangladesh", "admin0Pcod": "BD", "date": "2015-01-01", "validOn": "2018-04-10", "validTo": null, "Shape_Leng": 0.20038457574, "Shape_Area": 0.00203084545, "name": "Ward No-01" }, "geometry": { "type": "Point", "coordinates": [ 91.813592682058783, 22.370224951674722 ] } },
{ "type": "Feature", "properties": { "rand_point_id": 579, "OBJECTID": 120, "admin4Name": "Ward No-01", "admin4Pcod": "20150601", "admin4RefN": null, "admin4AltN": null, "admin4Al_1": null, "admin3Name": "Bayejid Bostami", "admin3Pcod": "201506", "admin2Name": "Chittagong", "admin2Pcod": "2015", "admin1Name": "Chittagong", "admin1Pcod": "20", "admin0Name": "Bangladesh", "admin0Pcod": "BD", "date": "2015-01-01", "validOn": "2018-04-10", "validTo": null, "Shape_Leng": 0.20038457574, "Shape_Area": 0.00203084545, "name": "Ward No-01" }, "geometry": { "type": "Point", "coordinates": [ 91.779533978725695, 22.316973022325456 ] } },
{ "type": "Feature", "properties": { "rand_point_id": 580, "OBJECTID": 120, "admin4Name": "Ward No-01", "admin4Pcod": "20150601", "admin4RefN": null, "admin4AltN": null, "admin4Al_1": null, "admin3Name": "Bayejid Bostami", "admin3Pcod": "201506", "admin2Name": "Chittagong", "admin2Pcod": "2015", "admin1Name": "Chittagong", "admin1Pcod": "20", "admin0Name": "Bangladesh", "admin0Pcod": "BD", "date": "2015-01-01", "validOn": "2018-04-10", "validTo": null, "Shape_Leng": 0.20038457574, "Shape_Area": 0.00203084545, "name": "Ward No-01" }, "geometry": { "type": "Point", "coordinates": [ 91.823586621389325, 22.360435245304892 ] } },
{ "type": "Feature", "properties": { "rand_point_id": 581, "OBJECTID": 120, "admin4Name": "Ward No-01", "admin4Pcod": "20150601", "admin4RefN": null, "admin4AltN": null, "admin4Al_1": null, "admin3Name": "Bayejid Bostami", "admin3Pcod": "201506", "admin2Name": "Chittagong", "admin2Pcod": "2015", "admin1Name": "Chittagong", "admin1Pcod": "20", "admin0Name": "Bangladesh", "admin0Pcod": "BD", "date": "2015-01-01", "validOn": "2018-04-10", "validTo": null, "Shape_Leng": 0.20038457574, "Shape_Area": 0.00203084545, "name": "Ward No-01" }, "geometry": { "type": "Point", "coordinates": [ 91.796888544994374, 22.387949406466582 ] } },
{ "type": "Feature", "properties": { "rand_point_id": 582, "OBJECTID": 120, "admin4Name": "Ward No-01", "admin4Pcod": "20150601", "admin4RefN": null, "admin4AltN": null, "admin4Al_1": null, "admin3Name": "Bayejid Bostami", "admin3Pcod": "201506", "admin2Name": "Chittagong", "admin2Pcod": "2015", "admin1Name": "Chittagong", "admin1Pcod": "20", "admin0Name": "Bangladesh", "admin0Pcod": "BD", "date": "2015-01-01", "validOn": "2018-04-10", "validTo": null, "Shape_Leng": 0.20038457574, "Shape_Area": 0.00203084545, "name": "Ward No-01" }, "geometry": { "type": "Point", "coordinates": [ 91.839264866143225, 22.373642697397834 ] } },
{ "type": "Feature", "properties": { "rand_point_id": 583, "OBJECTID": 120, "admin4Name": "Ward No-01", "admin4Pcod": "20150601", "admin4RefN": null, "admin4AltN": null, "admin4Al_1": null, "admin3Name": "Bayejid Bostami", "admin3Pcod": "201506", "admin2Name": "Chittagong", "admin2Pcod": "2015", "admin1Name": "Chittagong", "admin1Pcod": "20", "admin0Name": "Bangladesh", "admin0Pcod": "BD", "date": "2015-01-01", "validOn": "2018-04-10", "validTo": null, "Shape_Leng": 0.20038457574, "Shape_Area": 0.00203084545, "name": "Ward No-01" }, "geometry": { "type": "Point", "coordinates": [ 91.777648153998641, 22.315789112455782 ] } },
{ "type": "Feature", "properties": { "rand_point_id": 584, "OBJECTID": 120, "admin4Name": "Ward No-01", "admin4Pcod": "20150601", "admin4RefN": null, "admin4AltN": null, "admin4Al_1": null, "admin3Name": "Bayejid Bostami", "admin3Pcod": "201506", "admin2Name": "Chittagong", "admin2Pcod": "2015", "admin1Name": "Chittagong", "admin1Pcod": "20", "admin0Name": "Bangladesh", "admin0Pcod": "BD", "date": "2015-01-01", "validOn": "2018-04-10", "validTo": null, "Shape_Leng": 0.20038457574, "Shape_Area": 0.00203084545, "name": "Ward No-01" }, "geometry": { "type": "Point", "coordinates": [ 91.857146175990906, 22.351181244454867 ] } },
{ "type": "Feature", "properties": { "rand_point_id": 585, "OBJECTID": 120, "admin4Name": "Ward No-01", "admin4Pcod": "20150601", "admin4RefN": null, "admin4AltN": null, "admin4Al_1": null, "admin3Name": "Bayejid Bostami", "admin3Pcod": "201506", "admin2Name": "Chittagong", "admin2Pcod": "2015", "admin1Name": "Chittagong", "admin1Pcod": "20", "admin0Name": "Bangladesh", "admin0Pcod": "BD", "date": "2015-01-01", "validOn": "2018-04-10", "validTo": null, "Shape_Leng": 0.20038457574, "Shape_Area": 0.00203084545, "name": "Ward No-01" }, "geometry": { "type": "Point", "coordinates": [ 91.778373635835834, 22.333246884150739 ] } },
{ "type": "Feature", "properties": { "rand_point_id": 586, "OBJECTID": 120, "admin4Name": "Ward No-01", "admin4Pcod": "20150601", "admin4RefN": null, "admin4AltN": null, "admin4Al_1": null, "admin3Name": "Bayejid Bostami", "admin3Pcod": "201506", "admin2Name": "Chittagong", "admin2Pcod": "2015", "admin1Name": "Chittagong", "admin1Pcod": "20", "admin0Name": "Bangladesh", "admin0Pcod": "BD", "date": "2015-01-01", "validOn": "2018-04-10", "validTo": null, "Shape_Leng": 0.20038457574, "Shape_Area": 0.00203084545, "name": "Ward No-01" }, "geometry": { "type": "Point", "coordinates": [ 91.795428325114159, 22.376175570235645 ] } },
{ "type": "Feature", "properties": { "rand_point_id": 587, "OBJECTID": 120, "admin4Name": "Ward No-01", "admin4Pcod": "20150601", "admin4RefN": null, "admin4AltN": null, "admin4Al_1": null, "admin3Name": "Bayejid Bostami", "admin3Pcod": "201506", "admin2Name": "Chittagong", "admin2Pcod": "2015", "admin1Name": "Chittagong", "admin1Pcod": "20", "admin0Name": "Bangladesh", "admin0Pcod": "BD", "date": "2015-01-01", "validOn": "2018-04-10", "validTo": null, "Shape_Leng": 0.20038457574, "Shape_Area": 0.00203084545, "name": "Ward No-01" }, "geometry": { "type": "Point", "coordinates": [ 91.756133129899681, 22.354829339306551 ] } },
{ "type": "Feature", "properties": { "rand_point_id": 588, "OBJECTID": 120, "admin4Name": "Ward No-01", "admin4Pcod": "20150601", "admin4RefN": null, "admin4AltN": null, "admin4Al_1": null, "admin3Name": "Bayejid Bostami", "admin3Pcod": "201506", "admin2Name": "Chittagong", "admin2Pcod": "2015", "admin1Name": "Chittagong", "admin1Pcod": "20", "admin0Name": "Bangladesh", "admin0Pcod": "BD", "date": "2015-01-01", "validOn": "2018-04-10", "validTo": null, "Shape_Leng": 0.20038457574, "Shape_Area": 0.00203084545, "name": "Ward No-01" }, "geometry": { "type": "Point", "coordinates": [ 91.811817004607249, 22.44571110447183 ] } },
{ "type": "Feature", "properties": { "rand_point_id": 589, "OBJECTID": 120, "admin4Name": "Ward No-01", "admin4Pcod": "20150601", "admin4RefN": null, "admin4AltN": null, "admin4Al_1": null, "admin3Name": "Bayejid Bostami", "admin3Pcod": "201506", "admin2Name": "Chittagong", "admin2Pcod": "2015", "admin1Name": "Chittagong", "admin1Pcod": "20", "admin0Name": "Bangladesh", "admin0Pcod": "BD", "date": "2015-01-01", "validOn": "2018-04-10", "validTo": null, "Shape_Leng": 0.20038457574, "Shape_Area": 0.00203084545, "name": "Ward No-01" }, "geometry": { "type": "Point", "coordinates": [ 91.785090782036008, 22.353647845873684 ] } },
{ "type": "Feature", "properties": { "rand_point_id": 590, "OBJECTID": 120, "admin4Name": "Ward No-01", "admin4Pcod": "20150601", "admin4RefN": null, "admin4AltN": null, "admin4Al_1": null, "admin3Name": "Bayejid Bostami", "admin3Pcod": "201506", "admin2Name": "Chittagong", "admin2Pcod": "2015", "admin1Name": "Chittagong", "admin1Pcod": "20", "admin0Name": "Bangladesh", "admin0Pcod": "BD", "date": "2015-01-01", "validOn": "2018-04-10", "validTo": null, "Shape_Leng": 0.20038457574, "Shape_Area": 0.00203084545, "name": "Ward No-01" }, "geometry": { "type": "Point", "coordinates": [ 91.780032489035634, 22.339573149522959 ] } },
{ "type": "Feature", "properties": { "rand_point_id": 591, "OBJECTID": 120, "admin4Name": "Ward No-01", "admin4Pcod": "20150601", "admin4RefN": null, "admin4AltN": null, "admin4Al_1": null, "admin3Name": "Bayejid Bostami", "admin3Pcod": "201506", "admin2Name": "Chittagong", "admin2Pcod": "2015", "admin1Name": "Chittagong", "admin1Pcod": "20", "admin0Name": "Bangladesh", "admin0Pcod": "BD", "date": "2015-01-01", "validOn": "2018-04-10", "validTo": null, "Shape_Leng": 0.20038457574, "Shape_Area": 0.00203084545, "name": "Ward No-01" }, "geometry": { "type": "Point", "coordinates": [ 91.810739170349507, 22.389046559260791 ] } },
{ "type": "Feature", "properties": { "rand_point_id": 592, "OBJECTID": 120, "admin4Name": "Ward No-01", "admin4Pcod": "20150601", "admin4RefN": null, "admin4AltN": null, "admin4Al_1": null, "admin3Name": "Bayejid Bostami", "admin3Pcod": "201506", "admin2Name": "Chittagong", "admin2Pcod": "2015", "admin1Name": "Chittagong", "admin1Pcod": "20", "admin0Name": "Bangladesh", "admin0Pcod": "BD", "date": "2015-01-01", "validOn": "2018-04-10", "validTo": null, "Shape_Leng": 0.20038457574, "Shape_Area": 0.00203084545, "name": "Ward No-01" }, "geometry": { "type": "Point", "coordinates": [ 91.842819795784465, 22.353624337072596 ] } },
{ "type": "Feature", "properties": { "rand_point_id": 593, "OBJECTID": 120, "admin4Name": "Ward No-01", "admin4Pcod": "20150601", "admin4RefN": null, "admin4AltN": null, "admin4Al_1": null, "admin3Name": "Bayejid Bostami", "admin3Pcod": "201506", "admin2Name": "Chittagong", "admin2Pcod": "2015", "admin1Name": "Chittagong", "admin1Pcod": "20", "admin0Name": "Bangladesh", "admin0Pcod": "BD", "date": "2015-01-01", "validOn": "2018-04-10", "validTo": null, "Shape_Leng": 0.20038457574, "Shape_Area": 0.00203084545, "name": "Ward No-01" }, "geometry": { "type": "Point", "coordinates": [ 91.869154152952248, 22.362207919585067 ] } },
{ "type": "Feature", "properties": { "rand_point_id": 594, "OBJECTID": 120, "admin4Name": "Ward No-01", "admin4Pcod": "20150601", "admin4RefN": null, "admin4AltN": null, "admin4Al_1": null, "admin3Name": "Bayejid Bostami", "admin3Pcod": "201506", "admin2Name": "Chittagong", "admin2Pcod": "2015", "admin1Name": "Chittagong", "admin1Pcod": "20", "admin0Name": "Bangladesh", "admin0Pcod": "BD", "date": "2015-01-01", "validOn": "2018-04-10", "validTo": null, "Shape_Leng": 0.20038457574, "Shape_Area": 0.00203084545, "name": "Ward No-01" }, "geometry": { "type": "Point", "coordinates": [ 91.850139597078453, 22.331223746616718 ] } },
{ "type": "Feature", "properties": { "rand_point_id": 595, "OBJECTID": 120, "admin4Name": "Ward No-01", "admin4Pcod": "20150601", "admin4RefN": null, "admin4AltN": null, "admin4Al_1": null, "admin3Name": "Bayejid Bostami", "admin3Pcod": "201506", "admin2Name": "Chittagong", "admin2Pcod": "2015", "admin1Name": "Chittagong", "admin1Pcod": "20", "admin0Name": "Bangladesh", "admin0Pcod": "BD", "date": "2015-01-01", "validOn": "2018-04-10", "validTo": null, "Shape_Leng": 0.20038457574, "Shape_Area": 0.00203084545, "name": "Ward No-01" }, "geometry": { "type": "Point", "coordinates": [ 91.858127472696424, 22.373300956794669 ] } },
{ "type": "Feature", "properties": { "rand_point_id": 596, "OBJECTID": 120, "admin4Name": "Ward No-01", "admin4Pcod": "20150601", "admin4RefN": null, "admin4AltN": null, "admin4Al_1": null, "admin3Name": "Bayejid Bostami", "admin3Pcod": "201506", "admin2Name": "Chittagong", "admin2Pcod": "2015", "admin1Name": "Chittagong", "admin1Pcod": "20", "admin0Name": "Bangladesh", "admin0Pcod": "BD", "date": "2015-01-01", "validOn": "2018-04-10", "validTo": null, "Shape_Leng": 0.20038457574, "Shape_Area": 0.00203084545, "name": "Ward No-01" }, "geometry": { "type": "Point", "coordinates": [ 91.801583174739463, 22.311110096594714 ] } },
{ "type": "Feature", "properties": { "rand_point_id": 597, "OBJECTID": 120, "admin4Name": "Ward No-01", "admin4Pcod": "20150601", "admin4RefN": null, "admin4AltN": null, "admin4Al_1": null, "admin3Name": "Bayejid Bostami", "admin3Pcod": "201506", "admin2Name": "Chittagong", "admin2Pcod": "2015", "admin1Name": "Chittagong", "admin1Pcod": "20", "admin0Name": "Bangladesh", "admin0Pcod": "BD", "date": "2015-01-01", "validOn": "2018-04-10", "validTo": null, "Shape_Leng": 0.20038457574, "Shape_Area": 0.00203084545, "name": "Ward No-01" }, "geometry": { "type": "Point", "coordinates": [ 91.866383669287217, 22.390202843716885 ] } },
{ "type": "Feature", "properties": { "rand_point_id": 598, "OBJECTID": 120, "admin4Name": "Ward No-01", "admin4Pcod": "20150601", "admin4RefN": null, "admin4AltN": null, "admin4Al_1": null, "admin3Name": "Bayejid Bostami", "admin3Pcod": "201506", "admin2Name": "Chittagong", "admin2Pcod": "2015", "admin1Name": "Chittagong", "admin1Pcod": "20", "admin0Name": "Bangladesh", "admin0Pcod": "BD", "date": "2015-01-01", "validOn": "2018-04-10", "validTo": null, "Shape_Leng": 0.20038457574, "Shape_Area": 0.00203084545, "name": "Ward No-01" }, "geometry": { "type": "Point", "coordinates": [ 91.796309345347069, 22.317185856039753 ] } },
{ "type": "Feature", "properties": { "rand_point_id": 599, "OBJECTID": 120, "admin4Name": "Ward No-01", "admin4Pcod": "20150601", "admin4RefN": null, "admin4AltN": null, "admin4Al_1": null, "admin3Name": "Bayejid Bostami", "admin3Pcod": "201506", "admin2Name": "Chittagong", "admin2Pcod": "2015", "admin1Name": "Chittagong", "admin1Pcod": "20", "admin0Name": "Bangladesh", "admin0Pcod": "BD", "date": "2015-01-01", "validOn": "2018-04-10", "validTo": null, "Shape_Leng": 0.20038457574, "Shape_Area": 0.00203084545, "name": "Ward No-01" }, "geometry": { "type": "Point", "coordinates": [ 91.793921804097664, 22.276144351347465 ] } },
{ "type": "Feature", "properties": { "rand_point_id": 600, "OBJECTID": 120, "admin4Name": "Ward No-01", "admin4Pcod": "20150601", "admin4RefN": null, "admin4AltN": null, "admin4Al_1": null, "admin3Name": "Bayejid Bostami", "admin3Pcod": "201506", "admin2Name": "Chittagong", "admin2Pcod": "2015", "admin1Name": "Chittagong", "admin1Pcod": "20", "admin0Name": "Bangladesh", "admin0Pcod": "BD", "date": "2015-01-01", "validOn": "2018-04-10", "validTo": null, "Shape_Leng": 0.20038457574, "Shape_Area": 0.00203084545, "name": "Ward No-01" }, "geometry": { "type": "Point", "coordinates": [ 91.806050767659883, 22.261105754649101 ] } },
{ "type": "Feature", "properties": { "rand_point_id": 601, "OBJECTID": 120, "admin4Name": "Ward No-01", "admin4Pcod": "20150601", "admin4RefN": null, "admin4AltN": null, "admin4Al_1": null, "admin3Name": "Bayejid Bostami", "admin3Pcod": "201506", "admin2Name": "Chittagong", "admin2Pcod": "2015", "admin1Name": "Chittagong", "admin1Pcod": "20", "admin0Name": "Bangladesh", "admin0Pcod": "BD", "date": "2015-01-01", "validOn": "2018-04-10", "validTo": null, "Shape_Leng": 0.20038457574, "Shape_Area": 0.00203084545, "name": "Ward No-01" }, "geometry": { "type": "Point", "coordinates": [ 91.824385167768483, 22.261474174930786 ] } },
{ "type": "Feature", "properties": { "rand_point_id": 602, "OBJECTID": 120, "admin4Name": "Ward No-01", "admin4Pcod": "20150601", "admin4RefN": null, "admin4AltN": null, "admin4Al_1": null, "admin3Name": "Bayejid Bostami", "admin3Pcod": "201506", "admin2Name": "Chittagong", "admin2Pcod": "2015", "admin1Name": "Chittagong", "admin1Pcod": "20", "admin0Name": "Bangladesh", "admin0Pcod": "BD", "date": "2015-01-01", "validOn": "2018-04-10", "validTo": null, "Shape_Leng": 0.20038457574, "Shape_Area": 0.00203084545, "name": "Ward No-01" }, "geometry": { "type": "Point", "coordinates": [ 91.798681725916694, 22.45139145181188 ] } },
{ "type": "Feature", "properties": { "rand_point_id": 603, "OBJECTID": 120, "admin4Name": "Ward No-01", "admin4Pcod": "20150601", "admin4RefN": null, "admin4AltN": null, "admin4Al_1": null, "admin3Name": "Bayejid Bostami", "admin3Pcod": "201506", "admin2Name": "Chittagong", "admin2Pcod": "2015", "admin1Name": "Chittagong", "admin1Pcod": "20", "admin0Name": "Bangladesh", "admin0Pcod": "BD", "date": "2015-01-01", "validOn": "2018-04-10", "validTo": null, "Shape_Leng": 0.20038457574, "Shape_Area": 0.00203084545, "name": "Ward No-01" }, "geometry": { "type": "Point", "coordinates": [ 91.85360139172144, 22.394074475851586 ] } },
{ "type": "Feature", "properties": { "rand_point_id": 604, "OBJECTID": 120, "admin4Name": "Ward No-01", "admin4Pcod": "20150601", "admin4RefN": null, "admin4AltN": null, "admin4Al_1": null, "admin3Name": "Bayejid Bostami", "admin3Pcod": "201506", "admin2Name": "Chittagong", "admin2Pcod": "2015", "admin1Name": "Chittagong", "admin1Pcod": "20", "admin0Name": "Bangladesh", "admin0Pcod": "BD", "date": "2015-01-01", "validOn": "2018-04-10", "validTo": null, "Shape_Leng": 0.20038457574, "Shape_Area": 0.00203084545, "name": "Ward No-01" }, "geometry": { "type": "Point", "coordinates": [ 91.837852037538298, 22.33215580783412 ] } },
{ "type": "Feature", "properties": { "rand_point_id": 605, "OBJECTID": 120, "admin4Name": "Ward No-01", "admin4Pcod": "20150601", "admin4RefN": null, "admin4AltN": null, "admin4Al_1": null, "admin3Name": "Bayejid Bostami", "admin3Pcod": "201506", "admin2Name": "Chittagong", "admin2Pcod": "2015", "admin1Name": "Chittagong", "admin1Pcod": "20", "admin0Name": "Bangladesh", "admin0Pcod": "BD", "date": "2015-01-01", "validOn": "2018-04-10", "validTo": null, "Shape_Leng": 0.20038457574, "Shape_Area": 0.00203084545, "name": "Ward No-01" }, "geometry": { "type": "Point", "coordinates": [ 91.815150350014832, 22.409165376209682 ] } },
{ "type": "Feature", "properties": { "rand_point_id": 606, "OBJECTID": 120, "admin4Name": "Ward No-01", "admin4Pcod": "20150601", "admin4RefN": null, "admin4AltN": null, "admin4Al_1": null, "admin3Name": "Bayejid Bostami", "admin3Pcod": "201506", "admin2Name": "Chittagong", "admin2Pcod": "2015", "admin1Name": "Chittagong", "admin1Pcod": "20", "admin0Name": "Bangladesh", "admin0Pcod": "BD", "date": "2015-01-01", "validOn": "2018-04-10", "validTo": null, "Shape_Leng": 0.20038457574, "Shape_Area": 0.00203084545, "name": "Ward No-01" }, "geometry": { "type": "Point", "coordinates": [ 91.793204795022561, 22.417001880532084 ] } },
{ "type": "Feature", "properties": { "rand_point_id": 607, "OBJECTID": 120, "admin4Name": "Ward No-01", "admin4Pcod": "20150601", "admin4RefN": null, "admin4AltN": null, "admin4Al_1": null, "admin3Name": "Bayejid Bostami", "admin3Pcod": "201506", "admin2Name": "Chittagong", "admin2Pcod": "2015", "admin1Name": "Chittagong", "admin1Pcod": "20", "admin0Name": "Bangladesh", "admin0Pcod": "BD", "date": "2015-01-01", "validOn": "2018-04-10", "validTo": null, "Shape_Leng": 0.20038457574, "Shape_Area": 0.00203084545, "name": "Ward No-01" }, "geometry": { "type": "Point", "coordinates": [ 91.836357600963225, 22.37896112129604 ] } },
{ "type": "Feature", "properties": { "rand_point_id": 608, "OBJECTID": 120, "admin4Name": "Ward No-01", "admin4Pcod": "20150601", "admin4RefN": null, "admin4AltN": null, "admin4Al_1": null, "admin3Name": "Bayejid Bostami", "admin3Pcod": "201506", "admin2Name": "Chittagong", "admin2Pcod": "2015", "admin1Name": "Chittagong", "admin1Pcod": "20", "admin0Name": "Bangladesh", "admin0Pcod": "BD", "date": "2015-01-01", "validOn": "2018-04-10", "validTo": null, "Shape_Leng": 0.20038457574, "Shape_Area": 0.00203084545, "name": "Ward No-01" }, "geometry": { "type": "Point", "coordinates": [ 91.802512903159169, 22.31366228852783 ] } },
{ "type": "Feature", "properties": { "rand_point_id": 609, "OBJECTID": 120, "admin4Name": "Ward No-01", "admin4Pcod": "20150601", "admin4RefN": null, "admin4AltN": null, "admin4Al_1": null, "admin3Name": "Bayejid Bostami", "admin3Pcod": "201506", "admin2Name": "Chittagong", "admin2Pcod": "2015", "admin1Name": "Chittagong", "admin1Pcod": "20", "admin0Name": "Bangladesh", "admin0Pcod": "BD", "date": "2015-01-01", "validOn": "2018-04-10", "validTo": null, "Shape_Leng": 0.20038457574, "Shape_Area": 0.00203084545, "name": "Ward No-01" }, "geometry": { "type": "Point", "coordinates": [ 91.80465228110188, 22.406647362816585 ] } },
{ "type": "Feature", "properties": { "rand_point_id": 610, "OBJECTID": 120, "admin4Name": "Ward No-01", "admin4Pcod": "20150601", "admin4RefN": null, "admin4AltN": null, "admin4Al_1": null, "admin3Name": "Bayejid Bostami", "admin3Pcod": "201506", "admin2Name": "Chittagong", "admin2Pcod": "2015", "admin1Name": "Chittagong", "admin1Pcod": "20", "admin0Name": "Bangladesh", "admin0Pcod": "BD", "date": "2015-01-01", "validOn": "2018-04-10", "validTo": null, "Shape_Leng": 0.20038457574, "Shape_Area": 0.00203084545, "name": "Ward No-01" }, "geometry": { "type": "Point", "coordinates": [ 91.812897184602875, 22.407426484231241 ] } },
{ "type": "Feature", "properties": { "rand_point_id": 611, "OBJECTID": 120, "admin4Name": "Ward No-01", "admin4Pcod": "20150601", "admin4RefN": null, "admin4AltN": null, "admin4Al_1": null, "admin3Name": "Bayejid Bostami", "admin3Pcod": "201506", "admin2Name": "Chittagong", "admin2Pcod": "2015", "admin1Name": "Chittagong", "admin1Pcod": "20", "admin0Name": "Bangladesh", "admin0Pcod": "BD", "date": "2015-01-01", "validOn": "2018-04-10", "validTo": null, "Shape_Leng": 0.20038457574, "Shape_Area": 0.00203084545, "name": "Ward No-01" }, "geometry": { "type": "Point", "coordinates": [ 91.874920408617584, 22.414241005376983 ] } },
{ "type": "Feature", "properties": { "rand_point_id": 612, "OBJECTID": 120, "admin4Name": "Ward No-01", "admin4Pcod": "20150601", "admin4RefN": null, "admin4AltN": null, "admin4Al_1": null, "admin3Name": "Bayejid Bostami", "admin3Pcod": "201506", "admin2Name": "Chittagong", "admin2Pcod": "2015", "admin1Name": "Chittagong", "admin1Pcod": "20", "admin0Name": "Bangladesh", "admin0Pcod": "BD", "date": "2015-01-01", "validOn": "2018-04-10", "validTo": null, "Shape_Leng": 0.20038457574, "Shape_Area": 0.00203084545, "name": "Ward No-01" }, "geometry": { "type": "Point", "coordinates": [ 91.793647286135538, 22.374540980500122 ] } },
{ "type": "Feature", "properties": { "rand_point_id": 613, "OBJECTID": 120, "admin4Name": "Ward No-01", "admin4Pcod": "20150601", "admin4RefN": null, "admin4AltN": null, "admin4Al_1": null, "admin3Name": "Bayejid Bostami", "admin3Pcod": "201506", "admin2Name": "Chittagong", "admin2Pcod": "2015", "admin1Name": "Chittagong", "admin1Pcod": "20", "admin0Name": "Bangladesh", "admin0Pcod": "BD", "date": "2015-01-01", "validOn": "2018-04-10", "validTo": null, "Shape_Leng": 0.20038457574, "Shape_Area": 0.00203084545, "name": "Ward No-01" }, "geometry": { "type": "Point", "coordinates": [ 91.815302252448603, 22.329679159919724 ] } },
{ "type": "Feature", "properties": { "rand_point_id": 614, "OBJECTID": 120, "admin4Name": "Ward No-01", "admin4Pcod": "20150601", "admin4RefN": null, "admin4AltN": null, "admin4Al_1": null, "admin3Name": "Bayejid Bostami", "admin3Pcod": "201506", "admin2Name": "Chittagong", "admin2Pcod": "2015", "admin1Name": "Chittagong", "admin1Pcod": "20", "admin0Name": "Bangladesh", "admin0Pcod": "BD", "date": "2015-01-01", "validOn": "2018-04-10", "validTo": null, "Shape_Leng": 0.20038457574, "Shape_Area": 0.00203084545, "name": "Ward No-01" }, "geometry": { "type": "Point", "coordinates": [ 91.803950149122969, 22.258354410586527 ] } },
{ "type": "Feature", "properties": { "rand_point_id": 615, "OBJECTID": 120, "admin4Name": "Ward No-01", "admin4Pcod": "20150601", "admin4RefN": null, "admin4AltN": null, "admin4Al_1": null, "admin3Name": "Bayejid Bostami", "admin3Pcod": "201506", "admin2Name": "Chittagong", "admin2Pcod": "2015", "admin1Name": "Chittagong", "admin1Pcod": "20", "admin0Name": "Bangladesh", "admin0Pcod": "BD", "date": "2015-01-01", "validOn": "2018-04-10", "validTo": null, "Shape_Leng": 0.20038457574, "Shape_Area": 0.00203084545, "name": "Ward No-01" }, "geometry": { "type": "Point", "coordinates": [ 91.77375763070134, 22.374373923415622 ] } },
{ "type": "Feature", "properties": { "rand_point_id": 616, "OBJECTID": 120, "admin4Name": "Ward No-01", "admin4Pcod": "20150601", "admin4RefN": null, "admin4AltN": null, "admin4Al_1": null, "admin3Name": "Bayejid Bostami", "admin3Pcod": "201506", "admin2Name": "Chittagong", "admin2Pcod": "2015", "admin1Name": "Chittagong", "admin1Pcod": "20", "admin0Name": "Bangladesh", "admin0Pcod": "BD", "date": "2015-01-01", "validOn": "2018-04-10", "validTo": null, "Shape_Leng": 0.20038457574, "Shape_Area": 0.00203084545, "name": "Ward No-01" }, "geometry": { "type": "Point", "coordinates": [ 91.786058134091874, 22.320643913521803 ] } },
{ "type": "Feature", "properties": { "rand_point_id": 617, "OBJECTID": 120, "admin4Name": "Ward No-01", "admin4Pcod": "20150601", "admin4RefN": null, "admin4AltN": null, "admin4Al_1": null, "admin3Name": "Bayejid Bostami", "admin3Pcod": "201506", "admin2Name": "Chittagong", "admin2Pcod": "2015", "admin1Name": "Chittagong", "admin1Pcod": "20", "admin0Name": "Bangladesh", "admin0Pcod": "BD", "date": "2015-01-01", "validOn": "2018-04-10", "validTo": null, "Shape_Leng": 0.20038457574, "Shape_Area": 0.00203084545, "name": "Ward No-01" }, "geometry": { "type": "Point", "coordinates": [ 91.778690027511786, 22.303213932710072 ] } },
{ "type": "Feature", "properties": { "rand_point_id": 618, "OBJECTID": 120, "admin4Name": "Ward No-01", "admin4Pcod": "20150601", "admin4RefN": null, "admin4AltN": null, "admin4Al_1": null, "admin3Name": "Bayejid Bostami", "admin3Pcod": "201506", "admin2Name": "Chittagong", "admin2Pcod": "2015", "admin1Name": "Chittagong", "admin1Pcod": "20", "admin0Name": "Bangladesh", "admin0Pcod": "BD", "date": "2015-01-01", "validOn": "2018-04-10", "validTo": null, "Shape_Leng": 0.20038457574, "Shape_Area": 0.00203084545, "name": "Ward No-01" }, "geometry": { "type": "Point", "coordinates": [ 91.796923723207186, 22.434349293910131 ] } },
{ "type": "Feature", "properties": { "rand_point_id": 619, "OBJECTID": 120, "admin4Name": "Ward No-01", "admin4Pcod": "20150601", "admin4RefN": null, "admin4AltN": null, "admin4Al_1": null, "admin3Name": "Bayejid Bostami", "admin3Pcod": "201506", "admin2Name": "Chittagong", "admin2Pcod": "2015", "admin1Name": "Chittagong", "admin1Pcod": "20", "admin0Name": "Bangladesh", "admin0Pcod": "BD", "date": "2015-01-01", "validOn": "2018-04-10", "validTo": null, "Shape_Leng": 0.20038457574, "Shape_Area": 0.00203084545, "name": "Ward No-01" }, "geometry": { "type": "Point", "coordinates": [ 91.875480339442802, 22.377463698248537 ] } },
{ "type": "Feature", "properties": { "rand_point_id": 620, "OBJECTID": 120, "admin4Name": "Ward No-01", "admin4Pcod": "20150601", "admin4RefN": null, "admin4AltN": null, "admin4Al_1": null, "admin3Name": "Bayejid Bostami", "admin3Pcod": "201506", "admin2Name": "Chittagong", "admin2Pcod": "2015", "admin1Name": "Chittagong", "admin1Pcod": "20", "admin0Name": "Bangladesh", "admin0Pcod": "BD", "date": "2015-01-01", "validOn": "2018-04-10", "validTo": null, "Shape_Leng": 0.20038457574, "Shape_Area": 0.00203084545, "name": "Ward No-01" }, "geometry": { "type": "Point", "coordinates": [ 91.799126479059666, 22.318070847889839 ] } },
{ "type": "Feature", "properties": { "rand_point_id": 621, "OBJECTID": 120, "admin4Name": "Ward No-01", "admin4Pcod": "20150601", "admin4RefN": null, "admin4AltN": null, "admin4Al_1": null, "admin3Name": "Bayejid Bostami", "admin3Pcod": "201506", "admin2Name": "Chittagong", "admin2Pcod": "2015", "admin1Name": "Chittagong", "admin1Pcod": "20", "admin0Name": "Bangladesh", "admin0Pcod": "BD", "date": "2015-01-01", "validOn": "2018-04-10", "validTo": null, "Shape_Leng": 0.20038457574, "Shape_Area": 0.00203084545, "name": "Ward No-01" }, "geometry": { "type": "Point", "coordinates": [ 91.842753735746541, 22.338730748995363 ] } },
{ "type": "Feature", "properties": { "rand_point_id": 622, "OBJECTID": 120, "admin4Name": "Ward No-01", "admin4Pcod": "20150601", "admin4RefN": null, "admin4AltN": null, "admin4Al_1": null, "admin3Name": "Bayejid Bostami", "admin3Pcod": "201506", "admin2Name": "Chittagong", "admin2Pcod": "2015", "admin1Name": "Chittagong", "admin1Pcod": "20", "admin0Name": "Bangladesh", "admin0Pcod": "BD", "date": "2015-01-01", "validOn": "2018-04-10", "validTo": null, "Shape_Leng": 0.20038457574, "Shape_Area": 0.00203084545, "name": "Ward No-01" }, "geometry": { "type": "Point", "coordinates": [ 91.786088745161905, 22.371956074749864 ] } },
{ "type": "Feature", "properties": { "rand_point_id": 623, "OBJECTID": 120, "admin4Name": "Ward No-01", "admin4Pcod": "20150601", "admin4RefN": null, "admin4AltN": null, "admin4Al_1": null, "admin3Name": "Bayejid Bostami", "admin3Pcod": "201506", "admin2Name": "Chittagong", "admin2Pcod": "2015", "admin1Name": "Chittagong", "admin1Pcod": "20", "admin0Name": "Bangladesh", "admin0Pcod": "BD", "date": "2015-01-01", "validOn": "2018-04-10", "validTo": null, "Shape_Leng": 0.20038457574, "Shape_Area": 0.00203084545, "name": "Ward No-01" }, "geometry": { "type": "Point", "coordinates": [ 91.862844110922211, 22.398715395653092 ] } },
{ "type": "Feature", "properties": { "rand_point_id": 624, "OBJECTID": 120, "admin4Name": "Ward No-01", "admin4Pcod": "20150601", "admin4RefN": null, "admin4AltN": null, "admin4Al_1": null, "admin3Name": "Bayejid Bostami", "admin3Pcod": "201506", "admin2Name": "Chittagong", "admin2Pcod": "2015", "admin1Name": "Chittagong", "admin1Pcod": "20", "admin0Name": "Bangladesh", "admin0Pcod": "BD", "date": "2015-01-01", "validOn": "2018-04-10", "validTo": null, "Shape_Leng": 0.20038457574, "Shape_Area": 0.00203084545, "name": "Ward No-01" }, "geometry": { "type": "Point", "coordinates": [ 91.844891210299664, 22.369171677209714 ] } },
{ "type": "Feature", "properties": { "rand_point_id": 625, "OBJECTID": 120, "admin4Name": "Ward No-01", "admin4Pcod": "20150601", "admin4RefN": null, "admin4AltN": null, "admin4Al_1": null, "admin3Name": "Bayejid Bostami", "admin3Pcod": "201506", "admin2Name": "Chittagong", "admin2Pcod": "2015", "admin1Name": "Chittagong", "admin1Pcod": "20", "admin0Name": "Bangladesh", "admin0Pcod": "BD", "date": "2015-01-01", "validOn": "2018-04-10", "validTo": null, "Shape_Leng": 0.20038457574, "Shape_Area": 0.00203084545, "name": "Ward No-01" }, "geometry": { "type": "Point", "coordinates": [ 91.791928965366324, 22.248884278447107 ] } },
{ "type": "Feature", "properties": { "rand_point_id": 626, "OBJECTID": 120, "admin4Name": "Ward No-01", "admin4Pcod": "20150601", "admin4RefN": null, "admin4AltN": null, "admin4Al_1": null, "admin3Name": "Bayejid Bostami", "admin3Pcod": "201506", "admin2Name": "Chittagong", "admin2Pcod": "2015", "admin1Name": "Chittagong", "admin1Pcod": "20", "admin0Name": "Bangladesh", "admin0Pcod": "BD", "date": "2015-01-01", "validOn": "2018-04-10", "validTo": null, "Shape_Leng": 0.20038457574, "Shape_Area": 0.00203084545, "name": "Ward No-01" }, "geometry": { "type": "Point", "coordinates": [ 91.808785063837362, 22.264706049225175 ] } },
{ "type": "Feature", "properties": { "rand_point_id": 627, "OBJECTID": 120, "admin4Name": "Ward No-01", "admin4Pcod": "20150601", "admin4RefN": null, "admin4AltN": null, "admin4Al_1": null, "admin3Name": "Bayejid Bostami", "admin3Pcod": "201506", "admin2Name": "Chittagong", "admin2Pcod": "2015", "admin1Name": "Chittagong", "admin1Pcod": "20", "admin0Name": "Bangladesh", "admin0Pcod": "BD", "date": "2015-01-01", "validOn": "2018-04-10", "validTo": null, "Shape_Leng": 0.20038457574, "Shape_Area": 0.00203084545, "name": "Ward No-01" }, "geometry": { "type": "Point", "coordinates": [ 91.80923283809328, 22.431140053186429 ] } },
{ "type": "Feature", "properties": { "rand_point_id": 628, "OBJECTID": 120, "admin4Name": "Ward No-01", "admin4Pcod": "20150601", "admin4RefN": null, "admin4AltN": null, "admin4Al_1": null, "admin3Name": "Bayejid Bostami", "admin3Pcod": "201506", "admin2Name": "Chittagong", "admin2Pcod": "2015", "admin1Name": "Chittagong", "admin1Pcod": "20", "admin0Name": "Bangladesh", "admin0Pcod": "BD", "date": "2015-01-01", "validOn": "2018-04-10", "validTo": null, "Shape_Leng": 0.20038457574, "Shape_Area": 0.00203084545, "name": "Ward No-01" }, "geometry": { "type": "Point", "coordinates": [ 91.778673852584191, 22.320921922721155 ] } },
{ "type": "Feature", "properties": { "rand_point_id": 629, "OBJECTID": 120, "admin4Name": "Ward No-01", "admin4Pcod": "20150601", "admin4RefN": null, "admin4AltN": null, "admin4Al_1": null, "admin3Name": "Bayejid Bostami", "admin3Pcod": "201506", "admin2Name": "Chittagong", "admin2Pcod": "2015", "admin1Name": "Chittagong", "admin1Pcod": "20", "admin0Name": "Bangladesh", "admin0Pcod": "BD", "date": "2015-01-01", "validOn": "2018-04-10", "validTo": null, "Shape_Leng": 0.20038457574, "Shape_Area": 0.00203084545, "name": "Ward No-01" }, "geometry": { "type": "Point", "coordinates": [ 91.798867578133397, 22.348426243159857 ] } },
{ "type": "Feature", "properties": { "rand_point_id": 630, "OBJECTID": 120, "admin4Name": "Ward No-01", "admin4Pcod": "20150601", "admin4RefN": null, "admin4AltN": null, "admin4Al_1": null, "admin3Name": "Bayejid Bostami", "admin3Pcod": "201506", "admin2Name": "Chittagong", "admin2Pcod": "2015", "admin1Name": "Chittagong", "admin1Pcod": "20", "admin0Name": "Bangladesh", "admin0Pcod": "BD", "date": "2015-01-01", "validOn": "2018-04-10", "validTo": null, "Shape_Leng": 0.20038457574, "Shape_Area": 0.00203084545, "name": "Ward No-01" }, "geometry": { "type": "Point", "coordinates": [ 91.804774863264043, 22.345425528645553 ] } },
{ "type": "Feature", "properties": { "rand_point_id": 631, "OBJECTID": 120, "admin4Name": "Ward No-01", "admin4Pcod": "20150601", "admin4RefN": null, "admin4AltN": null, "admin4Al_1": null, "admin3Name": "Bayejid Bostami", "admin3Pcod": "201506", "admin2Name": "Chittagong", "admin2Pcod": "2015", "admin1Name": "Chittagong", "admin1Pcod": "20", "admin0Name": "Bangladesh", "admin0Pcod": "BD", "date": "2015-01-01", "validOn": "2018-04-10", "validTo": null, "Shape_Leng": 0.20038457574, "Shape_Area": 0.00203084545, "name": "Ward No-01" }, "geometry": { "type": "Point", "coordinates": [ 91.859646695759906, 22.356989170422988 ] } },
{ "type": "Feature", "properties": { "rand_point_id": 632, "OBJECTID": 120, "admin4Name": "Ward No-01", "admin4Pcod": "20150601", "admin4RefN": null, "admin4AltN": null, "admin4Al_1": null, "admin3Name": "Bayejid Bostami", "admin3Pcod": "201506", "admin2Name": "Chittagong", "admin2Pcod": "2015", "admin1Name": "Chittagong", "admin1Pcod": "20", "admin0Name": "Bangladesh", "admin0Pcod": "BD", "date": "2015-01-01", "validOn": "2018-04-10", "validTo": null, "Shape_Leng": 0.20038457574, "Shape_Area": 0.00203084545, "name": "Ward No-01" }, "geometry": { "type": "Point", "coordinates": [ 91.808847967172994, 22.450756073113698 ] } },
{ "type": "Feature", "properties": { "rand_point_id": 633, "OBJECTID": 120, "admin4Name": "Ward No-01", "admin4Pcod": "20150601", "admin4RefN": null, "admin4AltN": null, "admin4Al_1": null, "admin3Name": "Bayejid Bostami", "admin3Pcod": "201506", "admin2Name": "Chittagong", "admin2Pcod": "2015", "admin1Name": "Chittagong", "admin1Pcod": "20", "admin0Name": "Bangladesh", "admin0Pcod": "BD", "date": "2015-01-01", "validOn": "2018-04-10", "validTo": null, "Shape_Leng": 0.20038457574, "Shape_Area": 0.00203084545, "name": "Ward No-01" }, "geometry": { "type": "Point", "coordinates": [ 91.791122658293389, 22.45771801680543 ] } },
{ "type": "Feature", "properties": { "rand_point_id": 634, "OBJECTID": 120, "admin4Name": "Ward No-01", "admin4Pcod": "20150601", "admin4RefN": null, "admin4AltN": null, "admin4Al_1": null, "admin3Name": "Bayejid Bostami", "admin3Pcod": "201506", "admin2Name": "Chittagong", "admin2Pcod": "2015", "admin1Name": "Chittagong", "admin1Pcod": "20", "admin0Name": "Bangladesh", "admin0Pcod": "BD", "date": "2015-01-01", "validOn": "2018-04-10", "validTo": null, "Shape_Leng": 0.20038457574, "Shape_Area": 0.00203084545, "name": "Ward No-01" }, "geometry": { "type": "Point", "coordinates": [ 91.860509755210629, 22.359364474181724 ] } },
{ "type": "Feature", "properties": { "rand_point_id": 635, "OBJECTID": 120, "admin4Name": "Ward No-01", "admin4Pcod": "20150601", "admin4RefN": null, "admin4AltN": null, "admin4Al_1": null, "admin3Name": "Bayejid Bostami", "admin3Pcod": "201506", "admin2Name": "Chittagong", "admin2Pcod": "2015", "admin1Name": "Chittagong", "admin1Pcod": "20", "admin0Name": "Bangladesh", "admin0Pcod": "BD", "date": "2015-01-01", "validOn": "2018-04-10", "validTo": null, "Shape_Leng": 0.20038457574, "Shape_Area": 0.00203084545, "name": "Ward No-01" }, "geometry": { "type": "Point", "coordinates": [ 91.810947575205674, 22.44315953475342 ] } },
{ "type": "Feature", "properties": { "rand_point_id": 636, "OBJECTID": 120, "admin4Name": "Ward No-01", "admin4Pcod": "20150601", "admin4RefN": null, "admin4AltN": null, "admin4Al_1": null, "admin3Name": "Bayejid Bostami", "admin3Pcod": "201506", "admin2Name": "Chittagong", "admin2Pcod": "2015", "admin1Name": "Chittagong", "admin1Pcod": "20", "admin0Name": "Bangladesh", "admin0Pcod": "BD", "date": "2015-01-01", "validOn": "2018-04-10", "validTo": null, "Shape_Leng": 0.20038457574, "Shape_Area": 0.00203084545, "name": "Ward No-01" }, "geometry": { "type": "Point", "coordinates": [ 91.841703175699195, 22.406094189401198 ] } },
{ "type": "Feature", "properties": { "rand_point_id": 637, "OBJECTID": 120, "admin4Name": "Ward No-01", "admin4Pcod": "20150601", "admin4RefN": null, "admin4AltN": null, "admin4Al_1": null, "admin3Name": "Bayejid Bostami", "admin3Pcod": "201506", "admin2Name": "Chittagong", "admin2Pcod": "2015", "admin1Name": "Chittagong", "admin1Pcod": "20", "admin0Name": "Bangladesh", "admin0Pcod": "BD", "date": "2015-01-01", "validOn": "2018-04-10", "validTo": null, "Shape_Leng": 0.20038457574, "Shape_Area": 0.00203084545, "name": "Ward No-01" }, "geometry": { "type": "Point", "coordinates": [ 91.773664500181297, 22.301554539478243 ] } },
{ "type": "Feature", "properties": { "rand_point_id": 638, "OBJECTID": 120, "admin4Name": "Ward No-01", "admin4Pcod": "20150601", "admin4RefN": null, "admin4AltN": null, "admin4Al_1": null, "admin3Name": "Bayejid Bostami", "admin3Pcod": "201506", "admin2Name": "Chittagong", "admin2Pcod": "2015", "admin1Name": "Chittagong", "admin1Pcod": "20", "admin0Name": "Bangladesh", "admin0Pcod": "BD", "date": "2015-01-01", "validOn": "2018-04-10", "validTo": null, "Shape_Leng": 0.20038457574, "Shape_Area": 0.00203084545, "name": "Ward No-01" }, "geometry": { "type": "Point", "coordinates": [ 91.805355305383756, 22.347460570323868 ] } },
{ "type": "Feature", "properties": { "rand_point_id": 639, "OBJECTID": 120, "admin4Name": "Ward No-01", "admin4Pcod": "20150601", "admin4RefN": null, "admin4AltN": null, "admin4Al_1": null, "admin3Name": "Bayejid Bostami", "admin3Pcod": "201506", "admin2Name": "Chittagong", "admin2Pcod": "2015", "admin1Name": "Chittagong", "admin1Pcod": "20", "admin0Name": "Bangladesh", "admin0Pcod": "BD", "date": "2015-01-01", "validOn": "2018-04-10", "validTo": null, "Shape_Leng": 0.20038457574, "Shape_Area": 0.00203084545, "name": "Ward No-01" }, "geometry": { "type": "Point", "coordinates": [ 91.767230969170498, 22.321116239129612 ] } },
{ "type": "Feature", "properties": { "rand_point_id": 640, "OBJECTID": 120, "admin4Name": "Ward No-01", "admin4Pcod": "20150601", "admin4RefN": null, "admin4AltN": null, "admin4Al_1": null, "admin3Name": "Bayejid Bostami", "admin3Pcod": "201506", "admin2Name": "Chittagong", "admin2Pcod": "2015", "admin1Name": "Chittagong", "admin1Pcod": "20", "admin0Name": "Bangladesh", "admin0Pcod": "BD", "date": "2015-01-01", "validOn": "2018-04-10", "validTo": null, "Shape_Leng": 0.20038457574, "Shape_Area": 0.00203084545, "name": "Ward No-01" }, "geometry": { "type": "Point", "coordinates": [ 91.810238756299512, 22.349075273530882 ] } },
{ "type": "Feature", "properties": { "rand_point_id": 641, "OBJECTID": 120, "admin4Name": "Ward No-01", "admin4Pcod": "20150601", "admin4RefN": null, "admin4AltN": null, "admin4Al_1": null, "admin3Name": "Bayejid Bostami", "admin3Pcod": "201506", "admin2Name": "Chittagong", "admin2Pcod": "2015", "admin1Name": "Chittagong", "admin1Pcod": "20", "admin0Name": "Bangladesh", "admin0Pcod": "BD", "date": "2015-01-01", "validOn": "2018-04-10", "validTo": null, "Shape_Leng": 0.20038457574, "Shape_Area": 0.00203084545, "name": "Ward No-01" }, "geometry": { "type": "Point", "coordinates": [ 91.762123200220657, 22.345234319826229 ] } },
{ "type": "Feature", "properties": { "rand_point_id": 642, "OBJECTID": 120, "admin4Name": "Ward No-01", "admin4Pcod": "20150601", "admin4RefN": null, "admin4AltN": null, "admin4Al_1": null, "admin3Name": "Bayejid Bostami", "admin3Pcod": "201506", "admin2Name": "Chittagong", "admin2Pcod": "2015", "admin1Name": "Chittagong", "admin1Pcod": "20", "admin0Name": "Bangladesh", "admin0Pcod": "BD", "date": "2015-01-01", "validOn": "2018-04-10", "validTo": null, "Shape_Leng": 0.20038457574, "Shape_Area": 0.00203084545, "name": "Ward No-01" }, "geometry": { "type": "Point", "coordinates": [ 91.874906601363904, 22.38675775850097 ] } },
{ "type": "Feature", "properties": { "rand_point_id": 643, "OBJECTID": 120, "admin4Name": "Ward No-01", "admin4Pcod": "20150601", "admin4RefN": null, "admin4AltN": null, "admin4Al_1": null, "admin3Name": "Bayejid Bostami", "admin3Pcod": "201506", "admin2Name": "Chittagong", "admin2Pcod": "2015", "admin1Name": "Chittagong", "admin1Pcod": "20", "admin0Name": "Bangladesh", "admin0Pcod": "BD", "date": "2015-01-01", "validOn": "2018-04-10", "validTo": null, "Shape_Leng": 0.20038457574, "Shape_Area": 0.00203084545, "name": "Ward No-01" }, "geometry": { "type": "Point", "coordinates": [ 91.819584986668303, 22.360993489696586 ] } },
{ "type": "Feature", "properties": { "rand_point_id": 644, "OBJECTID": 120, "admin4Name": "Ward No-01", "admin4Pcod": "20150601", "admin4RefN": null, "admin4AltN": null, "admin4Al_1": null, "admin3Name": "Bayejid Bostami", "admin3Pcod": "201506", "admin2Name": "Chittagong", "admin2Pcod": "2015", "admin1Name": "Chittagong", "admin1Pcod": "20", "admin0Name": "Bangladesh", "admin0Pcod": "BD", "date": "2015-01-01", "validOn": "2018-04-10", "validTo": null, "Shape_Leng": 0.20038457574, "Shape_Area": 0.00203084545, "name": "Ward No-01" }, "geometry": { "type": "Point", "coordinates": [ 91.789297145206234, 22.340780527590972 ] } },
{ "type": "Feature", "properties": { "rand_point_id": 645, "OBJECTID": 120, "admin4Name": "Ward No-01", "admin4Pcod": "20150601", "admin4RefN": null, "admin4AltN": null, "admin4Al_1": null, "admin3Name": "Bayejid Bostami", "admin3Pcod": "201506", "admin2Name": "Chittagong", "admin2Pcod": "2015", "admin1Name": "Chittagong", "admin1Pcod": "20", "admin0Name": "Bangladesh", "admin0Pcod": "BD", "date": "2015-01-01", "validOn": "2018-04-10", "validTo": null, "Shape_Leng": 0.20038457574, "Shape_Area": 0.00203084545, "name": "Ward No-01" }, "geometry": { "type": "Point", "coordinates": [ 91.825401279407444, 22.350859307882729 ] } },
{ "type": "Feature", "properties": { "rand_point_id": 646, "OBJECTID": 120, "admin4Name": "Ward No-01", "admin4Pcod": "20150601", "admin4RefN": null, "admin4AltN": null, "admin4Al_1": null, "admin3Name": "Bayejid Bostami", "admin3Pcod": "201506", "admin2Name": "Chittagong", "admin2Pcod": "2015", "admin1Name": "Chittagong", "admin1Pcod": "20", "admin0Name": "Bangladesh", "admin0Pcod": "BD", "date": "2015-01-01", "validOn": "2018-04-10", "validTo": null, "Shape_Leng": 0.20038457574, "Shape_Area": 0.00203084545, "name": "Ward No-01" }, "geometry": { "type": "Point", "coordinates": [ 91.797019727726351, 22.353246774314393 ] } },
{ "type": "Feature", "properties": { "rand_point_id": 647, "OBJECTID": 120, "admin4Name": "Ward No-01", "admin4Pcod": "20150601", "admin4RefN": null, "admin4AltN": null, "admin4Al_1": null, "admin3Name": "Bayejid Bostami", "admin3Pcod": "201506", "admin2Name": "Chittagong", "admin2Pcod": "2015", "admin1Name": "Chittagong", "admin1Pcod": "20", "admin0Name": "Bangladesh", "admin0Pcod": "BD", "date": "2015-01-01", "validOn": "2018-04-10", "validTo": null, "Shape_Leng": 0.20038457574, "Shape_Area": 0.00203084545, "name": "Ward No-01" }, "geometry": { "type": "Point", "coordinates": [ 91.775669802292683, 22.267010109198313 ] } },
{ "type": "Feature", "properties": { "rand_point_id": 648, "OBJECTID": 120, "admin4Name": "Ward No-01", "admin4Pcod": "20150601", "admin4RefN": null, "admin4AltN": null, "admin4Al_1": null, "admin3Name": "Bayejid Bostami", "admin3Pcod": "201506", "admin2Name": "Chittagong", "admin2Pcod": "2015", "admin1Name": "Chittagong", "admin1Pcod": "20", "admin0Name": "Bangladesh", "admin0Pcod": "BD", "date": "2015-01-01", "validOn": "2018-04-10", "validTo": null, "Shape_Leng": 0.20038457574, "Shape_Area": 0.00203084545, "name": "Ward No-01" }, "geometry": { "type": "Point", "coordinates": [ 91.764343843695656, 22.360860618623878 ] } },
{ "type": "Feature", "properties": { "rand_point_id": 649, "OBJECTID": 120, "admin4Name": "Ward No-01", "admin4Pcod": "20150601", "admin4RefN": null, "admin4AltN": null, "admin4Al_1": null, "admin3Name": "Bayejid Bostami", "admin3Pcod": "201506", "admin2Name": "Chittagong", "admin2Pcod": "2015", "admin1Name": "Chittagong", "admin1Pcod": "20", "admin0Name": "Bangladesh", "admin0Pcod": "BD", "date": "2015-01-01", "validOn": "2018-04-10", "validTo": null, "Shape_Leng": 0.20038457574, "Shape_Area": 0.00203084545, "name": "Ward No-01" }, "geometry": { "type": "Point", "coordinates": [ 91.821011067195585, 22.262412180321249 ] } },
{ "type": "Feature", "properties": { "rand_point_id": 650, "OBJECTID": 120, "admin4Name": "Ward No-01", "admin4Pcod": "20150601", "admin4RefN": null, "admin4AltN": null, "admin4Al_1": null, "admin3Name": "Bayejid Bostami", "admin3Pcod": "201506", "admin2Name": "Chittagong", "admin2Pcod": "2015", "admin1Name": "Chittagong", "admin1Pcod": "20", "admin0Name": "Bangladesh", "admin0Pcod": "BD", "date": "2015-01-01", "validOn": "2018-04-10", "validTo": null, "Shape_Leng": 0.20038457574, "Shape_Area": 0.00203084545, "name": "Ward No-01" }, "geometry": { "type": "Point", "coordinates": [ 91.807938070464232, 22.269315717211317 ] } },
{ "type": "Feature", "properties": { "rand_point_id": 651, "OBJECTID": 120, "admin4Name": "Ward No-01", "admin4Pcod": "20150601", "admin4RefN": null, "admin4AltN": null, "admin4Al_1": null, "admin3Name": "Bayejid Bostami", "admin3Pcod": "201506", "admin2Name": "Chittagong", "admin2Pcod": "2015", "admin1Name": "Chittagong", "admin1Pcod": "20", "admin0Name": "Bangladesh", "admin0Pcod": "BD", "date": "2015-01-01", "validOn": "2018-04-10", "validTo": null, "Shape_Leng": 0.20038457574, "Shape_Area": 0.00203084545, "name": "Ward No-01" }, "geometry": { "type": "Point", "coordinates": [ 91.813589510683471, 22.26691535984758 ] } },
{ "type": "Feature", "properties": { "rand_point_id": 652, "OBJECTID": 120, "admin4Name": "Ward No-01", "admin4Pcod": "20150601", "admin4RefN": null, "admin4AltN": null, "admin4Al_1": null, "admin3Name": "Bayejid Bostami", "admin3Pcod": "201506", "admin2Name": "Chittagong", "admin2Pcod": "2015", "admin1Name": "Chittagong", "admin1Pcod": "20", "admin0Name": "Bangladesh", "admin0Pcod": "BD", "date": "2015-01-01", "validOn": "2018-04-10", "validTo": null, "Shape_Leng": 0.20038457574, "Shape_Area": 0.00203084545, "name": "Ward No-01" }, "geometry": { "type": "Point", "coordinates": [ 91.838526276205073, 22.333845585923619 ] } },
{ "type": "Feature", "properties": { "rand_point_id": 653, "OBJECTID": 120, "admin4Name": "Ward No-01", "admin4Pcod": "20150601", "admin4RefN": null, "admin4AltN": null, "admin4Al_1": null, "admin3Name": "Bayejid Bostami", "admin3Pcod": "201506", "admin2Name": "Chittagong", "admin2Pcod": "2015", "admin1Name": "Chittagong", "admin1Pcod": "20", "admin0Name": "Bangladesh", "admin0Pcod": "BD", "date": "2015-01-01", "validOn": "2018-04-10", "validTo": null, "Shape_Leng": 0.20038457574, "Shape_Area": 0.00203084545, "name": "Ward No-01" }, "geometry": { "type": "Point", "coordinates": [ 91.84435486039466, 22.4029041987291 ] } },
{ "type": "Feature", "properties": { "rand_point_id": 654, "OBJECTID": 120, "admin4Name": "Ward No-01", "admin4Pcod": "20150601", "admin4RefN": null, "admin4AltN": null, "admin4Al_1": null, "admin3Name": "Bayejid Bostami", "admin3Pcod": "201506", "admin2Name": "Chittagong", "admin2Pcod": "2015", "admin1Name": "Chittagong", "admin1Pcod": "20", "admin0Name": "Bangladesh", "admin0Pcod": "BD", "date": "2015-01-01", "validOn": "2018-04-10", "validTo": null, "Shape_Leng": 0.20038457574, "Shape_Area": 0.00203084545, "name": "Ward No-01" }, "geometry": { "type": "Point", "coordinates": [ 91.870009712274523, 22.369239533623965 ] } },
{ "type": "Feature", "properties": { "rand_point_id": 655, "OBJECTID": 120, "admin4Name": "Ward No-01", "admin4Pcod": "20150601", "admin4RefN": null, "admin4AltN": null, "admin4Al_1": null, "admin3Name": "Bayejid Bostami", "admin3Pcod": "201506", "admin2Name": "Chittagong", "admin2Pcod": "2015", "admin1Name": "Chittagong", "admin1Pcod": "20", "admin0Name": "Bangladesh", "admin0Pcod": "BD", "date": "2015-01-01", "validOn": "2018-04-10", "validTo": null, "Shape_Leng": 0.20038457574, "Shape_Area": 0.00203084545, "name": "Ward No-01" }, "geometry": { "type": "Point", "coordinates": [ 91.822136800545309, 22.260043401575764 ] } },
{ "type": "Feature", "properties": { "rand_point_id": 656, "OBJECTID": 120, "admin4Name": "Ward No-01", "admin4Pcod": "20150601", "admin4RefN": null, "admin4AltN": null, "admin4Al_1": null, "admin3Name": "Bayejid Bostami", "admin3Pcod": "201506", "admin2Name": "Chittagong", "admin2Pcod": "2015", "admin1Name": "Chittagong", "admin1Pcod": "20", "admin0Name": "Bangladesh", "admin0Pcod": "BD", "date": "2015-01-01", "validOn": "2018-04-10", "validTo": null, "Shape_Leng": 0.20038457574, "Shape_Area": 0.00203084545, "name": "Ward No-01" }, "geometry": { "type": "Point", "coordinates": [ 91.801124180864818, 22.318034489807932 ] } },
{ "type": "Feature", "properties": { "rand_point_id": 657, "OBJECTID": 120, "admin4Name": "Ward No-01", "admin4Pcod": "20150601", "admin4RefN": null, "admin4AltN": null, "admin4Al_1": null, "admin3Name": "Bayejid Bostami", "admin3Pcod": "201506", "admin2Name": "Chittagong", "admin2Pcod": "2015", "admin1Name": "Chittagong", "admin1Pcod": "20", "admin0Name": "Bangladesh", "admin0Pcod": "BD", "date": "2015-01-01", "validOn": "2018-04-10", "validTo": null, "Shape_Leng": 0.20038457574, "Shape_Area": 0.00203084545, "name": "Ward No-01" }, "geometry": { "type": "Point", "coordinates": [ 91.756129447051308, 22.349593992857962 ] } },
{ "type": "Feature", "properties": { "rand_point_id": 658, "OBJECTID": 120, "admin4Name": "Ward No-01", "admin4Pcod": "20150601", "admin4RefN": null, "admin4AltN": null, "admin4Al_1": null, "admin3Name": "Bayejid Bostami", "admin3Pcod": "201506", "admin2Name": "Chittagong", "admin2Pcod": "2015", "admin1Name": "Chittagong", "admin1Pcod": "20", "admin0Name": "Bangladesh", "admin0Pcod": "BD", "date": "2015-01-01", "validOn": "2018-04-10", "validTo": null, "Shape_Leng": 0.20038457574, "Shape_Area": 0.00203084545, "name": "Ward No-01" }, "geometry": { "type": "Point", "coordinates": [ 91.811321364184721, 22.439288740379894 ] } },
{ "type": "Feature", "properties": { "rand_point_id": 659, "OBJECTID": 120, "admin4Name": "Ward No-01", "admin4Pcod": "20150601", "admin4RefN": null, "admin4AltN": null, "admin4Al_1": null, "admin3Name": "Bayejid Bostami", "admin3Pcod": "201506", "admin2Name": "Chittagong", "admin2Pcod": "2015", "admin1Name": "Chittagong", "admin1Pcod": "20", "admin0Name": "Bangladesh", "admin0Pcod": "BD", "date": "2015-01-01", "validOn": "2018-04-10", "validTo": null, "Shape_Leng": 0.20038457574, "Shape_Area": 0.00203084545, "name": "Ward No-01" }, "geometry": { "type": "Point", "coordinates": [ 91.839673574701152, 22.382105889821542 ] } },
{ "type": "Feature", "properties": { "rand_point_id": 660, "OBJECTID": 120, "admin4Name": "Ward No-01", "admin4Pcod": "20150601", "admin4RefN": null, "admin4AltN": null, "admin4Al_1": null, "admin3Name": "Bayejid Bostami", "admin3Pcod": "201506", "admin2Name": "Chittagong", "admin2Pcod": "2015", "admin1Name": "Chittagong", "admin1Pcod": "20", "admin0Name": "Bangladesh", "admin0Pcod": "BD", "date": "2015-01-01", "validOn": "2018-04-10", "validTo": null, "Shape_Leng": 0.20038457574, "Shape_Area": 0.00203084545, "name": "Ward No-01" }, "geometry": { "type": "Point", "coordinates": [ 91.824908900750984, 22.393142588268681 ] } },
{ "type": "Feature", "properties": { "rand_point_id": 661, "OBJECTID": 120, "admin4Name": "Ward No-01", "admin4Pcod": "20150601", "admin4RefN": null, "admin4AltN": null, "admin4Al_1": null, "admin3Name": "Bayejid Bostami", "admin3Pcod": "201506", "admin2Name": "Chittagong", "admin2Pcod": "2015", "admin1Name": "Chittagong", "admin1Pcod": "20", "admin0Name": "Bangladesh", "admin0Pcod": "BD", "date": "2015-01-01", "validOn": "2018-04-10", "validTo": null, "Shape_Leng": 0.20038457574, "Shape_Area": 0.00203084545, "name": "Ward No-01" }, "geometry": { "type": "Point", "coordinates": [ 91.828774426701784, 22.385532188999797 ] } },
{ "type": "Feature", "properties": { "rand_point_id": 662, "OBJECTID": 120, "admin4Name": "Ward No-01", "admin4Pcod": "20150601", "admin4RefN": null, "admin4AltN": null, "admin4Al_1": null, "admin3Name": "Bayejid Bostami", "admin3Pcod": "201506", "admin2Name": "Chittagong", "admin2Pcod": "2015", "admin1Name": "Chittagong", "admin1Pcod": "20", "admin0Name": "Bangladesh", "admin0Pcod": "BD", "date": "2015-01-01", "validOn": "2018-04-10", "validTo": null, "Shape_Leng": 0.20038457574, "Shape_Area": 0.00203084545, "name": "Ward No-01" }, "geometry": { "type": "Point", "coordinates": [ 91.799246815653959, 22.367514496590662 ] } },
{ "type": "Feature", "properties": { "rand_point_id": 663, "OBJECTID": 120, "admin4Name": "Ward No-01", "admin4Pcod": "20150601", "admin4RefN": null, "admin4AltN": null, "admin4Al_1": null, "admin3Name": "Bayejid Bostami", "admin3Pcod": "201506", "admin2Name": "Chittagong", "admin2Pcod": "2015", "admin1Name": "Chittagong", "admin1Pcod": "20", "admin0Name": "Bangladesh", "admin0Pcod": "BD", "date": "2015-01-01", "validOn": "2018-04-10", "validTo": null, "Shape_Leng": 0.20038457574, "Shape_Area": 0.00203084545, "name": "Ward No-01" }, "geometry": { "type": "Point", "coordinates": [ 91.818505194313445, 22.268890659645521 ] } },
{ "type": "Feature", "properties": { "rand_point_id": 664, "OBJECTID": 120, "admin4Name": "Ward No-01", "admin4Pcod": "20150601", "admin4RefN": null, "admin4AltN": null, "admin4Al_1": null, "admin3Name": "Bayejid Bostami", "admin3Pcod": "201506", "admin2Name": "Chittagong", "admin2Pcod": "2015", "admin1Name": "Chittagong", "admin1Pcod": "20", "admin0Name": "Bangladesh", "admin0Pcod": "BD", "date": "2015-01-01", "validOn": "2018-04-10", "validTo": null, "Shape_Leng": 0.20038457574, "Shape_Area": 0.00203084545, "name": "Ward No-01" }, "geometry": { "type": "Point", "coordinates": [ 91.766001569746891, 22.342755365407182 ] } },
{ "type": "Feature", "properties": { "rand_point_id": 665, "OBJECTID": 120, "admin4Name": "Ward No-01", "admin4Pcod": "20150601", "admin4RefN": null, "admin4AltN": null, "admin4Al_1": null, "admin3Name": "Bayejid Bostami", "admin3Pcod": "201506", "admin2Name": "Chittagong", "admin2Pcod": "2015", "admin1Name": "Chittagong", "admin1Pcod": "20", "admin0Name": "Bangladesh", "admin0Pcod": "BD", "date": "2015-01-01", "validOn": "2018-04-10", "validTo": null, "Shape_Leng": 0.20038457574, "Shape_Area": 0.00203084545, "name": "Ward No-01" }, "geometry": { "type": "Point", "coordinates": [ 91.860692810300279, 22.369701451020472 ] } },
{ "type": "Feature", "properties": { "rand_point_id": 666, "OBJECTID": 120, "admin4Name": "Ward No-01", "admin4Pcod": "20150601", "admin4RefN": null, "admin4AltN": null, "admin4Al_1": null, "admin3Name": "Bayejid Bostami", "admin3Pcod": "201506", "admin2Name": "Chittagong", "admin2Pcod": "2015", "admin1Name": "Chittagong", "admin1Pcod": "20", "admin0Name": "Bangladesh", "admin0Pcod": "BD", "date": "2015-01-01", "validOn": "2018-04-10", "validTo": null, "Shape_Leng": 0.20038457574, "Shape_Area": 0.00203084545, "name": "Ward No-01" }, "geometry": { "type": "Point", "coordinates": [ 91.771054617571039, 22.289452977406278 ] } },
{ "type": "Feature", "properties": { "rand_point_id": 667, "OBJECTID": 120, "admin4Name": "Ward No-01", "admin4Pcod": "20150601", "admin4RefN": null, "admin4AltN": null, "admin4Al_1": null, "admin3Name": "Bayejid Bostami", "admin3Pcod": "201506", "admin2Name": "Chittagong", "admin2Pcod": "2015", "admin1Name": "Chittagong", "admin1Pcod": "20", "admin0Name": "Bangladesh", "admin0Pcod": "BD", "date": "2015-01-01", "validOn": "2018-04-10", "validTo": null, "Shape_Leng": 0.20038457574, "Shape_Area": 0.00203084545, "name": "Ward No-01" }, "geometry": { "type": "Point", "coordinates": [ 91.786781548456929, 22.284633711540195 ] } },
{ "type": "Feature", "properties": { "rand_point_id": 668, "OBJECTID": 120, "admin4Name": "Ward No-01", "admin4Pcod": "20150601", "admin4RefN": null, "admin4AltN": null, "admin4Al_1": null, "admin3Name": "Bayejid Bostami", "admin3Pcod": "201506", "admin2Name": "Chittagong", "admin2Pcod": "2015", "admin1Name": "Chittagong", "admin1Pcod": "20", "admin0Name": "Bangladesh", "admin0Pcod": "BD", "date": "2015-01-01", "validOn": "2018-04-10", "validTo": null, "Shape_Leng": 0.20038457574, "Shape_Area": 0.00203084545, "name": "Ward No-01" }, "geometry": { "type": "Point", "coordinates": [ 91.789283235047108, 22.447350107831589 ] } },
{ "type": "Feature", "properties": { "rand_point_id": 669, "OBJECTID": 120, "admin4Name": "Ward No-01", "admin4Pcod": "20150601", "admin4RefN": null, "admin4AltN": null, "admin4Al_1": null, "admin3Name": "Bayejid Bostami", "admin3Pcod": "201506", "admin2Name": "Chittagong", "admin2Pcod": "2015", "admin1Name": "Chittagong", "admin1Pcod": "20", "admin0Name": "Bangladesh", "admin0Pcod": "BD", "date": "2015-01-01", "validOn": "2018-04-10", "validTo": null, "Shape_Leng": 0.20038457574, "Shape_Area": 0.00203084545, "name": "Ward No-01" }, "geometry": { "type": "Point", "coordinates": [ 91.825613768375092, 22.383478656826203 ] } },
{ "type": "Feature", "properties": { "rand_point_id": 670, "OBJECTID": 120, "admin4Name": "Ward No-01", "admin4Pcod": "20150601", "admin4RefN": null, "admin4AltN": null, "admin4Al_1": null, "admin3Name": "Bayejid Bostami", "admin3Pcod": "201506", "admin2Name": "Chittagong", "admin2Pcod": "2015", "admin1Name": "Chittagong", "admin1Pcod": "20", "admin0Name": "Bangladesh", "admin0Pcod": "BD", "date": "2015-01-01", "validOn": "2018-04-10", "validTo": null, "Shape_Leng": 0.20038457574, "Shape_Area": 0.00203084545, "name": "Ward No-01" }, "geometry": { "type": "Point", "coordinates": [ 91.781450573795439, 22.301924648217909 ] } },
{ "type": "Feature", "properties": { "rand_point_id": 671, "OBJECTID": 120, "admin4Name": "Ward No-01", "admin4Pcod": "20150601", "admin4RefN": null, "admin4AltN": null, "admin4Al_1": null, "admin3Name": "Bayejid Bostami", "admin3Pcod": "201506", "admin2Name": "Chittagong", "admin2Pcod": "2015", "admin1Name": "Chittagong", "admin1Pcod": "20", "admin0Name": "Bangladesh", "admin0Pcod": "BD", "date": "2015-01-01", "validOn": "2018-04-10", "validTo": null, "Shape_Leng": 0.20038457574, "Shape_Area": 0.00203084545, "name": "Ward No-01" }, "geometry": { "type": "Point", "coordinates": [ 91.808071376974226, 22.33350152533766 ] } },
{ "type": "Feature", "properties": { "rand_point_id": 672, "OBJECTID": 120, "admin4Name": "Ward No-01", "admin4Pcod": "20150601", "admin4RefN": null, "admin4AltN": null, "admin4Al_1": null, "admin3Name": "Bayejid Bostami", "admin3Pcod": "201506", "admin2Name": "Chittagong", "admin2Pcod": "2015", "admin1Name": "Chittagong", "admin1Pcod": "20", "admin0Name": "Bangladesh", "admin0Pcod": "BD", "date": "2015-01-01", "validOn": "2018-04-10", "validTo": null, "Shape_Leng": 0.20038457574, "Shape_Area": 0.00203084545, "name": "Ward No-01" }, "geometry": { "type": "Point", "coordinates": [ 91.776848320863905, 22.326856422894217 ] } },
{ "type": "Feature", "properties": { "rand_point_id": 673, "OBJECTID": 120, "admin4Name": "Ward No-01", "admin4Pcod": "20150601", "admin4RefN": null, "admin4AltN": null, "admin4Al_1": null, "admin3Name": "Bayejid Bostami", "admin3Pcod": "201506", "admin2Name": "Chittagong", "admin2Pcod": "2015", "admin1Name": "Chittagong", "admin1Pcod": "20", "admin0Name": "Bangladesh", "admin0Pcod": "BD", "date": "2015-01-01", "validOn": "2018-04-10", "validTo": null, "Shape_Leng": 0.20038457574, "Shape_Area": 0.00203084545, "name": "Ward No-01" }, "geometry": { "type": "Point", "coordinates": [ 91.777199742932268, 22.379720594956694 ] } },
{ "type": "Feature", "properties": { "rand_point_id": 674, "OBJECTID": 120, "admin4Name": "Ward No-01", "admin4Pcod": "20150601", "admin4RefN": null, "admin4AltN": null, "admin4Al_1": null, "admin3Name": "Bayejid Bostami", "admin3Pcod": "201506", "admin2Name": "Chittagong", "admin2Pcod": "2015", "admin1Name": "Chittagong", "admin1Pcod": "20", "admin0Name": "Bangladesh", "admin0Pcod": "BD", "date": "2015-01-01", "validOn": "2018-04-10", "validTo": null, "Shape_Leng": 0.20038457574, "Shape_Area": 0.00203084545, "name": "Ward No-01" }, "geometry": { "type": "Point", "coordinates": [ 91.833937310973781, 22.367690868865886 ] } },
{ "type": "Feature", "properties": { "rand_point_id": 675, "OBJECTID": 120, "admin4Name": "Ward No-01", "admin4Pcod": "20150601", "admin4RefN": null, "admin4AltN": null, "admin4Al_1": null, "admin3Name": "Bayejid Bostami", "admin3Pcod": "201506", "admin2Name": "Chittagong", "admin2Pcod": "2015", "admin1Name": "Chittagong", "admin1Pcod": "20", "admin0Name": "Bangladesh", "admin0Pcod": "BD", "date": "2015-01-01", "validOn": "2018-04-10", "validTo": null, "Shape_Leng": 0.20038457574, "Shape_Area": 0.00203084545, "name": "Ward No-01" }, "geometry": { "type": "Point", "coordinates": [ 91.791901821325638, 22.269894969277246 ] } },
{ "type": "Feature", "properties": { "rand_point_id": 676, "OBJECTID": 120, "admin4Name": "Ward No-01", "admin4Pcod": "20150601", "admin4RefN": null, "admin4AltN": null, "admin4Al_1": null, "admin3Name": "Bayejid Bostami", "admin3Pcod": "201506", "admin2Name": "Chittagong", "admin2Pcod": "2015", "admin1Name": "Chittagong", "admin1Pcod": "20", "admin0Name": "Bangladesh", "admin0Pcod": "BD", "date": "2015-01-01", "validOn": "2018-04-10", "validTo": null, "Shape_Leng": 0.20038457574, "Shape_Area": 0.00203084545, "name": "Ward No-01" }, "geometry": { "type": "Point", "coordinates": [ 91.876512847951403, 22.398620694116445 ] } },
{ "type": "Feature", "properties": { "rand_point_id": 677, "OBJECTID": 120, "admin4Name": "Ward No-01", "admin4Pcod": "20150601", "admin4RefN": null, "admin4AltN": null, "admin4Al_1": null, "admin3Name": "Bayejid Bostami", "admin3Pcod": "201506", "admin2Name": "Chittagong", "admin2Pcod": "2015", "admin1Name": "Chittagong", "admin1Pcod": "20", "admin0Name": "Bangladesh", "admin0Pcod": "BD", "date": "2015-01-01", "validOn": "2018-04-10", "validTo": null, "Shape_Leng": 0.20038457574, "Shape_Area": 0.00203084545, "name": "Ward No-01" }, "geometry": { "type": "Point", "coordinates": [ 91.858244858337827, 22.361993886072973 ] } },
{ "type": "Feature", "properties": { "rand_point_id": 678, "OBJECTID": 120, "admin4Name": "Ward No-01", "admin4Pcod": "20150601", "admin4RefN": null, "admin4AltN": null, "admin4Al_1": null, "admin3Name": "Bayejid Bostami", "admin3Pcod": "201506", "admin2Name": "Chittagong", "admin2Pcod": "2015", "admin1Name": "Chittagong", "admin1Pcod": "20", "admin0Name": "Bangladesh", "admin0Pcod": "BD", "date": "2015-01-01", "validOn": "2018-04-10", "validTo": null, "Shape_Leng": 0.20038457574, "Shape_Area": 0.00203084545, "name": "Ward No-01" }, "geometry": { "type": "Point", "coordinates": [ 91.785653543176224, 22.384063476097232 ] } },
{ "type": "Feature", "properties": { "rand_point_id": 679, "OBJECTID": 120, "admin4Name": "Ward No-01", "admin4Pcod": "20150601", "admin4RefN": null, "admin4AltN": null, "admin4Al_1": null, "admin3Name": "Bayejid Bostami", "admin3Pcod": "201506", "admin2Name": "Chittagong", "admin2Pcod": "2015", "admin1Name": "Chittagong", "admin1Pcod": "20", "admin0Name": "Bangladesh", "admin0Pcod": "BD", "date": "2015-01-01", "validOn": "2018-04-10", "validTo": null, "Shape_Leng": 0.20038457574, "Shape_Area": 0.00203084545, "name": "Ward No-01" }, "geometry": { "type": "Point", "coordinates": [ 91.835341700324847, 22.343909328723196 ] } },
{ "type": "Feature", "properties": { "rand_point_id": 680, "OBJECTID": 120, "admin4Name": "Ward No-01", "admin4Pcod": "20150601", "admin4RefN": null, "admin4AltN": null, "admin4Al_1": null, "admin3Name": "Bayejid Bostami", "admin3Pcod": "201506", "admin2Name": "Chittagong", "admin2Pcod": "2015", "admin1Name": "Chittagong", "admin1Pcod": "20", "admin0Name": "Bangladesh", "admin0Pcod": "BD", "date": "2015-01-01", "validOn": "2018-04-10", "validTo": null, "Shape_Leng": 0.20038457574, "Shape_Area": 0.00203084545, "name": "Ward No-01" }, "geometry": { "type": "Point", "coordinates": [ 91.782695719594912, 22.341511795924937 ] } },
{ "type": "Feature", "properties": { "rand_point_id": 681, "OBJECTID": 120, "admin4Name": "Ward No-01", "admin4Pcod": "20150601", "admin4RefN": null, "admin4AltN": null, "admin4Al_1": null, "admin3Name": "Bayejid Bostami", "admin3Pcod": "201506", "admin2Name": "Chittagong", "admin2Pcod": "2015", "admin1Name": "Chittagong", "admin1Pcod": "20", "admin0Name": "Bangladesh", "admin0Pcod": "BD", "date": "2015-01-01", "validOn": "2018-04-10", "validTo": null, "Shape_Leng": 0.20038457574, "Shape_Area": 0.00203084545, "name": "Ward No-01" }, "geometry": { "type": "Point", "coordinates": [ 91.834282640453011, 22.338879553623887 ] } },
{ "type": "Feature", "properties": { "rand_point_id": 682, "OBJECTID": 120, "admin4Name": "Ward No-01", "admin4Pcod": "20150601", "admin4RefN": null, "admin4AltN": null, "admin4Al_1": null, "admin3Name": "Bayejid Bostami", "admin3Pcod": "201506", "admin2Name": "Chittagong", "admin2Pcod": "2015", "admin1Name": "Chittagong", "admin1Pcod": "20", "admin0Name": "Bangladesh", "admin0Pcod": "BD", "date": "2015-01-01", "validOn": "2018-04-10", "validTo": null, "Shape_Leng": 0.20038457574, "Shape_Area": 0.00203084545, "name": "Ward No-01" }, "geometry": { "type": "Point", "coordinates": [ 91.853253903291076, 22.333947924725866 ] } },
{ "type": "Feature", "properties": { "rand_point_id": 683, "OBJECTID": 120, "admin4Name": "Ward No-01", "admin4Pcod": "20150601", "admin4RefN": null, "admin4AltN": null, "admin4Al_1": null, "admin3Name": "Bayejid Bostami", "admin3Pcod": "201506", "admin2Name": "Chittagong", "admin2Pcod": "2015", "admin1Name": "Chittagong", "admin1Pcod": "20", "admin0Name": "Bangladesh", "admin0Pcod": "BD", "date": "2015-01-01", "validOn": "2018-04-10", "validTo": null, "Shape_Leng": 0.20038457574, "Shape_Area": 0.00203084545, "name": "Ward No-01" }, "geometry": { "type": "Point", "coordinates": [ 91.77550246590188, 22.260351848953121 ] } },
{ "type": "Feature", "properties": { "rand_point_id": 684, "OBJECTID": 120, "admin4Name": "Ward No-01", "admin4Pcod": "20150601", "admin4RefN": null, "admin4AltN": null, "admin4Al_1": null, "admin3Name": "Bayejid Bostami", "admin3Pcod": "201506", "admin2Name": "Chittagong", "admin2Pcod": "2015", "admin1Name": "Chittagong", "admin1Pcod": "20", "admin0Name": "Bangladesh", "admin0Pcod": "BD", "date": "2015-01-01", "validOn": "2018-04-10", "validTo": null, "Shape_Leng": 0.20038457574, "Shape_Area": 0.00203084545, "name": "Ward No-01" }, "geometry": { "type": "Point", "coordinates": [ 91.809261344936829, 22.235103839986227 ] } },
{ "type": "Feature", "properties": { "rand_point_id": 685, "OBJECTID": 120, "admin4Name": "Ward No-01", "admin4Pcod": "20150601", "admin4RefN": null, "admin4AltN": null, "admin4Al_1": null, "admin3Name": "Bayejid Bostami", "admin3Pcod": "201506", "admin2Name": "Chittagong", "admin2Pcod": "2015", "admin1Name": "Chittagong", "admin1Pcod": "20", "admin0Name": "Bangladesh", "admin0Pcod": "BD", "date": "2015-01-01", "validOn": "2018-04-10", "validTo": null, "Shape_Leng": 0.20038457574, "Shape_Area": 0.00203084545, "name": "Ward No-01" }, "geometry": { "type": "Point", "coordinates": [ 91.773463516139458, 22.306602843962285 ] } },
{ "type": "Feature", "properties": { "rand_point_id": 686, "OBJECTID": 120, "admin4Name": "Ward No-01", "admin4Pcod": "20150601", "admin4RefN": null, "admin4AltN": null, "admin4Al_1": null, "admin3Name": "Bayejid Bostami", "admin3Pcod": "201506", "admin2Name": "Chittagong", "admin2Pcod": "2015", "admin1Name": "Chittagong", "admin1Pcod": "20", "admin0Name": "Bangladesh", "admin0Pcod": "BD", "date": "2015-01-01", "validOn": "2018-04-10", "validTo": null, "Shape_Leng": 0.20038457574, "Shape_Area": 0.00203084545, "name": "Ward No-01" }, "geometry": { "type": "Point", "coordinates": [ 91.804817273484545, 22.34185528206951 ] } },
{ "type": "Feature", "properties": { "rand_point_id": 687, "OBJECTID": 120, "admin4Name": "Ward No-01", "admin4Pcod": "20150601", "admin4RefN": null, "admin4AltN": null, "admin4Al_1": null, "admin3Name": "Bayejid Bostami", "admin3Pcod": "201506", "admin2Name": "Chittagong", "admin2Pcod": "2015", "admin1Name": "Chittagong", "admin1Pcod": "20", "admin0Name": "Bangladesh", "admin0Pcod": "BD", "date": "2015-01-01", "validOn": "2018-04-10", "validTo": null, "Shape_Leng": 0.20038457574, "Shape_Area": 0.00203084545, "name": "Ward No-01" }, "geometry": { "type": "Point", "coordinates": [ 91.78176098435226, 22.32802850025411 ] } },
{ "type": "Feature", "properties": { "rand_point_id": 688, "OBJECTID": 120, "admin4Name": "Ward No-01", "admin4Pcod": "20150601", "admin4RefN": null, "admin4AltN": null, "admin4Al_1": null, "admin3Name": "Bayejid Bostami", "admin3Pcod": "201506", "admin2Name": "Chittagong", "admin2Pcod": "2015", "admin1Name": "Chittagong", "admin1Pcod": "20", "admin0Name": "Bangladesh", "admin0Pcod": "BD", "date": "2015-01-01", "validOn": "2018-04-10", "validTo": null, "Shape_Leng": 0.20038457574, "Shape_Area": 0.00203084545, "name": "Ward No-01" }, "geometry": { "type": "Point", "coordinates": [ 91.765463757966458, 22.308828669653394 ] } },
{ "type": "Feature", "properties": { "rand_point_id": 689, "OBJECTID": 120, "admin4Name": "Ward No-01", "admin4Pcod": "20150601", "admin4RefN": null, "admin4AltN": null, "admin4Al_1": null, "admin3Name": "Bayejid Bostami", "admin3Pcod": "201506", "admin2Name": "Chittagong", "admin2Pcod": "2015", "admin1Name": "Chittagong", "admin1Pcod": "20", "admin0Name": "Bangladesh", "admin0Pcod": "BD", "date": "2015-01-01", "validOn": "2018-04-10", "validTo": null, "Shape_Leng": 0.20038457574, "Shape_Area": 0.00203084545, "name": "Ward No-01" }, "geometry": { "type": "Point", "coordinates": [ 91.796830442670867, 22.426741838672058 ] } },
{ "type": "Feature", "properties": { "rand_point_id": 690, "OBJECTID": 120, "admin4Name": "Ward No-01", "admin4Pcod": "20150601", "admin4RefN": null, "admin4AltN": null, "admin4Al_1": null, "admin3Name": "Bayejid Bostami", "admin3Pcod": "201506", "admin2Name": "Chittagong", "admin2Pcod": "2015", "admin1Name": "Chittagong", "admin1Pcod": "20", "admin0Name": "Bangladesh", "admin0Pcod": "BD", "date": "2015-01-01", "validOn": "2018-04-10", "validTo": null, "Shape_Leng": 0.20038457574, "Shape_Area": 0.00203084545, "name": "Ward No-01" }, "geometry": { "type": "Point", "coordinates": [ 91.797379630572365, 22.368897521690116 ] } },
{ "type": "Feature", "properties": { "rand_point_id": 691, "OBJECTID": 120, "admin4Name": "Ward No-01", "admin4Pcod": "20150601", "admin4RefN": null, "admin4AltN": null, "admin4Al_1": null, "admin3Name": "Bayejid Bostami", "admin3Pcod": "201506", "admin2Name": "Chittagong", "admin2Pcod": "2015", "admin1Name": "Chittagong", "admin1Pcod": "20", "admin0Name": "Bangladesh", "admin0Pcod": "BD", "date": "2015-01-01", "validOn": "2018-04-10", "validTo": null, "Shape_Leng": 0.20038457574, "Shape_Area": 0.00203084545, "name": "Ward No-01" }, "geometry": { "type": "Point", "coordinates": [ 91.828200089013123, 22.386389390170862 ] } },
{ "type": "Feature", "properties": { "rand_point_id": 692, "OBJECTID": 120, "admin4Name": "Ward No-01", "admin4Pcod": "20150601", "admin4RefN": null, "admin4AltN": null, "admin4Al_1": null, "admin3Name": "Bayejid Bostami", "admin3Pcod": "201506", "admin2Name": "Chittagong", "admin2Pcod": "2015", "admin1Name": "Chittagong", "admin1Pcod": "20", "admin0Name": "Bangladesh", "admin0Pcod": "BD", "date": "2015-01-01", "validOn": "2018-04-10", "validTo": null, "Shape_Leng": 0.20038457574, "Shape_Area": 0.00203084545, "name": "Ward No-01" }, "geometry": { "type": "Point", "coordinates": [ 91.840632940650622, 22.346602257617594 ] } },
{ "type": "Feature", "properties": { "rand_point_id": 693, "OBJECTID": 120, "admin4Name": "Ward No-01", "admin4Pcod": "20150601", "admin4RefN": null, "admin4AltN": null, "admin4Al_1": null, "admin3Name": "Bayejid Bostami", "admin3Pcod": "201506", "admin2Name": "Chittagong", "admin2Pcod": "2015", "admin1Name": "Chittagong", "admin1Pcod": "20", "admin0Name": "Bangladesh", "admin0Pcod": "BD", "date": "2015-01-01", "validOn": "2018-04-10", "validTo": null, "Shape_Leng": 0.20038457574, "Shape_Area": 0.00203084545, "name": "Ward No-01" }, "geometry": { "type": "Point", "coordinates": [ 91.766367965985765, 22.372959782087023 ] } },
{ "type": "Feature", "properties": { "rand_point_id": 694, "OBJECTID": 120, "admin4Name": "Ward No-01", "admin4Pcod": "20150601", "admin4RefN": null, "admin4AltN": null, "admin4Al_1": null, "admin3Name": "Bayejid Bostami", "admin3Pcod": "201506", "admin2Name": "Chittagong", "admin2Pcod": "2015", "admin1Name": "Chittagong", "admin1Pcod": "20", "admin0Name": "Bangladesh", "admin0Pcod": "BD", "date": "2015-01-01", "validOn": "2018-04-10", "validTo": null, "Shape_Leng": 0.20038457574, "Shape_Area": 0.00203084545, "name": "Ward No-01" }, "geometry": { "type": "Point", "coordinates": [ 91.833625260841927, 22.338113930551586 ] } },
{ "type": "Feature", "properties": { "rand_point_id": 695, "OBJECTID": 120, "admin4Name": "Ward No-01", "admin4Pcod": "20150601", "admin4RefN": null, "admin4AltN": null, "admin4Al_1": null, "admin3Name": "Bayejid Bostami", "admin3Pcod": "201506", "admin2Name": "Chittagong", "admin2Pcod": "2015", "admin1Name": "Chittagong", "admin1Pcod": "20", "admin0Name": "Bangladesh", "admin0Pcod": "BD", "date": "2015-01-01", "validOn": "2018-04-10", "validTo": null, "Shape_Leng": 0.20038457574, "Shape_Area": 0.00203084545, "name": "Ward No-01" }, "geometry": { "type": "Point", "coordinates": [ 91.80626035433616, 22.383234011953409 ] } },
{ "type": "Feature", "properties": { "rand_point_id": 696, "OBJECTID": 120, "admin4Name": "Ward No-01", "admin4Pcod": "20150601", "admin4RefN": null, "admin4AltN": null, "admin4Al_1": null, "admin3Name": "Bayejid Bostami", "admin3Pcod": "201506", "admin2Name": "Chittagong", "admin2Pcod": "2015", "admin1Name": "Chittagong", "admin1Pcod": "20", "admin0Name": "Bangladesh", "admin0Pcod": "BD", "date": "2015-01-01", "validOn": "2018-04-10", "validTo": null, "Shape_Leng": 0.20038457574, "Shape_Area": 0.00203084545, "name": "Ward No-01" }, "geometry": { "type": "Point", "coordinates": [ 91.779286226071179, 22.36293853801477 ] } },
{ "type": "Feature", "properties": { "rand_point_id": 697, "OBJECTID": 120, "admin4Name": "Ward No-01", "admin4Pcod": "20150601", "admin4RefN": null, "admin4AltN": null, "admin4Al_1": null, "admin3Name": "Bayejid Bostami", "admin3Pcod": "201506", "admin2Name": "Chittagong", "admin2Pcod": "2015", "admin1Name": "Chittagong", "admin1Pcod": "20", "admin0Name": "Bangladesh", "admin0Pcod": "BD", "date": "2015-01-01", "validOn": "2018-04-10", "validTo": null, "Shape_Leng": 0.20038457574, "Shape_Area": 0.00203084545, "name": "Ward No-01" }, "geometry": { "type": "Point", "coordinates": [ 91.785746826668785, 22.326838214261176 ] } },
{ "type": "Feature", "properties": { "rand_point_id": 698, "OBJECTID": 120, "admin4Name": "Ward No-01", "admin4Pcod": "20150601", "admin4RefN": null, "admin4AltN": null, "admin4Al_1": null, "admin3Name": "Bayejid Bostami", "admin3Pcod": "201506", "admin2Name": "Chittagong", "admin2Pcod": "2015", "admin1Name": "Chittagong", "admin1Pcod": "20", "admin0Name": "Bangladesh", "admin0Pcod": "BD", "date": "2015-01-01", "validOn": "2018-04-10", "validTo": null, "Shape_Leng": 0.20038457574, "Shape_Area": 0.00203084545, "name": "Ward No-01" }, "geometry": { "type": "Point", "coordinates": [ 91.773312070395477, 22.330955820308649 ] } },
{ "type": "Feature", "properties": { "rand_point_id": 699, "OBJECTID": 120, "admin4Name": "Ward No-01", "admin4Pcod": "20150601", "admin4RefN": null, "admin4AltN": null, "admin4Al_1": null, "admin3Name": "Bayejid Bostami", "admin3Pcod": "201506", "admin2Name": "Chittagong", "admin2Pcod": "2015", "admin1Name": "Chittagong", "admin1Pcod": "20", "admin0Name": "Bangladesh", "admin0Pcod": "BD", "date": "2015-01-01", "validOn": "2018-04-10", "validTo": null, "Shape_Leng": 0.20038457574, "Shape_Area": 0.00203084545, "name": "Ward No-01" }, "geometry": { "type": "Point", "coordinates": [ 91.83014589097607, 22.377404316649564 ] } },
{ "type": "Feature", "properties": { "rand_point_id": 700, "OBJECTID": 120, "admin4Name": "Ward No-01", "admin4Pcod": "20150601", "admin4RefN": null, "admin4AltN": null, "admin4Al_1": null, "admin3Name": "Bayejid Bostami", "admin3Pcod": "201506", "admin2Name": "Chittagong", "admin2Pcod": "2015", "admin1Name": "Chittagong", "admin1Pcod": "20", "admin0Name": "Bangladesh", "admin0Pcod": "BD", "date": "2015-01-01", "validOn": "2018-04-10", "validTo": null, "Shape_Leng": 0.20038457574, "Shape_Area": 0.00203084545, "name": "Ward No-01" }, "geometry": { "type": "Point", "coordinates": [ 91.835380583646966, 22.407258022567888 ] } },
{ "type": "Feature", "properties": { "rand_point_id": 701, "OBJECTID": 120, "admin4Name": "Ward No-01", "admin4Pcod": "20150601", "admin4RefN": null, "admin4AltN": null, "admin4Al_1": null, "admin3Name": "Bayejid Bostami", "admin3Pcod": "201506", "admin2Name": "Chittagong", "admin2Pcod": "2015", "admin1Name": "Chittagong", "admin1Pcod": "20", "admin0Name": "Bangladesh", "admin0Pcod": "BD", "date": "2015-01-01", "validOn": "2018-04-10", "validTo": null, "Shape_Leng": 0.20038457574, "Shape_Area": 0.00203084545, "name": "Ward No-01" }, "geometry": { "type": "Point", "coordinates": [ 91.83148143567557, 22.341065219033247 ] } },
{ "type": "Feature", "properties": { "rand_point_id": 702, "OBJECTID": 120, "admin4Name": "Ward No-01", "admin4Pcod": "20150601", "admin4RefN": null, "admin4AltN": null, "admin4Al_1": null, "admin3Name": "Bayejid Bostami", "admin3Pcod": "201506", "admin2Name": "Chittagong", "admin2Pcod": "2015", "admin1Name": "Chittagong", "admin1Pcod": "20", "admin0Name": "Bangladesh", "admin0Pcod": "BD", "date": "2015-01-01", "validOn": "2018-04-10", "validTo": null, "Shape_Leng": 0.20038457574, "Shape_Area": 0.00203084545, "name": "Ward No-01" }, "geometry": { "type": "Point", "coordinates": [ 91.825349288354133, 22.389861309514323 ] } },
{ "type": "Feature", "properties": { "rand_point_id": 703, "OBJECTID": 120, "admin4Name": "Ward No-01", "admin4Pcod": "20150601", "admin4RefN": null, "admin4AltN": null, "admin4Al_1": null, "admin3Name": "Bayejid Bostami", "admin3Pcod": "201506", "admin2Name": "Chittagong", "admin2Pcod": "2015", "admin1Name": "Chittagong", "admin1Pcod": "20", "admin0Name": "Bangladesh", "admin0Pcod": "BD", "date": "2015-01-01", "validOn": "2018-04-10", "validTo": null, "Shape_Leng": 0.20038457574, "Shape_Area": 0.00203084545, "name": "Ward No-01" }, "geometry": { "type": "Point", "coordinates": [ 91.791720967553644, 22.294852949255883 ] } },
{ "type": "Feature", "properties": { "rand_point_id": 704, "OBJECTID": 120, "admin4Name": "Ward No-01", "admin4Pcod": "20150601", "admin4RefN": null, "admin4AltN": null, "admin4Al_1": null, "admin3Name": "Bayejid Bostami", "admin3Pcod": "201506", "admin2Name": "Chittagong", "admin2Pcod": "2015", "admin1Name": "Chittagong", "admin1Pcod": "20", "admin0Name": "Bangladesh", "admin0Pcod": "BD", "date": "2015-01-01", "validOn": "2018-04-10", "validTo": null, "Shape_Leng": 0.20038457574, "Shape_Area": 0.00203084545, "name": "Ward No-01" }, "geometry": { "type": "Point", "coordinates": [ 91.809576070037977, 22.419712965430094 ] } },
{ "type": "Feature", "properties": { "rand_point_id": 705, "OBJECTID": 120, "admin4Name": "Ward No-01", "admin4Pcod": "20150601", "admin4RefN": null, "admin4AltN": null, "admin4Al_1": null, "admin3Name": "Bayejid Bostami", "admin3Pcod": "201506", "admin2Name": "Chittagong", "admin2Pcod": "2015", "admin1Name": "Chittagong", "admin1Pcod": "20", "admin0Name": "Bangladesh", "admin0Pcod": "BD", "date": "2015-01-01", "validOn": "2018-04-10", "validTo": null, "Shape_Leng": 0.20038457574, "Shape_Area": 0.00203084545, "name": "Ward No-01" }, "geometry": { "type": "Point", "coordinates": [ 91.840442902807268, 22.327544785757151 ] } },
{ "type": "Feature", "properties": { "rand_point_id": 706, "OBJECTID": 120, "admin4Name": "Ward No-01", "admin4Pcod": "20150601", "admin4RefN": null, "admin4AltN": null, "admin4Al_1": null, "admin3Name": "Bayejid Bostami", "admin3Pcod": "201506", "admin2Name": "Chittagong", "admin2Pcod": "2015", "admin1Name": "Chittagong", "admin1Pcod": "20", "admin0Name": "Bangladesh", "admin0Pcod": "BD", "date": "2015-01-01", "validOn": "2018-04-10", "validTo": null, "Shape_Leng": 0.20038457574, "Shape_Area": 0.00203084545, "name": "Ward No-01" }, "geometry": { "type": "Point", "coordinates": [ 91.847904144896688, 22.355026038336415 ] } },
{ "type": "Feature", "properties": { "rand_point_id": 707, "OBJECTID": 120, "admin4Name": "Ward No-01", "admin4Pcod": "20150601", "admin4RefN": null, "admin4AltN": null, "admin4Al_1": null, "admin3Name": "Bayejid Bostami", "admin3Pcod": "201506", "admin2Name": "Chittagong", "admin2Pcod": "2015", "admin1Name": "Chittagong", "admin1Pcod": "20", "admin0Name": "Bangladesh", "admin0Pcod": "BD", "date": "2015-01-01", "validOn": "2018-04-10", "validTo": null, "Shape_Leng": 0.20038457574, "Shape_Area": 0.00203084545, "name": "Ward No-01" }, "geometry": { "type": "Point", "coordinates": [ 91.852084530522063, 22.375496609832862 ] } },
{ "type": "Feature", "properties": { "rand_point_id": 708, "OBJECTID": 120, "admin4Name": "Ward No-01", "admin4Pcod": "20150601", "admin4RefN": null, "admin4AltN": null, "admin4Al_1": null, "admin3Name": "Bayejid Bostami", "admin3Pcod": "201506", "admin2Name": "Chittagong", "admin2Pcod": "2015", "admin1Name": "Chittagong", "admin1Pcod": "20", "admin0Name": "Bangladesh", "admin0Pcod": "BD", "date": "2015-01-01", "validOn": "2018-04-10", "validTo": null, "Shape_Leng": 0.20038457574, "Shape_Area": 0.00203084545, "name": "Ward No-01" }, "geometry": { "type": "Point", "coordinates": [ 91.797921196475755, 22.36402411792611 ] } },
{ "type": "Feature", "properties": { "rand_point_id": 709, "OBJECTID": 120, "admin4Name": "Ward No-01", "admin4Pcod": "20150601", "admin4RefN": null, "admin4AltN": null, "admin4Al_1": null, "admin3Name": "Bayejid Bostami", "admin3Pcod": "201506", "admin2Name": "Chittagong", "admin2Pcod": "2015", "admin1Name": "Chittagong", "admin1Pcod": "20", "admin0Name": "Bangladesh", "admin0Pcod": "BD", "date": "2015-01-01", "validOn": "2018-04-10", "validTo": null, "Shape_Leng": 0.20038457574, "Shape_Area": 0.00203084545, "name": "Ward No-01" }, "geometry": { "type": "Point", "coordinates": [ 91.834915446144151, 22.39476108216515 ] } },
{ "type": "Feature", "properties": { "rand_point_id": 710, "OBJECTID": 120, "admin4Name": "Ward No-01", "admin4Pcod": "20150601", "admin4RefN": null, "admin4AltN": null, "admin4Al_1": null, "admin3Name": "Bayejid Bostami", "admin3Pcod": "201506", "admin2Name": "Chittagong", "admin2Pcod": "2015", "admin1Name": "Chittagong", "admin1Pcod": "20", "admin0Name": "Bangladesh", "admin0Pcod": "BD", "date": "2015-01-01", "validOn": "2018-04-10", "validTo": null, "Shape_Leng": 0.20038457574, "Shape_Area": 0.00203084545, "name": "Ward No-01" }, "geometry": { "type": "Point", "coordinates": [ 91.763254541176138, 22.354619093517677 ] } },
{ "type": "Feature", "properties": { "rand_point_id": 711, "OBJECTID": 120, "admin4Name": "Ward No-01", "admin4Pcod": "20150601", "admin4RefN": null, "admin4AltN": null, "admin4Al_1": null, "admin3Name": "Bayejid Bostami", "admin3Pcod": "201506", "admin2Name": "Chittagong", "admin2Pcod": "2015", "admin1Name": "Chittagong", "admin1Pcod": "20", "admin0Name": "Bangladesh", "admin0Pcod": "BD", "date": "2015-01-01", "validOn": "2018-04-10", "validTo": null, "Shape_Leng": 0.20038457574, "Shape_Area": 0.00203084545, "name": "Ward No-01" }, "geometry": { "type": "Point", "coordinates": [ 91.788861347407845, 22.45870538519512 ] } },
{ "type": "Feature", "properties": { "rand_point_id": 712, "OBJECTID": 120, "admin4Name": "Ward No-01", "admin4Pcod": "20150601", "admin4RefN": null, "admin4AltN": null, "admin4Al_1": null, "admin3Name": "Bayejid Bostami", "admin3Pcod": "201506", "admin2Name": "Chittagong", "admin2Pcod": "2015", "admin1Name": "Chittagong", "admin1Pcod": "20", "admin0Name": "Bangladesh", "admin0Pcod": "BD", "date": "2015-01-01", "validOn": "2018-04-10", "validTo": null, "Shape_Leng": 0.20038457574, "Shape_Area": 0.00203084545, "name": "Ward No-01" }, "geometry": { "type": "Point", "coordinates": [ 91.777113022550552, 22.354947348310283 ] } },
{ "type": "Feature", "properties": { "rand_point_id": 713, "OBJECTID": 120, "admin4Name": "Ward No-01", "admin4Pcod": "20150601", "admin4RefN": null, "admin4AltN": null, "admin4Al_1": null, "admin3Name": "Bayejid Bostami", "admin3Pcod": "201506", "admin2Name": "Chittagong", "admin2Pcod": "2015", "admin1Name": "Chittagong", "admin1Pcod": "20", "admin0Name": "Bangladesh", "admin0Pcod": "BD", "date": "2015-01-01", "validOn": "2018-04-10", "validTo": null, "Shape_Leng": 0.20038457574, "Shape_Area": 0.00203084545, "name": "Ward No-01" }, "geometry": { "type": "Point", "coordinates": [ 91.791962080490066, 22.360593308322628 ] } },
{ "type": "Feature", "properties": { "rand_point_id": 714, "OBJECTID": 120, "admin4Name": "Ward No-01", "admin4Pcod": "20150601", "admin4RefN": null, "admin4AltN": null, "admin4Al_1": null, "admin3Name": "Bayejid Bostami", "admin3Pcod": "201506", "admin2Name": "Chittagong", "admin2Pcod": "2015", "admin1Name": "Chittagong", "admin1Pcod": "20", "admin0Name": "Bangladesh", "admin0Pcod": "BD", "date": "2015-01-01", "validOn": "2018-04-10", "validTo": null, "Shape_Leng": 0.20038457574, "Shape_Area": 0.00203084545, "name": "Ward No-01" }, "geometry": { "type": "Point", "coordinates": [ 91.767112854811671, 22.364776214452114 ] } },
{ "type": "Feature", "properties": { "rand_point_id": 715, "OBJECTID": 120, "admin4Name": "Ward No-01", "admin4Pcod": "20150601", "admin4RefN": null, "admin4AltN": null, "admin4Al_1": null, "admin3Name": "Bayejid Bostami", "admin3Pcod": "201506", "admin2Name": "Chittagong", "admin2Pcod": "2015", "admin1Name": "Chittagong", "admin1Pcod": "20", "admin0Name": "Bangladesh", "admin0Pcod": "BD", "date": "2015-01-01", "validOn": "2018-04-10", "validTo": null, "Shape_Leng": 0.20038457574, "Shape_Area": 0.00203084545, "name": "Ward No-01" }, "geometry": { "type": "Point", "coordinates": [ 91.765421443409949, 22.279902330447619 ] } },
{ "type": "Feature", "properties": { "rand_point_id": 716, "OBJECTID": 120, "admin4Name": "Ward No-01", "admin4Pcod": "20150601", "admin4RefN": null, "admin4AltN": null, "admin4Al_1": null, "admin3Name": "Bayejid Bostami", "admin3Pcod": "201506", "admin2Name": "Chittagong", "admin2Pcod": "2015", "admin1Name": "Chittagong", "admin1Pcod": "20", "admin0Name": "Bangladesh", "admin0Pcod": "BD", "date": "2015-01-01", "validOn": "2018-04-10", "validTo": null, "Shape_Leng": 0.20038457574, "Shape_Area": 0.00203084545, "name": "Ward No-01" }, "geometry": { "type": "Point", "coordinates": [ 91.793869698879675, 22.254398758450158 ] } },
{ "type": "Feature", "properties": { "rand_point_id": 717, "OBJECTID": 120, "admin4Name": "Ward No-01", "admin4Pcod": "20150601", "admin4RefN": null, "admin4AltN": null, "admin4Al_1": null, "admin3Name": "Bayejid Bostami", "admin3Pcod": "201506", "admin2Name": "Chittagong", "admin2Pcod": "2015", "admin1Name": "Chittagong", "admin1Pcod": "20", "admin0Name": "Bangladesh", "admin0Pcod": "BD", "date": "2015-01-01", "validOn": "2018-04-10", "validTo": null, "Shape_Leng": 0.20038457574, "Shape_Area": 0.00203084545, "name": "Ward No-01" }, "geometry": { "type": "Point", "coordinates": [ 91.782226547994995, 22.433136294829122 ] } },
{ "type": "Feature", "properties": { "rand_point_id": 718, "OBJECTID": 120, "admin4Name": "Ward No-01", "admin4Pcod": "20150601", "admin4RefN": null, "admin4AltN": null, "admin4Al_1": null, "admin3Name": "Bayejid Bostami", "admin3Pcod": "201506", "admin2Name": "Chittagong", "admin2Pcod": "2015", "admin1Name": "Chittagong", "admin1Pcod": "20", "admin0Name": "Bangladesh", "admin0Pcod": "BD", "date": "2015-01-01", "validOn": "2018-04-10", "validTo": null, "Shape_Leng": 0.20038457574, "Shape_Area": 0.00203084545, "name": "Ward No-01" }, "geometry": { "type": "Point", "coordinates": [ 91.837185121465438, 22.378362143445152 ] } },
{ "type": "Feature", "properties": { "rand_point_id": 719, "OBJECTID": 120, "admin4Name": "Ward No-01", "admin4Pcod": "20150601", "admin4RefN": null, "admin4AltN": null, "admin4Al_1": null, "admin3Name": "Bayejid Bostami", "admin3Pcod": "201506", "admin2Name": "Chittagong", "admin2Pcod": "2015", "admin1Name": "Chittagong", "admin1Pcod": "20", "admin0Name": "Bangladesh", "admin0Pcod": "BD", "date": "2015-01-01", "validOn": "2018-04-10", "validTo": null, "Shape_Leng": 0.20038457574, "Shape_Area": 0.00203084545, "name": "Ward No-01" }, "geometry": { "type": "Point", "coordinates": [ 91.774036319391882, 22.273718533437602 ] } },
{ "type": "Feature", "properties": { "rand_point_id": 720, "OBJECTID": 120, "admin4Name": "Ward No-01", "admin4Pcod": "20150601", "admin4RefN": null, "admin4AltN": null, "admin4Al_1": null, "admin3Name": "Bayejid Bostami", "admin3Pcod": "201506", "admin2Name": "Chittagong", "admin2Pcod": "2015", "admin1Name": "Chittagong", "admin1Pcod": "20", "admin0Name": "Bangladesh", "admin0Pcod": "BD", "date": "2015-01-01", "validOn": "2018-04-10", "validTo": null, "Shape_Leng": 0.20038457574, "Shape_Area": 0.00203084545, "name": "Ward No-01" }, "geometry": { "type": "Point", "coordinates": [ 91.792947293050474, 22.312090218781261 ] } },
{ "type": "Feature", "properties": { "rand_point_id": 721, "OBJECTID": 120, "admin4Name": "Ward No-01", "admin4Pcod": "20150601", "admin4RefN": null, "admin4AltN": null, "admin4Al_1": null, "admin3Name": "Bayejid Bostami", "admin3Pcod": "201506", "admin2Name": "Chittagong", "admin2Pcod": "2015", "admin1Name": "Chittagong", "admin1Pcod": "20", "admin0Name": "Bangladesh", "admin0Pcod": "BD", "date": "2015-01-01", "validOn": "2018-04-10", "validTo": null, "Shape_Leng": 0.20038457574, "Shape_Area": 0.00203084545, "name": "Ward No-01" }, "geometry": { "type": "Point", "coordinates": [ 91.808424892010819, 22.444281056669659 ] } },
{ "type": "Feature", "properties": { "rand_point_id": 722, "OBJECTID": 120, "admin4Name": "Ward No-01", "admin4Pcod": "20150601", "admin4RefN": null, "admin4AltN": null, "admin4Al_1": null, "admin3Name": "Bayejid Bostami", "admin3Pcod": "201506", "admin2Name": "Chittagong", "admin2Pcod": "2015", "admin1Name": "Chittagong", "admin1Pcod": "20", "admin0Name": "Bangladesh", "admin0Pcod": "BD", "date": "2015-01-01", "validOn": "2018-04-10", "validTo": null, "Shape_Leng": 0.20038457574, "Shape_Area": 0.00203084545, "name": "Ward No-01" }, "geometry": { "type": "Point", "coordinates": [ 91.831639140717712, 22.356286234050824 ] } },
{ "type": "Feature", "properties": { "rand_point_id": 723, "OBJECTID": 120, "admin4Name": "Ward No-01", "admin4Pcod": "20150601", "admin4RefN": null, "admin4AltN": null, "admin4Al_1": null, "admin3Name": "Bayejid Bostami", "admin3Pcod": "201506", "admin2Name": "Chittagong", "admin2Pcod": "2015", "admin1Name": "Chittagong", "admin1Pcod": "20", "admin0Name": "Bangladesh", "admin0Pcod": "BD", "date": "2015-01-01", "validOn": "2018-04-10", "validTo": null, "Shape_Leng": 0.20038457574, "Shape_Area": 0.00203084545, "name": "Ward No-01" }, "geometry": { "type": "Point", "coordinates": [ 91.793099448649585, 22.431097436321455 ] } },
{ "type": "Feature", "properties": { "rand_point_id": 724, "OBJECTID": 120, "admin4Name": "Ward No-01", "admin4Pcod": "20150601", "admin4RefN": null, "admin4AltN": null, "admin4Al_1": null, "admin3Name": "Bayejid Bostami", "admin3Pcod": "201506", "admin2Name": "Chittagong", "admin2Pcod": "2015", "admin1Name": "Chittagong", "admin1Pcod": "20", "admin0Name": "Bangladesh", "admin0Pcod": "BD", "date": "2015-01-01", "validOn": "2018-04-10", "validTo": null, "Shape_Leng": 0.20038457574, "Shape_Area": 0.00203084545, "name": "Ward No-01" }, "geometry": { "type": "Point", "coordinates": [ 91.775174957336503, 22.370988028800397 ] } },
{ "type": "Feature", "properties": { "rand_point_id": 725, "OBJECTID": 120, "admin4Name": "Ward No-01", "admin4Pcod": "20150601", "admin4RefN": null, "admin4AltN": null, "admin4Al_1": null, "admin3Name": "Bayejid Bostami", "admin3Pcod": "201506", "admin2Name": "Chittagong", "admin2Pcod": "2015", "admin1Name": "Chittagong", "admin1Pcod": "20", "admin0Name": "Bangladesh", "admin0Pcod": "BD", "date": "2015-01-01", "validOn": "2018-04-10", "validTo": null, "Shape_Leng": 0.20038457574, "Shape_Area": 0.00203084545, "name": "Ward No-01" }, "geometry": { "type": "Point", "coordinates": [ 91.794444422372294, 22.4293377130452 ] } },
{ "type": "Feature", "properties": { "rand_point_id": 726, "OBJECTID": 120, "admin4Name": "Ward No-01", "admin4Pcod": "20150601", "admin4RefN": null, "admin4AltN": null, "admin4Al_1": null, "admin3Name": "Bayejid Bostami", "admin3Pcod": "201506", "admin2Name": "Chittagong", "admin2Pcod": "2015", "admin1Name": "Chittagong", "admin1Pcod": "20", "admin0Name": "Bangladesh", "admin0Pcod": "BD", "date": "2015-01-01", "validOn": "2018-04-10", "validTo": null, "Shape_Leng": 0.20038457574, "Shape_Area": 0.00203084545, "name": "Ward No-01" }, "geometry": { "type": "Point", "coordinates": [ 91.783927605692483, 22.356858028397774 ] } },
{ "type": "Feature", "properties": { "rand_point_id": 727, "OBJECTID": 120, "admin4Name": "Ward No-01", "admin4Pcod": "20150601", "admin4RefN": null, "admin4AltN": null, "admin4Al_1": null, "admin3Name": "Bayejid Bostami", "admin3Pcod": "201506", "admin2Name": "Chittagong", "admin2Pcod": "2015", "admin1Name": "Chittagong", "admin1Pcod": "20", "admin0Name": "Bangladesh", "admin0Pcod": "BD", "date": "2015-01-01", "validOn": "2018-04-10", "validTo": null, "Shape_Leng": 0.20038457574, "Shape_Area": 0.00203084545, "name": "Ward No-01" }, "geometry": { "type": "Point", "coordinates": [ 91.779016849920438, 22.32823088097819 ] } },
{ "type": "Feature", "properties": { "rand_point_id": 728, "OBJECTID": 120, "admin4Name": "Ward No-01", "admin4Pcod": "20150601", "admin4RefN": null, "admin4AltN": null, "admin4Al_1": null, "admin3Name": "Bayejid Bostami", "admin3Pcod": "201506", "admin2Name": "Chittagong", "admin2Pcod": "2015", "admin1Name": "Chittagong", "admin1Pcod": "20", "admin0Name": "Bangladesh", "admin0Pcod": "BD", "date": "2015-01-01", "validOn": "2018-04-10", "validTo": null, "Shape_Leng": 0.20038457574, "Shape_Area": 0.00203084545, "name": "Ward No-01" }, "geometry": { "type": "Point", "coordinates": [ 91.762846032907902, 22.35647483865673 ] } },
{ "type": "Feature", "properties": { "rand_point_id": 729, "OBJECTID": 120, "admin4Name": "Ward No-01", "admin4Pcod": "20150601", "admin4RefN": null, "admin4AltN": null, "admin4Al_1": null, "admin3Name": "Bayejid Bostami", "admin3Pcod": "201506", "admin2Name": "Chittagong", "admin2Pcod": "2015", "admin1Name": "Chittagong", "admin1Pcod": "20", "admin0Name": "Bangladesh", "admin0Pcod": "BD", "date": "2015-01-01", "validOn": "2018-04-10", "validTo": null, "Shape_Leng": 0.20038457574, "Shape_Area": 0.00203084545, "name": "Ward No-01" }, "geometry": { "type": "Point", "coordinates": [ 91.856124420251845, 22.370732846322369 ] } },
{ "type": "Feature", "properties": { "rand_point_id": 730, "OBJECTID": 120, "admin4Name": "Ward No-01", "admin4Pcod": "20150601", "admin4RefN": null, "admin4AltN": null, "admin4Al_1": null, "admin3Name": "Bayejid Bostami", "admin3Pcod": "201506", "admin2Name": "Chittagong", "admin2Pcod": "2015", "admin1Name": "Chittagong", "admin1Pcod": "20", "admin0Name": "Bangladesh", "admin0Pcod": "BD", "date": "2015-01-01", "validOn": "2018-04-10", "validTo": null, "Shape_Leng": 0.20038457574, "Shape_Area": 0.00203084545, "name": "Ward No-01" }, "geometry": { "type": "Point", "coordinates": [ 91.805395056808237, 22.271593894809893 ] } },
{ "type": "Feature", "properties": { "rand_point_id": 731, "OBJECTID": 120, "admin4Name": "Ward No-01", "admin4Pcod": "20150601", "admin4RefN": null, "admin4AltN": null, "admin4Al_1": null, "admin3Name": "Bayejid Bostami", "admin3Pcod": "201506", "admin2Name": "Chittagong", "admin2Pcod": "2015", "admin1Name": "Chittagong", "admin1Pcod": "20", "admin0Name": "Bangladesh", "admin0Pcod": "BD", "date": "2015-01-01", "validOn": "2018-04-10", "validTo": null, "Shape_Leng": 0.20038457574, "Shape_Area": 0.00203084545, "name": "Ward No-01" }, "geometry": { "type": "Point", "coordinates": [ 91.865422558771527, 22.388321205789392 ] } },
{ "type": "Feature", "properties": { "rand_point_id": 732, "OBJECTID": 120, "admin4Name": "Ward No-01", "admin4Pcod": "20150601", "admin4RefN": null, "admin4AltN": null, "admin4Al_1": null, "admin3Name": "Bayejid Bostami", "admin3Pcod": "201506", "admin2Name": "Chittagong", "admin2Pcod": "2015", "admin1Name": "Chittagong", "admin1Pcod": "20", "admin0Name": "Bangladesh", "admin0Pcod": "BD", "date": "2015-01-01", "validOn": "2018-04-10", "validTo": null, "Shape_Leng": 0.20038457574, "Shape_Area": 0.00203084545, "name": "Ward No-01" }, "geometry": { "type": "Point", "coordinates": [ 91.821400506957019, 22.349401886363925 ] } },
{ "type": "Feature", "properties": { "rand_point_id": 733, "OBJECTID": 120, "admin4Name": "Ward No-01", "admin4Pcod": "20150601", "admin4RefN": null, "admin4AltN": null, "admin4Al_1": null, "admin3Name": "Bayejid Bostami", "admin3Pcod": "201506", "admin2Name": "Chittagong", "admin2Pcod": "2015", "admin1Name": "Chittagong", "admin1Pcod": "20", "admin0Name": "Bangladesh", "admin0Pcod": "BD", "date": "2015-01-01", "validOn": "2018-04-10", "validTo": null, "Shape_Leng": 0.20038457574, "Shape_Area": 0.00203084545, "name": "Ward No-01" }, "geometry": { "type": "Point", "coordinates": [ 91.779880640773683, 22.276719435848538 ] } },
{ "type": "Feature", "properties": { "rand_point_id": 734, "OBJECTID": 120, "admin4Name": "Ward No-01", "admin4Pcod": "20150601", "admin4RefN": null, "admin4AltN": null, "admin4Al_1": null, "admin3Name": "Bayejid Bostami", "admin3Pcod": "201506", "admin2Name": "Chittagong", "admin2Pcod": "2015", "admin1Name": "Chittagong", "admin1Pcod": "20", "admin0Name": "Bangladesh", "admin0Pcod": "BD", "date": "2015-01-01", "validOn": "2018-04-10", "validTo": null, "Shape_Leng": 0.20038457574, "Shape_Area": 0.00203084545, "name": "Ward No-01" }, "geometry": { "type": "Point", "coordinates": [ 91.820777341300939, 22.338174202390334 ] } },
{ "type": "Feature", "properties": { "rand_point_id": 735, "OBJECTID": 120, "admin4Name": "Ward No-01", "admin4Pcod": "20150601", "admin4RefN": null, "admin4AltN": null, "admin4Al_1": null, "admin3Name": "Bayejid Bostami", "admin3Pcod": "201506", "admin2Name": "Chittagong", "admin2Pcod": "2015", "admin1Name": "Chittagong", "admin1Pcod": "20", "admin0Name": "Bangladesh", "admin0Pcod": "BD", "date": "2015-01-01", "validOn": "2018-04-10", "validTo": null, "Shape_Leng": 0.20038457574, "Shape_Area": 0.00203084545, "name": "Ward No-01" }, "geometry": { "type": "Point", "coordinates": [ 91.782841697913284, 22.249709923453516 ] } },
{ "type": "Feature", "properties": { "rand_point_id": 736, "OBJECTID": 120, "admin4Name": "Ward No-01", "admin4Pcod": "20150601", "admin4RefN": null, "admin4AltN": null, "admin4Al_1": null, "admin3Name": "Bayejid Bostami", "admin3Pcod": "201506", "admin2Name": "Chittagong", "admin2Pcod": "2015", "admin1Name": "Chittagong", "admin1Pcod": "20", "admin0Name": "Bangladesh", "admin0Pcod": "BD", "date": "2015-01-01", "validOn": "2018-04-10", "validTo": null, "Shape_Leng": 0.20038457574, "Shape_Area": 0.00203084545, "name": "Ward No-01" }, "geometry": { "type": "Point", "coordinates": [ 91.82269354480016, 22.249930664117699 ] } },
{ "type": "Feature", "properties": { "rand_point_id": 737, "OBJECTID": 120, "admin4Name": "Ward No-01", "admin4Pcod": "20150601", "admin4RefN": null, "admin4AltN": null, "admin4Al_1": null, "admin3Name": "Bayejid Bostami", "admin3Pcod": "201506", "admin2Name": "Chittagong", "admin2Pcod": "2015", "admin1Name": "Chittagong", "admin1Pcod": "20", "admin0Name": "Bangladesh", "admin0Pcod": "BD", "date": "2015-01-01", "validOn": "2018-04-10", "validTo": null, "Shape_Leng": 0.20038457574, "Shape_Area": 0.00203084545, "name": "Ward No-01" }, "geometry": { "type": "Point", "coordinates": [ 91.837950027921025, 22.35220422742508 ] } },
{ "type": "Feature", "properties": { "rand_point_id": 738, "OBJECTID": 120, "admin4Name": "Ward No-01", "admin4Pcod": "20150601", "admin4RefN": null, "admin4AltN": null, "admin4Al_1": null, "admin3Name": "Bayejid Bostami", "admin3Pcod": "201506", "admin2Name": "Chittagong", "admin2Pcod": "2015", "admin1Name": "Chittagong", "admin1Pcod": "20", "admin0Name": "Bangladesh", "admin0Pcod": "BD", "date": "2015-01-01", "validOn": "2018-04-10", "validTo": null, "Shape_Leng": 0.20038457574, "Shape_Area": 0.00203084545, "name": "Ward No-01" }, "geometry": { "type": "Point", "coordinates": [ 91.807054048302575, 22.347832079500861 ] } },
{ "type": "Feature", "properties": { "rand_point_id": 739, "OBJECTID": 120, "admin4Name": "Ward No-01", "admin4Pcod": "20150601", "admin4RefN": null, "admin4AltN": null, "admin4Al_1": null, "admin3Name": "Bayejid Bostami", "admin3Pcod": "201506", "admin2Name": "Chittagong", "admin2Pcod": "2015", "admin1Name": "Chittagong", "admin1Pcod": "20", "admin0Name": "Bangladesh", "admin0Pcod": "BD", "date": "2015-01-01", "validOn": "2018-04-10", "validTo": null, "Shape_Leng": 0.20038457574, "Shape_Area": 0.00203084545, "name": "Ward No-01" }, "geometry": { "type": "Point", "coordinates": [ 91.785674276527757, 22.359537870383992 ] } },
{ "type": "Feature", "properties": { "rand_point_id": 740, "OBJECTID": 120, "admin4Name": "Ward No-01", "admin4Pcod": "20150601", "admin4RefN": null, "admin4AltN": null, "admin4Al_1": null, "admin3Name": "Bayejid Bostami", "admin3Pcod": "201506", "admin2Name": "Chittagong", "admin2Pcod": "2015", "admin1Name": "Chittagong", "admin1Pcod": "20", "admin0Name": "Bangladesh", "admin0Pcod": "BD", "date": "2015-01-01", "validOn": "2018-04-10", "validTo": null, "Shape_Leng": 0.20038457574, "Shape_Area": 0.00203084545, "name": "Ward No-01" }, "geometry": { "type": "Point", "coordinates": [ 91.769812263967395, 22.363252138334758 ] } },
{ "type": "Feature", "properties": { "rand_point_id": 741, "OBJECTID": 120, "admin4Name": "Ward No-01", "admin4Pcod": "20150601", "admin4RefN": null, "admin4AltN": null, "admin4Al_1": null, "admin3Name": "Bayejid Bostami", "admin3Pcod": "201506", "admin2Name": "Chittagong", "admin2Pcod": "2015", "admin1Name": "Chittagong", "admin1Pcod": "20", "admin0Name": "Bangladesh", "admin0Pcod": "BD", "date": "2015-01-01", "validOn": "2018-04-10", "validTo": null, "Shape_Leng": 0.20038457574, "Shape_Area": 0.00203084545, "name": "Ward No-01" }, "geometry": { "type": "Point", "coordinates": [ 91.823240968381683, 22.387427125419975 ] } },
{ "type": "Feature", "properties": { "rand_point_id": 742, "OBJECTID": 120, "admin4Name": "Ward No-01", "admin4Pcod": "20150601", "admin4RefN": null, "admin4AltN": null, "admin4Al_1": null, "admin3Name": "Bayejid Bostami", "admin3Pcod": "201506", "admin2Name": "Chittagong", "admin2Pcod": "2015", "admin1Name": "Chittagong", "admin1Pcod": "20", "admin0Name": "Bangladesh", "admin0Pcod": "BD", "date": "2015-01-01", "validOn": "2018-04-10", "validTo": null, "Shape_Leng": 0.20038457574, "Shape_Area": 0.00203084545, "name": "Ward No-01" }, "geometry": { "type": "Point", "coordinates": [ 91.801071648999724, 22.413443066000465 ] } },
{ "type": "Feature", "properties": { "rand_point_id": 743, "OBJECTID": 120, "admin4Name": "Ward No-01", "admin4Pcod": "20150601", "admin4RefN": null, "admin4AltN": null, "admin4Al_1": null, "admin3Name": "Bayejid Bostami", "admin3Pcod": "201506", "admin2Name": "Chittagong", "admin2Pcod": "2015", "admin1Name": "Chittagong", "admin1Pcod": "20", "admin0Name": "Bangladesh", "admin0Pcod": "BD", "date": "2015-01-01", "validOn": "2018-04-10", "validTo": null, "Shape_Leng": 0.20038457574, "Shape_Area": 0.00203084545, "name": "Ward No-01" }, "geometry": { "type": "Point", "coordinates": [ 91.84889024298495, 22.395503670085134 ] } },
{ "type": "Feature", "properties": { "rand_point_id": 744, "OBJECTID": 120, "admin4Name": "Ward No-01", "admin4Pcod": "20150601", "admin4RefN": null, "admin4AltN": null, "admin4Al_1": null, "admin3Name": "Bayejid Bostami", "admin3Pcod": "201506", "admin2Name": "Chittagong", "admin2Pcod": "2015", "admin1Name": "Chittagong", "admin1Pcod": "20", "admin0Name": "Bangladesh", "admin0Pcod": "BD", "date": "2015-01-01", "validOn": "2018-04-10", "validTo": null, "Shape_Leng": 0.20038457574, "Shape_Area": 0.00203084545, "name": "Ward No-01" }, "geometry": { "type": "Point", "coordinates": [ 91.869661291811298, 22.387011469270401 ] } },
{ "type": "Feature", "properties": { "rand_point_id": 745, "OBJECTID": 120, "admin4Name": "Ward No-01", "admin4Pcod": "20150601", "admin4RefN": null, "admin4AltN": null, "admin4Al_1": null, "admin3Name": "Bayejid Bostami", "admin3Pcod": "201506", "admin2Name": "Chittagong", "admin2Pcod": "2015", "admin1Name": "Chittagong", "admin1Pcod": "20", "admin0Name": "Bangladesh", "admin0Pcod": "BD", "date": "2015-01-01", "validOn": "2018-04-10", "validTo": null, "Shape_Leng": 0.20038457574, "Shape_Area": 0.00203084545, "name": "Ward No-01" }, "geometry": { "type": "Point", "coordinates": [ 91.81199593864784, 22.351157055258106 ] } },
{ "type": "Feature", "properties": { "rand_point_id": 746, "OBJECTID": 120, "admin4Name": "Ward No-01", "admin4Pcod": "20150601", "admin4RefN": null, "admin4AltN": null, "admin4Al_1": null, "admin3Name": "Bayejid Bostami", "admin3Pcod": "201506", "admin2Name": "Chittagong", "admin2Pcod": "2015", "admin1Name": "Chittagong", "admin1Pcod": "20", "admin0Name": "Bangladesh", "admin0Pcod": "BD", "date": "2015-01-01", "validOn": "2018-04-10", "validTo": null, "Shape_Leng": 0.20038457574, "Shape_Area": 0.00203084545, "name": "Ward No-01" }, "geometry": { "type": "Point", "coordinates": [ 91.7847693168315, 22.416304886564998 ] } },
{ "type": "Feature", "properties": { "rand_point_id": 747, "OBJECTID": 120, "admin4Name": "Ward No-01", "admin4Pcod": "20150601", "admin4RefN": null, "admin4AltN": null, "admin4Al_1": null, "admin3Name": "Bayejid Bostami", "admin3Pcod": "201506", "admin2Name": "Chittagong", "admin2Pcod": "2015", "admin1Name": "Chittagong", "admin1Pcod": "20", "admin0Name": "Bangladesh", "admin0Pcod": "BD", "date": "2015-01-01", "validOn": "2018-04-10", "validTo": null, "Shape_Leng": 0.20038457574, "Shape_Area": 0.00203084545, "name": "Ward No-01" }, "geometry": { "type": "Point", "coordinates": [ 91.811838068409799, 22.42420561365839 ] } },
{ "type": "Feature", "properties": { "rand_point_id": 748, "OBJECTID": 120, "admin4Name": "Ward No-01", "admin4Pcod": "20150601", "admin4RefN": null, "admin4AltN": null, "admin4Al_1": null, "admin3Name": "Bayejid Bostami", "admin3Pcod": "201506", "admin2Name": "Chittagong", "admin2Pcod": "2015", "admin1Name": "Chittagong", "admin1Pcod": "20", "admin0Name": "Bangladesh", "admin0Pcod": "BD", "date": "2015-01-01", "validOn": "2018-04-10", "validTo": null, "Shape_Leng": 0.20038457574, "Shape_Area": 0.00203084545, "name": "Ward No-01" }, "geometry": { "type": "Point", "coordinates": [ 91.800931584909293, 22.341007153717548 ] } },
{ "type": "Feature", "properties": { "rand_point_id": 749, "OBJECTID": 120, "admin4Name": "Ward No-01", "admin4Pcod": "20150601", "admin4RefN": null, "admin4AltN": null, "admin4Al_1": null, "admin3Name": "Bayejid Bostami", "admin3Pcod": "201506", "admin2Name": "Chittagong", "admin2Pcod": "2015", "admin1Name": "Chittagong", "admin1Pcod": "20", "admin0Name": "Bangladesh", "admin0Pcod": "BD", "date": "2015-01-01", "validOn": "2018-04-10", "validTo": null, "Shape_Leng": 0.20038457574, "Shape_Area": 0.00203084545, "name": "Ward No-01" }, "geometry": { "type": "Point", "coordinates": [ 91.794223325464642, 22.403217349557085 ] } },
{ "type": "Feature", "properties": { "rand_point_id": 750, "OBJECTID": 120, "admin4Name": "Ward No-01", "admin4Pcod": "20150601", "admin4RefN": null, "admin4AltN": null, "admin4Al_1": null, "admin3Name": "Bayejid Bostami", "admin3Pcod": "201506", "admin2Name": "Chittagong", "admin2Pcod": "2015", "admin1Name": "Chittagong", "admin1Pcod": "20", "admin0Name": "Bangladesh", "admin0Pcod": "BD", "date": "2015-01-01", "validOn": "2018-04-10", "validTo": null, "Shape_Leng": 0.20038457574, "Shape_Area": 0.00203084545, "name": "Ward No-01" }, "geometry": { "type": "Point", "coordinates": [ 91.795762165972533, 22.407316213248301 ] } },
{ "type": "Feature", "properties": { "rand_point_id": 751, "OBJECTID": 120, "admin4Name": "Ward No-01", "admin4Pcod": "20150601", "admin4RefN": null, "admin4AltN": null, "admin4Al_1": null, "admin3Name": "Bayejid Bostami", "admin3Pcod": "201506", "admin2Name": "Chittagong", "admin2Pcod": "2015", "admin1Name": "Chittagong", "admin1Pcod": "20", "admin0Name": "Bangladesh", "admin0Pcod": "BD", "date": "2015-01-01", "validOn": "2018-04-10", "validTo": null, "Shape_Leng": 0.20038457574, "Shape_Area": 0.00203084545, "name": "Ward No-01" }, "geometry": { "type": "Point", "coordinates": [ 91.788293658603564, 22.251531970093936 ] } },
{ "type": "Feature", "properties": { "rand_point_id": 752, "OBJECTID": 120, "admin4Name": "Ward No-01", "admin4Pcod": "20150601", "admin4RefN": null, "admin4AltN": null, "admin4Al_1": null, "admin3Name": "Bayejid Bostami", "admin3Pcod": "201506", "admin2Name": "Chittagong", "admin2Pcod": "2015", "admin1Name": "Chittagong", "admin1Pcod": "20", "admin0Name": "Bangladesh", "admin0Pcod": "BD", "date": "2015-01-01", "validOn": "2018-04-10", "validTo": null, "Shape_Leng": 0.20038457574, "Shape_Area": 0.00203084545, "name": "Ward No-01" }, "geometry": { "type": "Point", "coordinates": [ 91.803955170012586, 22.239603999101433 ] } },
{ "type": "Feature", "properties": { "rand_point_id": 753, "OBJECTID": 120, "admin4Name": "Ward No-01", "admin4Pcod": "20150601", "admin4RefN": null, "admin4AltN": null, "admin4Al_1": null, "admin3Name": "Bayejid Bostami", "admin3Pcod": "201506", "admin2Name": "Chittagong", "admin2Pcod": "2015", "admin1Name": "Chittagong", "admin1Pcod": "20", "admin0Name": "Bangladesh", "admin0Pcod": "BD", "date": "2015-01-01", "validOn": "2018-04-10", "validTo": null, "Shape_Leng": 0.20038457574, "Shape_Area": 0.00203084545, "name": "Ward No-01" }, "geometry": { "type": "Point", "coordinates": [ 91.780017304148672, 22.367910406158057 ] } },
{ "type": "Feature", "properties": { "rand_point_id": 754, "OBJECTID": 120, "admin4Name": "Ward No-01", "admin4Pcod": "20150601", "admin4RefN": null, "admin4AltN": null, "admin4Al_1": null, "admin3Name": "Bayejid Bostami", "admin3Pcod": "201506", "admin2Name": "Chittagong", "admin2Pcod": "2015", "admin1Name": "Chittagong", "admin1Pcod": "20", "admin0Name": "Bangladesh", "admin0Pcod": "BD", "date": "2015-01-01", "validOn": "2018-04-10", "validTo": null, "Shape_Leng": 0.20038457574, "Shape_Area": 0.00203084545, "name": "Ward No-01" }, "geometry": { "type": "Point", "coordinates": [ 91.830926983061659, 22.364525940380062 ] } },
{ "type": "Feature", "properties": { "rand_point_id": 755, "OBJECTID": 120, "admin4Name": "Ward No-01", "admin4Pcod": "20150601", "admin4RefN": null, "admin4AltN": null, "admin4Al_1": null, "admin3Name": "Bayejid Bostami", "admin3Pcod": "201506", "admin2Name": "Chittagong", "admin2Pcod": "2015", "admin1Name": "Chittagong", "admin1Pcod": "20", "admin0Name": "Bangladesh", "admin0Pcod": "BD", "date": "2015-01-01", "validOn": "2018-04-10", "validTo": null, "Shape_Leng": 0.20038457574, "Shape_Area": 0.00203084545, "name": "Ward No-01" }, "geometry": { "type": "Point", "coordinates": [ 91.805533799750265, 22.403087189425396 ] } },
{ "type": "Feature", "properties": { "rand_point_id": 756, "OBJECTID": 120, "admin4Name": "Ward No-01", "admin4Pcod": "20150601", "admin4RefN": null, "admin4AltN": null, "admin4Al_1": null, "admin3Name": "Bayejid Bostami", "admin3Pcod": "201506", "admin2Name": "Chittagong", "admin2Pcod": "2015", "admin1Name": "Chittagong", "admin1Pcod": "20", "admin0Name": "Bangladesh", "admin0Pcod": "BD", "date": "2015-01-01", "validOn": "2018-04-10", "validTo": null, "Shape_Leng": 0.20038457574, "Shape_Area": 0.00203084545, "name": "Ward No-01" }, "geometry": { "type": "Point", "coordinates": [ 91.773315951619566, 22.359788027252467 ] } },
{ "type": "Feature", "properties": { "rand_point_id": 757, "OBJECTID": 120, "admin4Name": "Ward No-01", "admin4Pcod": "20150601", "admin4RefN": null, "admin4AltN": null, "admin4Al_1": null, "admin3Name": "Bayejid Bostami", "admin3Pcod": "201506", "admin2Name": "Chittagong", "admin2Pcod": "2015", "admin1Name": "Chittagong", "admin1Pcod": "20", "admin0Name": "Bangladesh", "admin0Pcod": "BD", "date": "2015-01-01", "validOn": "2018-04-10", "validTo": null, "Shape_Leng": 0.20038457574, "Shape_Area": 0.00203084545, "name": "Ward No-01" }, "geometry": { "type": "Point", "coordinates": [ 91.855010058299868, 22.338119087246337 ] } },
{ "type": "Feature", "properties": { "rand_point_id": 758, "OBJECTID": 120, "admin4Name": "Ward No-01", "admin4Pcod": "20150601", "admin4RefN": null, "admin4AltN": null, "admin4Al_1": null, "admin3Name": "Bayejid Bostami", "admin3Pcod": "201506", "admin2Name": "Chittagong", "admin2Pcod": "2015", "admin1Name": "Chittagong", "admin1Pcod": "20", "admin0Name": "Bangladesh", "admin0Pcod": "BD", "date": "2015-01-01", "validOn": "2018-04-10", "validTo": null, "Shape_Leng": 0.20038457574, "Shape_Area": 0.00203084545, "name": "Ward No-01" }, "geometry": { "type": "Point", "coordinates": [ 91.856434601542176, 22.372008567170901 ] } },
{ "type": "Feature", "properties": { "rand_point_id": 759, "OBJECTID": 120, "admin4Name": "Ward No-01", "admin4Pcod": "20150601", "admin4RefN": null, "admin4AltN": null, "admin4Al_1": null, "admin3Name": "Bayejid Bostami", "admin3Pcod": "201506", "admin2Name": "Chittagong", "admin2Pcod": "2015", "admin1Name": "Chittagong", "admin1Pcod": "20", "admin0Name": "Bangladesh", "admin0Pcod": "BD", "date": "2015-01-01", "validOn": "2018-04-10", "validTo": null, "Shape_Leng": 0.20038457574, "Shape_Area": 0.00203084545, "name": "Ward No-01" }, "geometry": { "type": "Point", "coordinates": [ 91.837401990736211, 22.381665932261644 ] } },
{ "type": "Feature", "properties": { "rand_point_id": 760, "OBJECTID": 120, "admin4Name": "Ward No-01", "admin4Pcod": "20150601", "admin4RefN": null, "admin4AltN": null, "admin4Al_1": null, "admin3Name": "Bayejid Bostami", "admin3Pcod": "201506", "admin2Name": "Chittagong", "admin2Pcod": "2015", "admin1Name": "Chittagong", "admin1Pcod": "20", "admin0Name": "Bangladesh", "admin0Pcod": "BD", "date": "2015-01-01", "validOn": "2018-04-10", "validTo": null, "Shape_Leng": 0.20038457574, "Shape_Area": 0.00203084545, "name": "Ward No-01" }, "geometry": { "type": "Point", "coordinates": [ 91.814003202834613, 22.325131899113373 ] } },
{ "type": "Feature", "properties": { "rand_point_id": 761, "OBJECTID": 120, "admin4Name": "Ward No-01", "admin4Pcod": "20150601", "admin4RefN": null, "admin4AltN": null, "admin4Al_1": null, "admin3Name": "Bayejid Bostami", "admin3Pcod": "201506", "admin2Name": "Chittagong", "admin2Pcod": "2015", "admin1Name": "Chittagong", "admin1Pcod": "20", "admin0Name": "Bangladesh", "admin0Pcod": "BD", "date": "2015-01-01", "validOn": "2018-04-10", "validTo": null, "Shape_Leng": 0.20038457574, "Shape_Area": 0.00203084545, "name": "Ward No-01" }, "geometry": { "type": "Point", "coordinates": [ 91.844037874270157, 22.369508268180397 ] } },
{ "type": "Feature", "properties": { "rand_point_id": 762, "OBJECTID": 120, "admin4Name": "Ward No-01", "admin4Pcod": "20150601", "admin4RefN": null, "admin4AltN": null, "admin4Al_1": null, "admin3Name": "Bayejid Bostami", "admin3Pcod": "201506", "admin2Name": "Chittagong", "admin2Pcod": "2015", "admin1Name": "Chittagong", "admin1Pcod": "20", "admin0Name": "Bangladesh", "admin0Pcod": "BD", "date": "2015-01-01", "validOn": "2018-04-10", "validTo": null, "Shape_Leng": 0.20038457574, "Shape_Area": 0.00203084545, "name": "Ward No-01" }, "geometry": { "type": "Point", "coordinates": [ 91.76317892214459, 22.34372068509628 ] } },
{ "type": "Feature", "properties": { "rand_point_id": 763, "OBJECTID": 120, "admin4Name": "Ward No-01", "admin4Pcod": "20150601", "admin4RefN": null, "admin4AltN": null, "admin4Al_1": null, "admin3Name": "Bayejid Bostami", "admin3Pcod": "201506", "admin2Name": "Chittagong", "admin2Pcod": "2015", "admin1Name": "Chittagong", "admin1Pcod": "20", "admin0Name": "Bangladesh", "admin0Pcod": "BD", "date": "2015-01-01", "validOn": "2018-04-10", "validTo": null, "Shape_Leng": 0.20038457574, "Shape_Area": 0.00203084545, "name": "Ward No-01" }, "geometry": { "type": "Point", "coordinates": [ 91.785874460325317, 22.252975631854799 ] } },
{ "type": "Feature", "properties": { "rand_point_id": 764, "OBJECTID": 120, "admin4Name": "Ward No-01", "admin4Pcod": "20150601", "admin4RefN": null, "admin4AltN": null, "admin4Al_1": null, "admin3Name": "Bayejid Bostami", "admin3Pcod": "201506", "admin2Name": "Chittagong", "admin2Pcod": "2015", "admin1Name": "Chittagong", "admin1Pcod": "20", "admin0Name": "Bangladesh", "admin0Pcod": "BD", "date": "2015-01-01", "validOn": "2018-04-10", "validTo": null, "Shape_Leng": 0.20038457574, "Shape_Area": 0.00203084545, "name": "Ward No-01" }, "geometry": { "type": "Point", "coordinates": [ 91.779797771081675, 22.439850673238016 ] } },
{ "type": "Feature", "properties": { "rand_point_id": 765, "OBJECTID": 120, "admin4Name": "Ward No-01", "admin4Pcod": "20150601", "admin4RefN": null, "admin4AltN": null, "admin4Al_1": null, "admin3Name": "Bayejid Bostami", "admin3Pcod": "201506", "admin2Name": "Chittagong", "admin2Pcod": "2015", "admin1Name": "Chittagong", "admin1Pcod": "20", "admin0Name": "Bangladesh", "admin0Pcod": "BD", "date": "2015-01-01", "validOn": "2018-04-10", "validTo": null, "Shape_Leng": 0.20038457574, "Shape_Area": 0.00203084545, "name": "Ward No-01" }, "geometry": { "type": "Point", "coordinates": [ 91.806044601718611, 22.405121163204573 ] } },
{ "type": "Feature", "properties": { "rand_point_id": 766, "OBJECTID": 120, "admin4Name": "Ward No-01", "admin4Pcod": "20150601", "admin4RefN": null, "admin4AltN": null, "admin4Al_1": null, "admin3Name": "Bayejid Bostami", "admin3Pcod": "201506", "admin2Name": "Chittagong", "admin2Pcod": "2015", "admin1Name": "Chittagong", "admin1Pcod": "20", "admin0Name": "Bangladesh", "admin0Pcod": "BD", "date": "2015-01-01", "validOn": "2018-04-10", "validTo": null, "Shape_Leng": 0.20038457574, "Shape_Area": 0.00203084545, "name": "Ward No-01" }, "geometry": { "type": "Point", "coordinates": [ 91.781448379294716, 22.267301220104216 ] } },
{ "type": "Feature", "properties": { "rand_point_id": 767, "OBJECTID": 120, "admin4Name": "Ward No-01", "admin4Pcod": "20150601", "admin4RefN": null, "admin4AltN": null, "admin4Al_1": null, "admin3Name": "Bayejid Bostami", "admin3Pcod": "201506", "admin2Name": "Chittagong", "admin2Pcod": "2015", "admin1Name": "Chittagong", "admin1Pcod": "20", "admin0Name": "Bangladesh", "admin0Pcod": "BD", "date": "2015-01-01", "validOn": "2018-04-10", "validTo": null, "Shape_Leng": 0.20038457574, "Shape_Area": 0.00203084545, "name": "Ward No-01" }, "geometry": { "type": "Point", "coordinates": [ 91.791438498011999, 22.27484154378546 ] } },
{ "type": "Feature", "properties": { "rand_point_id": 768, "OBJECTID": 120, "admin4Name": "Ward No-01", "admin4Pcod": "20150601", "admin4RefN": null, "admin4AltN": null, "admin4Al_1": null, "admin3Name": "Bayejid Bostami", "admin3Pcod": "201506", "admin2Name": "Chittagong", "admin2Pcod": "2015", "admin1Name": "Chittagong", "admin1Pcod": "20", "admin0Name": "Bangladesh", "admin0Pcod": "BD", "date": "2015-01-01", "validOn": "2018-04-10", "validTo": null, "Shape_Leng": 0.20038457574, "Shape_Area": 0.00203084545, "name": "Ward No-01" }, "geometry": { "type": "Point", "coordinates": [ 91.849940828148817, 22.337259398276363 ] } },
{ "type": "Feature", "properties": { "rand_point_id": 769, "OBJECTID": 120, "admin4Name": "Ward No-01", "admin4Pcod": "20150601", "admin4RefN": null, "admin4AltN": null, "admin4Al_1": null, "admin3Name": "Bayejid Bostami", "admin3Pcod": "201506", "admin2Name": "Chittagong", "admin2Pcod": "2015", "admin1Name": "Chittagong", "admin1Pcod": "20", "admin0Name": "Bangladesh", "admin0Pcod": "BD", "date": "2015-01-01", "validOn": "2018-04-10", "validTo": null, "Shape_Leng": 0.20038457574, "Shape_Area": 0.00203084545, "name": "Ward No-01" }, "geometry": { "type": "Point", "coordinates": [ 91.798209746010031, 22.246437890994052 ] } },
{ "type": "Feature", "properties": { "rand_point_id": 770, "OBJECTID": 120, "admin4Name": "Ward No-01", "admin4Pcod": "20150601", "admin4RefN": null, "admin4AltN": null, "admin4Al_1": null, "admin3Name": "Bayejid Bostami", "admin3Pcod": "201506", "admin2Name": "Chittagong", "admin2Pcod": "2015", "admin1Name": "Chittagong", "admin1Pcod": "20", "admin0Name": "Bangladesh", "admin0Pcod": "BD", "date": "2015-01-01", "validOn": "2018-04-10", "validTo": null, "Shape_Leng": 0.20038457574, "Shape_Area": 0.00203084545, "name": "Ward No-01" }, "geometry": { "type": "Point", "coordinates": [ 91.825984736585909, 22.401518272835631 ] } },
{ "type": "Feature", "properties": { "rand_point_id": 771, "OBJECTID": 120, "admin4Name": "Ward No-01", "admin4Pcod": "20150601", "admin4RefN": null, "admin4AltN": null, "admin4Al_1": null, "admin3Name": "Bayejid Bostami", "admin3Pcod": "201506", "admin2Name": "Chittagong", "admin2Pcod": "2015", "admin1Name": "Chittagong", "admin1Pcod": "20", "admin0Name": "Bangladesh", "admin0Pcod": "BD", "date": "2015-01-01", "validOn": "2018-04-10", "validTo": null, "Shape_Leng": 0.20038457574, "Shape_Area": 0.00203084545, "name": "Ward No-01" }, "geometry": { "type": "Point", "coordinates": [ 91.805559645382473, 22.327189875161949 ] } },
{ "type": "Feature", "properties": { "rand_point_id": 772, "OBJECTID": 120, "admin4Name": "Ward No-01", "admin4Pcod": "20150601", "admin4RefN": null, "admin4AltN": null, "admin4Al_1": null, "admin3Name": "Bayejid Bostami", "admin3Pcod": "201506", "admin2Name": "Chittagong", "admin2Pcod": "2015", "admin1Name": "Chittagong", "admin1Pcod": "20", "admin0Name": "Bangladesh", "admin0Pcod": "BD", "date": "2015-01-01", "validOn": "2018-04-10", "validTo": null, "Shape_Leng": 0.20038457574, "Shape_Area": 0.00203084545, "name": "Ward No-01" }, "geometry": { "type": "Point", "coordinates": [ 91.853737921573256, 22.363471802963584 ] } },
{ "type": "Feature", "properties": { "rand_point_id": 773, "OBJECTID": 120, "admin4Name": "Ward No-01", "admin4Pcod": "20150601", "admin4RefN": null, "admin4AltN": null, "admin4Al_1": null, "admin3Name": "Bayejid Bostami", "admin3Pcod": "201506", "admin2Name": "Chittagong", "admin2Pcod": "2015", "admin1Name": "Chittagong", "admin1Pcod": "20", "admin0Name": "Bangladesh", "admin0Pcod": "BD", "date": "2015-01-01", "validOn": "2018-04-10", "validTo": null, "Shape_Leng": 0.20038457574, "Shape_Area": 0.00203084545, "name": "Ward No-01" }, "geometry": { "type": "Point", "coordinates": [ 91.826119398680405, 22.392937837564297 ] } },
{ "type": "Feature", "properties": { "rand_point_id": 774, "OBJECTID": 120, "admin4Name": "Ward No-01", "admin4Pcod": "20150601", "admin4RefN": null, "admin4AltN": null, "admin4Al_1": null, "admin3Name": "Bayejid Bostami", "admin3Pcod": "201506", "admin2Name": "Chittagong", "admin2Pcod": "2015", "admin1Name": "Chittagong", "admin1Pcod": "20", "admin0Name": "Bangladesh", "admin0Pcod": "BD", "date": "2015-01-01", "validOn": "2018-04-10", "validTo": null, "Shape_Leng": 0.20038457574, "Shape_Area": 0.00203084545, "name": "Ward No-01" }, "geometry": { "type": "Point", "coordinates": [ 91.823283573313887, 22.337277081862243 ] } },
{ "type": "Feature", "properties": { "rand_point_id": 775, "OBJECTID": 120, "admin4Name": "Ward No-01", "admin4Pcod": "20150601", "admin4RefN": null, "admin4AltN": null, "admin4Al_1": null, "admin3Name": "Bayejid Bostami", "admin3Pcod": "201506", "admin2Name": "Chittagong", "admin2Pcod": "2015", "admin1Name": "Chittagong", "admin1Pcod": "20", "admin0Name": "Bangladesh", "admin0Pcod": "BD", "date": "2015-01-01", "validOn": "2018-04-10", "validTo": null, "Shape_Leng": 0.20038457574, "Shape_Area": 0.00203084545, "name": "Ward No-01" }, "geometry": { "type": "Point", "coordinates": [ 91.78620607625686, 22.413836890037103 ] } },
{ "type": "Feature", "properties": { "rand_point_id": 776, "OBJECTID": 120, "admin4Name": "Ward No-01", "admin4Pcod": "20150601", "admin4RefN": null, "admin4AltN": null, "admin4Al_1": null, "admin3Name": "Bayejid Bostami", "admin3Pcod": "201506", "admin2Name": "Chittagong", "admin2Pcod": "2015", "admin1Name": "Chittagong", "admin1Pcod": "20", "admin0Name": "Bangladesh", "admin0Pcod": "BD", "date": "2015-01-01", "validOn": "2018-04-10", "validTo": null, "Shape_Leng": 0.20038457574, "Shape_Area": 0.00203084545, "name": "Ward No-01" }, "geometry": { "type": "Point", "coordinates": [ 91.806453248365017, 22.381402685136148 ] } },
{ "type": "Feature", "properties": { "rand_point_id": 777, "OBJECTID": 120, "admin4Name": "Ward No-01", "admin4Pcod": "20150601", "admin4RefN": null, "admin4AltN": null, "admin4Al_1": null, "admin3Name": "Bayejid Bostami", "admin3Pcod": "201506", "admin2Name": "Chittagong", "admin2Pcod": "2015", "admin1Name": "Chittagong", "admin1Pcod": "20", "admin0Name": "Bangladesh", "admin0Pcod": "BD", "date": "2015-01-01", "validOn": "2018-04-10", "validTo": null, "Shape_Leng": 0.20038457574, "Shape_Area": 0.00203084545, "name": "Ward No-01" }, "geometry": { "type": "Point", "coordinates": [ 91.760456811034331, 22.339168188167186 ] } },
{ "type": "Feature", "properties": { "rand_point_id": 778, "OBJECTID": 120, "admin4Name": "Ward No-01", "admin4Pcod": "20150601", "admin4RefN": null, "admin4AltN": null, "admin4Al_1": null, "admin3Name": "Bayejid Bostami", "admin3Pcod": "201506", "admin2Name": "Chittagong", "admin2Pcod": "2015", "admin1Name": "Chittagong", "admin1Pcod": "20", "admin0Name": "Bangladesh", "admin0Pcod": "BD", "date": "2015-01-01", "validOn": "2018-04-10", "validTo": null, "Shape_Leng": 0.20038457574, "Shape_Area": 0.00203084545, "name": "Ward No-01" }, "geometry": { "type": "Point", "coordinates": [ 91.800172831945574, 22.239710401497138 ] } },
{ "type": "Feature", "properties": { "rand_point_id": 779, "OBJECTID": 120, "admin4Name": "Ward No-01", "admin4Pcod": "20150601", "admin4RefN": null, "admin4AltN": null, "admin4Al_1": null, "admin3Name": "Bayejid Bostami", "admin3Pcod": "201506", "admin2Name": "Chittagong", "admin2Pcod": "2015", "admin1Name": "Chittagong", "admin1Pcod": "20", "admin0Name": "Bangladesh", "admin0Pcod": "BD", "date": "2015-01-01", "validOn": "2018-04-10", "validTo": null, "Shape_Leng": 0.20038457574, "Shape_Area": 0.00203084545, "name": "Ward No-01" }, "geometry": { "type": "Point", "coordinates": [ 91.818621824737022, 22.368868273211266 ] } },
{ "type": "Feature", "properties": { "rand_point_id": 780, "OBJECTID": 120, "admin4Name": "Ward No-01", "admin4Pcod": "20150601", "admin4RefN": null, "admin4AltN": null, "admin4Al_1": null, "admin3Name": "Bayejid Bostami", "admin3Pcod": "201506", "admin2Name": "Chittagong", "admin2Pcod": "2015", "admin1Name": "Chittagong", "admin1Pcod": "20", "admin0Name": "Bangladesh", "admin0Pcod": "BD", "date": "2015-01-01", "validOn": "2018-04-10", "validTo": null, "Shape_Leng": 0.20038457574, "Shape_Area": 0.00203084545, "name": "Ward No-01" }, "geometry": { "type": "Point", "coordinates": [ 91.82534205692545, 22.352877379465653 ] } },
{ "type": "Feature", "properties": { "rand_point_id": 781, "OBJECTID": 120, "admin4Name": "Ward No-01", "admin4Pcod": "20150601", "admin4RefN": null, "admin4AltN": null, "admin4Al_1": null, "admin3Name": "Bayejid Bostami", "admin3Pcod": "201506", "admin2Name": "Chittagong", "admin2Pcod": "2015", "admin1Name": "Chittagong", "admin1Pcod": "20", "admin0Name": "Bangladesh", "admin0Pcod": "BD", "date": "2015-01-01", "validOn": "2018-04-10", "validTo": null, "Shape_Leng": 0.20038457574, "Shape_Area": 0.00203084545, "name": "Ward No-01" }, "geometry": { "type": "Point", "coordinates": [ 91.826712482778277, 22.350789592430303 ] } },
{ "type": "Feature", "properties": { "rand_point_id": 782, "OBJECTID": 120, "admin4Name": "Ward No-01", "admin4Pcod": "20150601", "admin4RefN": null, "admin4AltN": null, "admin4Al_1": null, "admin3Name": "Bayejid Bostami", "admin3Pcod": "201506", "admin2Name": "Chittagong", "admin2Pcod": "2015", "admin1Name": "Chittagong", "admin1Pcod": "20", "admin0Name": "Bangladesh", "admin0Pcod": "BD", "date": "2015-01-01", "validOn": "2018-04-10", "validTo": null, "Shape_Leng": 0.20038457574, "Shape_Area": 0.00203084545, "name": "Ward No-01" }, "geometry": { "type": "Point", "coordinates": [ 91.855234404765127, 22.380238870487741 ] } },
{ "type": "Feature", "properties": { "rand_point_id": 783, "OBJECTID": 120, "admin4Name": "Ward No-01", "admin4Pcod": "20150601", "admin4RefN": null, "admin4AltN": null, "admin4Al_1": null, "admin3Name": "Bayejid Bostami", "admin3Pcod": "201506", "admin2Name": "Chittagong", "admin2Pcod": "2015", "admin1Name": "Chittagong", "admin1Pcod": "20", "admin0Name": "Bangladesh", "admin0Pcod": "BD", "date": "2015-01-01", "validOn": "2018-04-10", "validTo": null, "Shape_Leng": 0.20038457574, "Shape_Area": 0.00203084545, "name": "Ward No-01" }, "geometry": { "type": "Point", "coordinates": [ 91.780496116384981, 22.374359474240777 ] } },
{ "type": "Feature", "properties": { "rand_point_id": 784, "OBJECTID": 120, "admin4Name": "Ward No-01", "admin4Pcod": "20150601", "admin4RefN": null, "admin4AltN": null, "admin4Al_1": null, "admin3Name": "Bayejid Bostami", "admin3Pcod": "201506", "admin2Name": "Chittagong", "admin2Pcod": "2015", "admin1Name": "Chittagong", "admin1Pcod": "20", "admin0Name": "Bangladesh", "admin0Pcod": "BD", "date": "2015-01-01", "validOn": "2018-04-10", "validTo": null, "Shape_Leng": 0.20038457574, "Shape_Area": 0.00203084545, "name": "Ward No-01" }, "geometry": { "type": "Point", "coordinates": [ 91.799302271480471, 22.404127296939855 ] } },
{ "type": "Feature", "properties": { "rand_point_id": 785, "OBJECTID": 120, "admin4Name": "Ward No-01", "admin4Pcod": "20150601", "admin4RefN": null, "admin4AltN": null, "admin4Al_1": null, "admin3Name": "Bayejid Bostami", "admin3Pcod": "201506", "admin2Name": "Chittagong", "admin2Pcod": "2015", "admin1Name": "Chittagong", "admin1Pcod": "20", "admin0Name": "Bangladesh", "admin0Pcod": "BD", "date": "2015-01-01", "validOn": "2018-04-10", "validTo": null, "Shape_Leng": 0.20038457574, "Shape_Area": 0.00203084545, "name": "Ward No-01" }, "geometry": { "type": "Point", "coordinates": [ 91.811218395120733, 22.416099142391325 ] } },
{ "type": "Feature", "properties": { "rand_point_id": 786, "OBJECTID": 120, "admin4Name": "Ward No-01", "admin4Pcod": "20150601", "admin4RefN": null, "admin4AltN": null, "admin4Al_1": null, "admin3Name": "Bayejid Bostami", "admin3Pcod": "201506", "admin2Name": "Chittagong", "admin2Pcod": "2015", "admin1Name": "Chittagong", "admin1Pcod": "20", "admin0Name": "Bangladesh", "admin0Pcod": "BD", "date": "2015-01-01", "validOn": "2018-04-10", "validTo": null, "Shape_Leng": 0.20038457574, "Shape_Area": 0.00203084545, "name": "Ward No-01" }, "geometry": { "type": "Point", "coordinates": [ 91.852803013416974, 22.398438841224138 ] } },
{ "type": "Feature", "properties": { "rand_point_id": 787, "OBJECTID": 120, "admin4Name": "Ward No-01", "admin4Pcod": "20150601", "admin4RefN": null, "admin4AltN": null, "admin4Al_1": null, "admin3Name": "Bayejid Bostami", "admin3Pcod": "201506", "admin2Name": "Chittagong", "admin2Pcod": "2015", "admin1Name": "Chittagong", "admin1Pcod": "20", "admin0Name": "Bangladesh", "admin0Pcod": "BD", "date": "2015-01-01", "validOn": "2018-04-10", "validTo": null, "Shape_Leng": 0.20038457574, "Shape_Area": 0.00203084545, "name": "Ward No-01" }, "geometry": { "type": "Point", "coordinates": [ 91.819040483033476, 22.395711963690562 ] } },
{ "type": "Feature", "properties": { "rand_point_id": 788, "OBJECTID": 120, "admin4Name": "Ward No-01", "admin4Pcod": "20150601", "admin4RefN": null, "admin4AltN": null, "admin4Al_1": null, "admin3Name": "Bayejid Bostami", "admin3Pcod": "201506", "admin2Name": "Chittagong", "admin2Pcod": "2015", "admin1Name": "Chittagong", "admin1Pcod": "20", "admin0Name": "Bangladesh", "admin0Pcod": "BD", "date": "2015-01-01", "validOn": "2018-04-10", "validTo": null, "Shape_Leng": 0.20038457574, "Shape_Area": 0.00203084545, "name": "Ward No-01" }, "geometry": { "type": "Point", "coordinates": [ 91.840476392341444, 22.370922016178628 ] } },
{ "type": "Feature", "properties": { "rand_point_id": 789, "OBJECTID": 120, "admin4Name": "Ward No-01", "admin4Pcod": "20150601", "admin4RefN": null, "admin4AltN": null, "admin4Al_1": null, "admin3Name": "Bayejid Bostami", "admin3Pcod": "201506", "admin2Name": "Chittagong", "admin2Pcod": "2015", "admin1Name": "Chittagong", "admin1Pcod": "20", "admin0Name": "Bangladesh", "admin0Pcod": "BD", "date": "2015-01-01", "validOn": "2018-04-10", "validTo": null, "Shape_Leng": 0.20038457574, "Shape_Area": 0.00203084545, "name": "Ward No-01" }, "geometry": { "type": "Point", "coordinates": [ 91.81150332660529, 22.385088034295169 ] } },
{ "type": "Feature", "properties": { "rand_point_id": 790, "OBJECTID": 120, "admin4Name": "Ward No-01", "admin4Pcod": "20150601", "admin4RefN": null, "admin4AltN": null, "admin4Al_1": null, "admin3Name": "Bayejid Bostami", "admin3Pcod": "201506", "admin2Name": "Chittagong", "admin2Pcod": "2015", "admin1Name": "Chittagong", "admin1Pcod": "20", "admin0Name": "Bangladesh", "admin0Pcod": "BD", "date": "2015-01-01", "validOn": "2018-04-10", "validTo": null, "Shape_Leng": 0.20038457574, "Shape_Area": 0.00203084545, "name": "Ward No-01" }, "geometry": { "type": "Point", "coordinates": [ 91.80585588961344, 22.458606308527301 ] } },
{ "type": "Feature", "properties": { "rand_point_id": 791, "OBJECTID": 120, "admin4Name": "Ward No-01", "admin4Pcod": "20150601", "admin4RefN": null, "admin4AltN": null, "admin4Al_1": null, "admin3Name": "Bayejid Bostami", "admin3Pcod": "201506", "admin2Name": "Chittagong", "admin2Pcod": "2015", "admin1Name": "Chittagong", "admin1Pcod": "20", "admin0Name": "Bangladesh", "admin0Pcod": "BD", "date": "2015-01-01", "validOn": "2018-04-10", "validTo": null, "Shape_Leng": 0.20038457574, "Shape_Area": 0.00203084545, "name": "Ward No-01" }, "geometry": { "type": "Point", "coordinates": [ 91.786714076386772, 22.449038393996485 ] } },
{ "type": "Feature", "properties": { "rand_point_id": 792, "OBJECTID": 120, "admin4Name": "Ward No-01", "admin4Pcod": "20150601", "admin4RefN": null, "admin4AltN": null, "admin4Al_1": null, "admin3Name": "Bayejid Bostami", "admin3Pcod": "201506", "admin2Name": "Chittagong", "admin2Pcod": "2015", "admin1Name": "Chittagong", "admin1Pcod": "20", "admin0Name": "Bangladesh", "admin0Pcod": "BD", "date": "2015-01-01", "validOn": "2018-04-10", "validTo": null, "Shape_Leng": 0.20038457574, "Shape_Area": 0.00203084545, "name": "Ward No-01" }, "geometry": { "type": "Point", "coordinates": [ 91.791870126899909, 22.432653012635374 ] } },
{ "type": "Feature", "properties": { "rand_point_id": 793, "OBJECTID": 120, "admin4Name": "Ward No-01", "admin4Pcod": "20150601", "admin4RefN": null, "admin4AltN": null, "admin4Al_1": null, "admin3Name": "Bayejid Bostami", "admin3Pcod": "201506", "admin2Name": "Chittagong", "admin2Pcod": "2015", "admin1Name": "Chittagong", "admin1Pcod": "20", "admin0Name": "Bangladesh", "admin0Pcod": "BD", "date": "2015-01-01", "validOn": "2018-04-10", "validTo": null, "Shape_Leng": 0.20038457574, "Shape_Area": 0.00203084545, "name": "Ward No-01" }, "geometry": { "type": "Point", "coordinates": [ 91.807450661678956, 22.435107275928825 ] } },
{ "type": "Feature", "properties": { "rand_point_id": 794, "OBJECTID": 120, "admin4Name": "Ward No-01", "admin4Pcod": "20150601", "admin4RefN": null, "admin4AltN": null, "admin4Al_1": null, "admin3Name": "Bayejid Bostami", "admin3Pcod": "201506", "admin2Name": "Chittagong", "admin2Pcod": "2015", "admin1Name": "Chittagong", "admin1Pcod": "20", "admin0Name": "Bangladesh", "admin0Pcod": "BD", "date": "2015-01-01", "validOn": "2018-04-10", "validTo": null, "Shape_Leng": 0.20038457574, "Shape_Area": 0.00203084545, "name": "Ward No-01" }, "geometry": { "type": "Point", "coordinates": [ 91.852180022264392, 22.400984702446461 ] } },
{ "type": "Feature", "properties": { "rand_point_id": 795, "OBJECTID": 120, "admin4Name": "Ward No-01", "admin4Pcod": "20150601", "admin4RefN": null, "admin4AltN": null, "admin4Al_1": null, "admin3Name": "Bayejid Bostami", "admin3Pcod": "201506", "admin2Name": "Chittagong", "admin2Pcod": "2015", "admin1Name": "Chittagong", "admin1Pcod": "20", "admin0Name": "Bangladesh", "admin0Pcod": "BD", "date": "2015-01-01", "validOn": "2018-04-10", "validTo": null, "Shape_Leng": 0.20038457574, "Shape_Area": 0.00203084545, "name": "Ward No-01" }, "geometry": { "type": "Point", "coordinates": [ 91.78661847353915, 22.323855011427295 ] } },
{ "type": "Feature", "properties": { "rand_point_id": 796, "OBJECTID": 120, "admin4Name": "Ward No-01", "admin4Pcod": "20150601", "admin4RefN": null, "admin4AltN": null, "admin4Al_1": null, "admin3Name": "Bayejid Bostami", "admin3Pcod": "201506", "admin2Name": "Chittagong", "admin2Pcod": "2015", "admin1Name": "Chittagong", "admin1Pcod": "20", "admin0Name": "Bangladesh", "admin0Pcod": "BD", "date": "2015-01-01", "validOn": "2018-04-10", "validTo": null, "Shape_Leng": 0.20038457574, "Shape_Area": 0.00203084545, "name": "Ward No-01" }, "geometry": { "type": "Point", "coordinates": [ 91.848515827161478, 22.399335950633922 ] } },
{ "type": "Feature", "properties": { "rand_point_id": 797, "OBJECTID": 120, "admin4Name": "Ward No-01", "admin4Pcod": "20150601", "admin4RefN": null, "admin4AltN": null, "admin4Al_1": null, "admin3Name": "Bayejid Bostami", "admin3Pcod": "201506", "admin2Name": "Chittagong", "admin2Pcod": "2015", "admin1Name": "Chittagong", "admin1Pcod": "20", "admin0Name": "Bangladesh", "admin0Pcod": "BD", "date": "2015-01-01", "validOn": "2018-04-10", "validTo": null, "Shape_Leng": 0.20038457574, "Shape_Area": 0.00203084545, "name": "Ward No-01" }, "geometry": { "type": "Point", "coordinates": [ 91.819263688818566, 22.432787255683955 ] } },
{ "type": "Feature", "properties": { "rand_point_id": 798, "OBJECTID": 120, "admin4Name": "Ward No-01", "admin4Pcod": "20150601", "admin4RefN": null, "admin4AltN": null, "admin4Al_1": null, "admin3Name": "Bayejid Bostami", "admin3Pcod": "201506", "admin2Name": "Chittagong", "admin2Pcod": "2015", "admin1Name": "Chittagong", "admin1Pcod": "20", "admin0Name": "Bangladesh", "admin0Pcod": "BD", "date": "2015-01-01", "validOn": "2018-04-10", "validTo": null, "Shape_Leng": 0.20038457574, "Shape_Area": 0.00203084545, "name": "Ward No-01" }, "geometry": { "type": "Point", "coordinates": [ 91.828337469670501, 22.264869554942287 ] } },
{ "type": "Feature", "properties": { "rand_point_id": 799, "OBJECTID": 120, "admin4Name": "Ward No-01", "admin4Pcod": "20150601", "admin4RefN": null, "admin4AltN": null, "admin4Al_1": null, "admin3Name": "Bayejid Bostami", "admin3Pcod": "201506", "admin2Name": "Chittagong", "admin2Pcod": "2015", "admin1Name": "Chittagong", "admin1Pcod": "20", "admin0Name": "Bangladesh", "admin0Pcod": "BD", "date": "2015-01-01", "validOn": "2018-04-10", "validTo": null, "Shape_Leng": 0.20038457574, "Shape_Area": 0.00203084545, "name": "Ward No-01" }, "geometry": { "type": "Point", "coordinates": [ 91.844423855046671, 22.369130968711673 ] } },
{ "type": "Feature", "properties": { "rand_point_id": 800, "OBJECTID": 120, "admin4Name": "Ward No-01", "admin4Pcod": "20150601", "admin4RefN": null, "admin4AltN": null, "admin4Al_1": null, "admin3Name": "Bayejid Bostami", "admin3Pcod": "201506", "admin2Name": "Chittagong", "admin2Pcod": "2015", "admin1Name": "Chittagong", "admin1Pcod": "20", "admin0Name": "Bangladesh", "admin0Pcod": "BD", "date": "2015-01-01", "validOn": "2018-04-10", "validTo": null, "Shape_Leng": 0.20038457574, "Shape_Area": 0.00203084545, "name": "Ward No-01" }, "geometry": { "type": "Point", "coordinates": [ 91.780304901724136, 22.269441818048492 ] } },
{ "type": "Feature", "properties": { "rand_point_id": 801, "OBJECTID": 120, "admin4Name": "Ward No-01", "admin4Pcod": "20150601", "admin4RefN": null, "admin4AltN": null, "admin4Al_1": null, "admin3Name": "Bayejid Bostami", "admin3Pcod": "201506", "admin2Name": "Chittagong", "admin2Pcod": "2015", "admin1Name": "Chittagong", "admin1Pcod": "20", "admin0Name": "Bangladesh", "admin0Pcod": "BD", "date": "2015-01-01", "validOn": "2018-04-10", "validTo": null, "Shape_Leng": 0.20038457574, "Shape_Area": 0.00203084545, "name": "Ward No-01" }, "geometry": { "type": "Point", "coordinates": [ 91.814243374865001, 22.463258827359144 ] } },
{ "type": "Feature", "properties": { "rand_point_id": 802, "OBJECTID": 120, "admin4Name": "Ward No-01", "admin4Pcod": "20150601", "admin4RefN": null, "admin4AltN": null, "admin4Al_1": null, "admin3Name": "Bayejid Bostami", "admin3Pcod": "201506", "admin2Name": "Chittagong", "admin2Pcod": "2015", "admin1Name": "Chittagong", "admin1Pcod": "20", "admin0Name": "Bangladesh", "admin0Pcod": "BD", "date": "2015-01-01", "validOn": "2018-04-10", "validTo": null, "Shape_Leng": 0.20038457574, "Shape_Area": 0.00203084545, "name": "Ward No-01" }, "geometry": { "type": "Point", "coordinates": [ 91.794093473800572, 22.283564204930794 ] } },
{ "type": "Feature", "properties": { "rand_point_id": 803, "OBJECTID": 120, "admin4Name": "Ward No-01", "admin4Pcod": "20150601", "admin4RefN": null, "admin4AltN": null, "admin4Al_1": null, "admin3Name": "Bayejid Bostami", "admin3Pcod": "201506", "admin2Name": "Chittagong", "admin2Pcod": "2015", "admin1Name": "Chittagong", "admin1Pcod": "20", "admin0Name": "Bangladesh", "admin0Pcod": "BD", "date": "2015-01-01", "validOn": "2018-04-10", "validTo": null, "Shape_Leng": 0.20038457574, "Shape_Area": 0.00203084545, "name": "Ward No-01" }, "geometry": { "type": "Point", "coordinates": [ 91.811363107982544, 22.341692529479925 ] } },
{ "type": "Feature", "properties": { "rand_point_id": 804, "OBJECTID": 120, "admin4Name": "Ward No-01", "admin4Pcod": "20150601", "admin4RefN": null, "admin4AltN": null, "admin4Al_1": null, "admin3Name": "Bayejid Bostami", "admin3Pcod": "201506", "admin2Name": "Chittagong", "admin2Pcod": "2015", "admin1Name": "Chittagong", "admin1Pcod": "20", "admin0Name": "Bangladesh", "admin0Pcod": "BD", "date": "2015-01-01", "validOn": "2018-04-10", "validTo": null, "Shape_Leng": 0.20038457574, "Shape_Area": 0.00203084545, "name": "Ward No-01" }, "geometry": { "type": "Point", "coordinates": [ 91.844736624713121, 22.385931392841158 ] } },
{ "type": "Feature", "properties": { "rand_point_id": 805, "OBJECTID": 120, "admin4Name": "Ward No-01", "admin4Pcod": "20150601", "admin4RefN": null, "admin4AltN": null, "admin4Al_1": null, "admin3Name": "Bayejid Bostami", "admin3Pcod": "201506", "admin2Name": "Chittagong", "admin2Pcod": "2015", "admin1Name": "Chittagong", "admin1Pcod": "20", "admin0Name": "Bangladesh", "admin0Pcod": "BD", "date": "2015-01-01", "validOn": "2018-04-10", "validTo": null, "Shape_Leng": 0.20038457574, "Shape_Area": 0.00203084545, "name": "Ward No-01" }, "geometry": { "type": "Point", "coordinates": [ 91.866582922172952, 22.354597617900147 ] } },
{ "type": "Feature", "properties": { "rand_point_id": 806, "OBJECTID": 120, "admin4Name": "Ward No-01", "admin4Pcod": "20150601", "admin4RefN": null, "admin4AltN": null, "admin4Al_1": null, "admin3Name": "Bayejid Bostami", "admin3Pcod": "201506", "admin2Name": "Chittagong", "admin2Pcod": "2015", "admin1Name": "Chittagong", "admin1Pcod": "20", "admin0Name": "Bangladesh", "admin0Pcod": "BD", "date": "2015-01-01", "validOn": "2018-04-10", "validTo": null, "Shape_Leng": 0.20038457574, "Shape_Area": 0.00203084545, "name": "Ward No-01" }, "geometry": { "type": "Point", "coordinates": [ 91.866353179911059, 22.375015562499275 ] } },
{ "type": "Feature", "properties": { "rand_point_id": 807, "OBJECTID": 120, "admin4Name": "Ward No-01", "admin4Pcod": "20150601", "admin4RefN": null, "admin4AltN": null, "admin4Al_1": null, "admin3Name": "Bayejid Bostami", "admin3Pcod": "201506", "admin2Name": "Chittagong", "admin2Pcod": "2015", "admin1Name": "Chittagong", "admin1Pcod": "20", "admin0Name": "Bangladesh", "admin0Pcod": "BD", "date": "2015-01-01", "validOn": "2018-04-10", "validTo": null, "Shape_Leng": 0.20038457574, "Shape_Area": 0.00203084545, "name": "Ward No-01" }, "geometry": { "type": "Point", "coordinates": [ 91.799350693492528, 22.39362301587316 ] } },
{ "type": "Feature", "properties": { "rand_point_id": 808, "OBJECTID": 120, "admin4Name": "Ward No-01", "admin4Pcod": "20150601", "admin4RefN": null, "admin4AltN": null, "admin4Al_1": null, "admin3Name": "Bayejid Bostami", "admin3Pcod": "201506", "admin2Name": "Chittagong", "admin2Pcod": "2015", "admin1Name": "Chittagong", "admin1Pcod": "20", "admin0Name": "Bangladesh", "admin0Pcod": "BD", "date": "2015-01-01", "validOn": "2018-04-10", "validTo": null, "Shape_Leng": 0.20038457574, "Shape_Area": 0.00203084545, "name": "Ward No-01" }, "geometry": { "type": "Point", "coordinates": [ 91.780258988544986, 22.254779480409915 ] } },
{ "type": "Feature", "properties": { "rand_point_id": 809, "OBJECTID": 120, "admin4Name": "Ward No-01", "admin4Pcod": "20150601", "admin4RefN": null, "admin4AltN": null, "admin4Al_1": null, "admin3Name": "Bayejid Bostami", "admin3Pcod": "201506", "admin2Name": "Chittagong", "admin2Pcod": "2015", "admin1Name": "Chittagong", "admin1Pcod": "20", "admin0Name": "Bangladesh", "admin0Pcod": "BD", "date": "2015-01-01", "validOn": "2018-04-10", "validTo": null, "Shape_Leng": 0.20038457574, "Shape_Area": 0.00203084545, "name": "Ward No-01" }, "geometry": { "type": "Point", "coordinates": [ 91.77788046706884, 22.281904607997632 ] } },
{ "type": "Feature", "properties": { "rand_point_id": 810, "OBJECTID": 120, "admin4Name": "Ward No-01", "admin4Pcod": "20150601", "admin4RefN": null, "admin4AltN": null, "admin4Al_1": null, "admin3Name": "Bayejid Bostami", "admin3Pcod": "201506", "admin2Name": "Chittagong", "admin2Pcod": "2015", "admin1Name": "Chittagong", "admin1Pcod": "20", "admin0Name": "Bangladesh", "admin0Pcod": "BD", "date": "2015-01-01", "validOn": "2018-04-10", "validTo": null, "Shape_Leng": 0.20038457574, "Shape_Area": 0.00203084545, "name": "Ward No-01" }, "geometry": { "type": "Point", "coordinates": [ 91.761307726360982, 22.353704342182972 ] } },
{ "type": "Feature", "properties": { "rand_point_id": 811, "OBJECTID": 120, "admin4Name": "Ward No-01", "admin4Pcod": "20150601", "admin4RefN": null, "admin4AltN": null, "admin4Al_1": null, "admin3Name": "Bayejid Bostami", "admin3Pcod": "201506", "admin2Name": "Chittagong", "admin2Pcod": "2015", "admin1Name": "Chittagong", "admin1Pcod": "20", "admin0Name": "Bangladesh", "admin0Pcod": "BD", "date": "2015-01-01", "validOn": "2018-04-10", "validTo": null, "Shape_Leng": 0.20038457574, "Shape_Area": 0.00203084545, "name": "Ward No-01" }, "geometry": { "type": "Point", "coordinates": [ 91.789394204811302, 22.368008090541554 ] } },
{ "type": "Feature", "properties": { "rand_point_id": 812, "OBJECTID": 120, "admin4Name": "Ward No-01", "admin4Pcod": "20150601", "admin4RefN": null, "admin4AltN": null, "admin4Al_1": null, "admin3Name": "Bayejid Bostami", "admin3Pcod": "201506", "admin2Name": "Chittagong", "admin2Pcod": "2015", "admin1Name": "Chittagong", "admin1Pcod": "20", "admin0Name": "Bangladesh", "admin0Pcod": "BD", "date": "2015-01-01", "validOn": "2018-04-10", "validTo": null, "Shape_Leng": 0.20038457574, "Shape_Area": 0.00203084545, "name": "Ward No-01" }, "geometry": { "type": "Point", "coordinates": [ 91.812553587567479, 22.402008165470988 ] } },
{ "type": "Feature", "properties": { "rand_point_id": 813, "OBJECTID": 120, "admin4Name": "Ward No-01", "admin4Pcod": "20150601", "admin4RefN": null, "admin4AltN": null, "admin4Al_1": null, "admin3Name": "Bayejid Bostami", "admin3Pcod": "201506", "admin2Name": "Chittagong", "admin2Pcod": "2015", "admin1Name": "Chittagong", "admin1Pcod": "20", "admin0Name": "Bangladesh", "admin0Pcod": "BD", "date": "2015-01-01", "validOn": "2018-04-10", "validTo": null, "Shape_Leng": 0.20038457574, "Shape_Area": 0.00203084545, "name": "Ward No-01" }, "geometry": { "type": "Point", "coordinates": [ 91.814998709246964, 22.441834431905981 ] } },
{ "type": "Feature", "properties": { "rand_point_id": 814, "OBJECTID": 120, "admin4Name": "Ward No-01", "admin4Pcod": "20150601", "admin4RefN": null, "admin4AltN": null, "admin4Al_1": null, "admin3Name": "Bayejid Bostami", "admin3Pcod": "201506", "admin2Name": "Chittagong", "admin2Pcod": "2015", "admin1Name": "Chittagong", "admin1Pcod": "20", "admin0Name": "Bangladesh", "admin0Pcod": "BD", "date": "2015-01-01", "validOn": "2018-04-10", "validTo": null, "Shape_Leng": 0.20038457574, "Shape_Area": 0.00203084545, "name": "Ward No-01" }, "geometry": { "type": "Point", "coordinates": [ 91.78586211655157, 22.255860404005915 ] } },
{ "type": "Feature", "properties": { "rand_point_id": 815, "OBJECTID": 120, "admin4Name": "Ward No-01", "admin4Pcod": "20150601", "admin4RefN": null, "admin4AltN": null, "admin4Al_1": null, "admin3Name": "Bayejid Bostami", "admin3Pcod": "201506", "admin2Name": "Chittagong", "admin2Pcod": "2015", "admin1Name": "Chittagong", "admin1Pcod": "20", "admin0Name": "Bangladesh", "admin0Pcod": "BD", "date": "2015-01-01", "validOn": "2018-04-10", "validTo": null, "Shape_Leng": 0.20038457574, "Shape_Area": 0.00203084545, "name": "Ward No-01" }, "geometry": { "type": "Point", "coordinates": [ 91.813784331689533, 22.360286115561244 ] } },
{ "type": "Feature", "properties": { "rand_point_id": 816, "OBJECTID": 120, "admin4Name": "Ward No-01", "admin4Pcod": "20150601", "admin4RefN": null, "admin4AltN": null, "admin4Al_1": null, "admin3Name": "Bayejid Bostami", "admin3Pcod": "201506", "admin2Name": "Chittagong", "admin2Pcod": "2015", "admin1Name": "Chittagong", "admin1Pcod": "20", "admin0Name": "Bangladesh", "admin0Pcod": "BD", "date": "2015-01-01", "validOn": "2018-04-10", "validTo": null, "Shape_Leng": 0.20038457574, "Shape_Area": 0.00203084545, "name": "Ward No-01" }, "geometry": { "type": "Point", "coordinates": [ 91.783417388295547, 22.254178038089545 ] } },
{ "type": "Feature", "properties": { "rand_point_id": 817, "OBJECTID": 120, "admin4Name": "Ward No-01", "admin4Pcod": "20150601", "admin4RefN": null, "admin4AltN": null, "admin4Al_1": null, "admin3Name": "Bayejid Bostami", "admin3Pcod": "201506", "admin2Name": "Chittagong", "admin2Pcod": "2015", "admin1Name": "Chittagong", "admin1Pcod": "20", "admin0Name": "Bangladesh", "admin0Pcod": "BD", "date": "2015-01-01", "validOn": "2018-04-10", "validTo": null, "Shape_Leng": 0.20038457574, "Shape_Area": 0.00203084545, "name": "Ward No-01" }, "geometry": { "type": "Point", "coordinates": [ 91.801566715086736, 22.440845112449257 ] } },
{ "type": "Feature", "properties": { "rand_point_id": 818, "OBJECTID": 120, "admin4Name": "Ward No-01", "admin4Pcod": "20150601", "admin4RefN": null, "admin4AltN": null, "admin4Al_1": null, "admin3Name": "Bayejid Bostami", "admin3Pcod": "201506", "admin2Name": "Chittagong", "admin2Pcod": "2015", "admin1Name": "Chittagong", "admin1Pcod": "20", "admin0Name": "Bangladesh", "admin0Pcod": "BD", "date": "2015-01-01", "validOn": "2018-04-10", "validTo": null, "Shape_Leng": 0.20038457574, "Shape_Area": 0.00203084545, "name": "Ward No-01" }, "geometry": { "type": "Point", "coordinates": [ 91.757096972519221, 22.347241285707661 ] } },
{ "type": "Feature", "properties": { "rand_point_id": 819, "OBJECTID": 120, "admin4Name": "Ward No-01", "admin4Pcod": "20150601", "admin4RefN": null, "admin4AltN": null, "admin4Al_1": null, "admin3Name": "Bayejid Bostami", "admin3Pcod": "201506", "admin2Name": "Chittagong", "admin2Pcod": "2015", "admin1Name": "Chittagong", "admin1Pcod": "20", "admin0Name": "Bangladesh", "admin0Pcod": "BD", "date": "2015-01-01", "validOn": "2018-04-10", "validTo": null, "Shape_Leng": 0.20038457574, "Shape_Area": 0.00203084545, "name": "Ward No-01" }, "geometry": { "type": "Point", "coordinates": [ 91.780448457988044, 22.26423830985598 ] } },
{ "type": "Feature", "properties": { "rand_point_id": 820, "OBJECTID": 120, "admin4Name": "Ward No-01", "admin4Pcod": "20150601", "admin4RefN": null, "admin4AltN": null, "admin4Al_1": null, "admin3Name": "Bayejid Bostami", "admin3Pcod": "201506", "admin2Name": "Chittagong", "admin2Pcod": "2015", "admin1Name": "Chittagong", "admin1Pcod": "20", "admin0Name": "Bangladesh", "admin0Pcod": "BD", "date": "2015-01-01", "validOn": "2018-04-10", "validTo": null, "Shape_Leng": 0.20038457574, "Shape_Area": 0.00203084545, "name": "Ward No-01" }, "geometry": { "type": "Point", "coordinates": [ 91.850446234363261, 22.337800890231343 ] } },
{ "type": "Feature", "properties": { "rand_point_id": 821, "OBJECTID": 120, "admin4Name": "Ward No-01", "admin4Pcod": "20150601", "admin4RefN": null, "admin4AltN": null, "admin4Al_1": null, "admin3Name": "Bayejid Bostami", "admin3Pcod": "201506", "admin2Name": "Chittagong", "admin2Pcod": "2015", "admin1Name": "Chittagong", "admin1Pcod": "20", "admin0Name": "Bangladesh", "admin0Pcod": "BD", "date": "2015-01-01", "validOn": "2018-04-10", "validTo": null, "Shape_Leng": 0.20038457574, "Shape_Area": 0.00203084545, "name": "Ward No-01" }, "geometry": { "type": "Point", "coordinates": [ 91.858677780484967, 22.403428549459843 ] } },
{ "type": "Feature", "properties": { "rand_point_id": 822, "OBJECTID": 120, "admin4Name": "Ward No-01", "admin4Pcod": "20150601", "admin4RefN": null, "admin4AltN": null, "admin4Al_1": null, "admin3Name": "Bayejid Bostami", "admin3Pcod": "201506", "admin2Name": "Chittagong", "admin2Pcod": "2015", "admin1Name": "Chittagong", "admin1Pcod": "20", "admin0Name": "Bangladesh", "admin0Pcod": "BD", "date": "2015-01-01", "validOn": "2018-04-10", "validTo": null, "Shape_Leng": 0.20038457574, "Shape_Area": 0.00203084545, "name": "Ward No-01" }, "geometry": { "type": "Point", "coordinates": [ 91.821735766000344, 22.399587648903555 ] } },
{ "type": "Feature", "properties": { "rand_point_id": 823, "OBJECTID": 120, "admin4Name": "Ward No-01", "admin4Pcod": "20150601", "admin4RefN": null, "admin4AltN": null, "admin4Al_1": null, "admin3Name": "Bayejid Bostami", "admin3Pcod": "201506", "admin2Name": "Chittagong", "admin2Pcod": "2015", "admin1Name": "Chittagong", "admin1Pcod": "20", "admin0Name": "Bangladesh", "admin0Pcod": "BD", "date": "2015-01-01", "validOn": "2018-04-10", "validTo": null, "Shape_Leng": 0.20038457574, "Shape_Area": 0.00203084545, "name": "Ward No-01" }, "geometry": { "type": "Point", "coordinates": [ 91.773478098422345, 22.312157288064491 ] } },
{ "type": "Feature", "properties": { "rand_point_id": 824, "OBJECTID": 120, "admin4Name": "Ward No-01", "admin4Pcod": "20150601", "admin4RefN": null, "admin4AltN": null, "admin4Al_1": null, "admin3Name": "Bayejid Bostami", "admin3Pcod": "201506", "admin2Name": "Chittagong", "admin2Pcod": "2015", "admin1Name": "Chittagong", "admin1Pcod": "20", "admin0Name": "Bangladesh", "admin0Pcod": "BD", "date": "2015-01-01", "validOn": "2018-04-10", "validTo": null, "Shape_Leng": 0.20038457574, "Shape_Area": 0.00203084545, "name": "Ward No-01" }, "geometry": { "type": "Point", "coordinates": [ 91.820186777242583, 22.358575438557292 ] } },
{ "type": "Feature", "properties": { "rand_point_id": 825, "OBJECTID": 120, "admin4Name": "Ward No-01", "admin4Pcod": "20150601", "admin4RefN": null, "admin4AltN": null, "admin4Al_1": null, "admin3Name": "Bayejid Bostami", "admin3Pcod": "201506", "admin2Name": "Chittagong", "admin2Pcod": "2015", "admin1Name": "Chittagong", "admin1Pcod": "20", "admin0Name": "Bangladesh", "admin0Pcod": "BD", "date": "2015-01-01", "validOn": "2018-04-10", "validTo": null, "Shape_Leng": 0.20038457574, "Shape_Area": 0.00203084545, "name": "Ward No-01" }, "geometry": { "type": "Point", "coordinates": [ 91.77285763500528, 22.359099058132607 ] } },
{ "type": "Feature", "properties": { "rand_point_id": 826, "OBJECTID": 120, "admin4Name": "Ward No-01", "admin4Pcod": "20150601", "admin4RefN": null, "admin4AltN": null, "admin4Al_1": null, "admin3Name": "Bayejid Bostami", "admin3Pcod": "201506", "admin2Name": "Chittagong", "admin2Pcod": "2015", "admin1Name": "Chittagong", "admin1Pcod": "20", "admin0Name": "Bangladesh", "admin0Pcod": "BD", "date": "2015-01-01", "validOn": "2018-04-10", "validTo": null, "Shape_Leng": 0.20038457574, "Shape_Area": 0.00203084545, "name": "Ward No-01" }, "geometry": { "type": "Point", "coordinates": [ 91.77571108261786, 22.288467494876656 ] } },
{ "type": "Feature", "properties": { "rand_point_id": 827, "OBJECTID": 120, "admin4Name": "Ward No-01", "admin4Pcod": "20150601", "admin4RefN": null, "admin4AltN": null, "admin4Al_1": null, "admin3Name": "Bayejid Bostami", "admin3Pcod": "201506", "admin2Name": "Chittagong", "admin2Pcod": "2015", "admin1Name": "Chittagong", "admin1Pcod": "20", "admin0Name": "Bangladesh", "admin0Pcod": "BD", "date": "2015-01-01", "validOn": "2018-04-10", "validTo": null, "Shape_Leng": 0.20038457574, "Shape_Area": 0.00203084545, "name": "Ward No-01" }, "geometry": { "type": "Point", "coordinates": [ 91.842264835756595, 22.374939922348023 ] } },
{ "type": "Feature", "properties": { "rand_point_id": 828, "OBJECTID": 120, "admin4Name": "Ward No-01", "admin4Pcod": "20150601", "admin4RefN": null, "admin4AltN": null, "admin4Al_1": null, "admin3Name": "Bayejid Bostami", "admin3Pcod": "201506", "admin2Name": "Chittagong", "admin2Pcod": "2015", "admin1Name": "Chittagong", "admin1Pcod": "20", "admin0Name": "Bangladesh", "admin0Pcod": "BD", "date": "2015-01-01", "validOn": "2018-04-10", "validTo": null, "Shape_Leng": 0.20038457574, "Shape_Area": 0.00203084545, "name": "Ward No-01" }, "geometry": { "type": "Point", "coordinates": [ 91.877403546630305, 22.410218315705198 ] } },
{ "type": "Feature", "properties": { "rand_point_id": 829, "OBJECTID": 120, "admin4Name": "Ward No-01", "admin4Pcod": "20150601", "admin4RefN": null, "admin4AltN": null, "admin4Al_1": null, "admin3Name": "Bayejid Bostami", "admin3Pcod": "201506", "admin2Name": "Chittagong", "admin2Pcod": "2015", "admin1Name": "Chittagong", "admin1Pcod": "20", "admin0Name": "Bangladesh", "admin0Pcod": "BD", "date": "2015-01-01", "validOn": "2018-04-10", "validTo": null, "Shape_Leng": 0.20038457574, "Shape_Area": 0.00203084545, "name": "Ward No-01" }, "geometry": { "type": "Point", "coordinates": [ 91.857261153385181, 22.361412954013286 ] } },
{ "type": "Feature", "properties": { "rand_point_id": 830, "OBJECTID": 120, "admin4Name": "Ward No-01", "admin4Pcod": "20150601", "admin4RefN": null, "admin4AltN": null, "admin4Al_1": null, "admin3Name": "Bayejid Bostami", "admin3Pcod": "201506", "admin2Name": "Chittagong", "admin2Pcod": "2015", "admin1Name": "Chittagong", "admin1Pcod": "20", "admin0Name": "Bangladesh", "admin0Pcod": "BD", "date": "2015-01-01", "validOn": "2018-04-10", "validTo": null, "Shape_Leng": 0.20038457574, "Shape_Area": 0.00203084545, "name": "Ward No-01" }, "geometry": { "type": "Point", "coordinates": [ 91.844622823061499, 22.387315868391486 ] } },
{ "type": "Feature", "properties": { "rand_point_id": 831, "OBJECTID": 120, "admin4Name": "Ward No-01", "admin4Pcod": "20150601", "admin4RefN": null, "admin4AltN": null, "admin4Al_1": null, "admin3Name": "Bayejid Bostami", "admin3Pcod": "201506", "admin2Name": "Chittagong", "admin2Pcod": "2015", "admin1Name": "Chittagong", "admin1Pcod": "20", "admin0Name": "Bangladesh", "admin0Pcod": "BD", "date": "2015-01-01", "validOn": "2018-04-10", "validTo": null, "Shape_Leng": 0.20038457574, "Shape_Area": 0.00203084545, "name": "Ward No-01" }, "geometry": { "type": "Point", "coordinates": [ 91.799257209802903, 22.358684765938968 ] } },
{ "type": "Feature", "properties": { "rand_point_id": 832, "OBJECTID": 120, "admin4Name": "Ward No-01", "admin4Pcod": "20150601", "admin4RefN": null, "admin4AltN": null, "admin4Al_1": null, "admin3Name": "Bayejid Bostami", "admin3Pcod": "201506", "admin2Name": "Chittagong", "admin2Pcod": "2015", "admin1Name": "Chittagong", "admin1Pcod": "20", "admin0Name": "Bangladesh", "admin0Pcod": "BD", "date": "2015-01-01", "validOn": "2018-04-10", "validTo": null, "Shape_Leng": 0.20038457574, "Shape_Area": 0.00203084545, "name": "Ward No-01" }, "geometry": { "type": "Point", "coordinates": [ 91.804411268244834, 22.239219884434366 ] } },
{ "type": "Feature", "properties": { "rand_point_id": 833, "OBJECTID": 120, "admin4Name": "Ward No-01", "admin4Pcod": "20150601", "admin4RefN": null, "admin4AltN": null, "admin4Al_1": null, "admin3Name": "Bayejid Bostami", "admin3Pcod": "201506", "admin2Name": "Chittagong", "admin2Pcod": "2015", "admin1Name": "Chittagong", "admin1Pcod": "20", "admin0Name": "Bangladesh", "admin0Pcod": "BD", "date": "2015-01-01", "validOn": "2018-04-10", "validTo": null, "Shape_Leng": 0.20038457574, "Shape_Area": 0.00203084545, "name": "Ward No-01" }, "geometry": { "type": "Point", "coordinates": [ 91.85547421408674, 22.356837296633852 ] } },
{ "type": "Feature", "properties": { "rand_point_id": 834, "OBJECTID": 120, "admin4Name": "Ward No-01", "admin4Pcod": "20150601", "admin4RefN": null, "admin4AltN": null, "admin4Al_1": null, "admin3Name": "Bayejid Bostami", "admin3Pcod": "201506", "admin2Name": "Chittagong", "admin2Pcod": "2015", "admin1Name": "Chittagong", "admin1Pcod": "20", "admin0Name": "Bangladesh", "admin0Pcod": "BD", "date": "2015-01-01", "validOn": "2018-04-10", "validTo": null, "Shape_Leng": 0.20038457574, "Shape_Area": 0.00203084545, "name": "Ward No-01" }, "geometry": { "type": "Point", "coordinates": [ 91.818839921630456, 22.37074038127427 ] } },
{ "type": "Feature", "properties": { "rand_point_id": 835, "OBJECTID": 120, "admin4Name": "Ward No-01", "admin4Pcod": "20150601", "admin4RefN": null, "admin4AltN": null, "admin4Al_1": null, "admin3Name": "Bayejid Bostami", "admin3Pcod": "201506", "admin2Name": "Chittagong", "admin2Pcod": "2015", "admin1Name": "Chittagong", "admin1Pcod": "20", "admin0Name": "Bangladesh", "admin0Pcod": "BD", "date": "2015-01-01", "validOn": "2018-04-10", "validTo": null, "Shape_Leng": 0.20038457574, "Shape_Area": 0.00203084545, "name": "Ward No-01" }, "geometry": { "type": "Point", "coordinates": [ 91.77162062407163, 22.354239894441115 ] } },
{ "type": "Feature", "properties": { "rand_point_id": 836, "OBJECTID": 120, "admin4Name": "Ward No-01", "admin4Pcod": "20150601", "admin4RefN": null, "admin4AltN": null, "admin4Al_1": null, "admin3Name": "Bayejid Bostami", "admin3Pcod": "201506", "admin2Name": "Chittagong", "admin2Pcod": "2015", "admin1Name": "Chittagong", "admin1Pcod": "20", "admin0Name": "Bangladesh", "admin0Pcod": "BD", "date": "2015-01-01", "validOn": "2018-04-10", "validTo": null, "Shape_Leng": 0.20038457574, "Shape_Area": 0.00203084545, "name": "Ward No-01" }, "geometry": { "type": "Point", "coordinates": [ 91.807579731288058, 22.431598854553449 ] } },
{ "type": "Feature", "properties": { "rand_point_id": 837, "OBJECTID": 120, "admin4Name": "Ward No-01", "admin4Pcod": "20150601", "admin4RefN": null, "admin4AltN": null, "admin4Al_1": null, "admin3Name": "Bayejid Bostami", "admin3Pcod": "201506", "admin2Name": "Chittagong", "admin2Pcod": "2015", "admin1Name": "Chittagong", "admin1Pcod": "20", "admin0Name": "Bangladesh", "admin0Pcod": "BD", "date": "2015-01-01", "validOn": "2018-04-10", "validTo": null, "Shape_Leng": 0.20038457574, "Shape_Area": 0.00203084545, "name": "Ward No-01" }, "geometry": { "type": "Point", "coordinates": [ 91.787474708962876, 22.439294045172666 ] } },
{ "type": "Feature", "properties": { "rand_point_id": 838, "OBJECTID": 120, "admin4Name": "Ward No-01", "admin4Pcod": "20150601", "admin4RefN": null, "admin4AltN": null, "admin4Al_1": null, "admin3Name": "Bayejid Bostami", "admin3Pcod": "201506", "admin2Name": "Chittagong", "admin2Pcod": "2015", "admin1Name": "Chittagong", "admin1Pcod": "20", "admin0Name": "Bangladesh", "admin0Pcod": "BD", "date": "2015-01-01", "validOn": "2018-04-10", "validTo": null, "Shape_Leng": 0.20038457574, "Shape_Area": 0.00203084545, "name": "Ward No-01" }, "geometry": { "type": "Point", "coordinates": [ 91.823974227939587, 22.385315777379819 ] } },
{ "type": "Feature", "properties": { "rand_point_id": 839, "OBJECTID": 120, "admin4Name": "Ward No-01", "admin4Pcod": "20150601", "admin4RefN": null, "admin4AltN": null, "admin4Al_1": null, "admin3Name": "Bayejid Bostami", "admin3Pcod": "201506", "admin2Name": "Chittagong", "admin2Pcod": "2015", "admin1Name": "Chittagong", "admin1Pcod": "20", "admin0Name": "Bangladesh", "admin0Pcod": "BD", "date": "2015-01-01", "validOn": "2018-04-10", "validTo": null, "Shape_Leng": 0.20038457574, "Shape_Area": 0.00203084545, "name": "Ward No-01" }, "geometry": { "type": "Point", "coordinates": [ 91.779937693539537, 22.297522326057958 ] } },
{ "type": "Feature", "properties": { "rand_point_id": 840, "OBJECTID": 120, "admin4Name": "Ward No-01", "admin4Pcod": "20150601", "admin4RefN": null, "admin4AltN": null, "admin4Al_1": null, "admin3Name": "Bayejid Bostami", "admin3Pcod": "201506", "admin2Name": "Chittagong", "admin2Pcod": "2015", "admin1Name": "Chittagong", "admin1Pcod": "20", "admin0Name": "Bangladesh", "admin0Pcod": "BD", "date": "2015-01-01", "validOn": "2018-04-10", "validTo": null, "Shape_Leng": 0.20038457574, "Shape_Area": 0.00203084545, "name": "Ward No-01" }, "geometry": { "type": "Point", "coordinates": [ 91.801401289883628, 22.373696054704286 ] } },
{ "type": "Feature", "properties": { "rand_point_id": 841, "OBJECTID": 120, "admin4Name": "Ward No-01", "admin4Pcod": "20150601", "admin4RefN": null, "admin4AltN": null, "admin4Al_1": null, "admin3Name": "Bayejid Bostami", "admin3Pcod": "201506", "admin2Name": "Chittagong", "admin2Pcod": "2015", "admin1Name": "Chittagong", "admin1Pcod": "20", "admin0Name": "Bangladesh", "admin0Pcod": "BD", "date": "2015-01-01", "validOn": "2018-04-10", "validTo": null, "Shape_Leng": 0.20038457574, "Shape_Area": 0.00203084545, "name": "Ward No-01" }, "geometry": { "type": "Point", "coordinates": [ 91.800624642317189, 22.269644237662447 ] } },
{ "type": "Feature", "properties": { "rand_point_id": 842, "OBJECTID": 120, "admin4Name": "Ward No-01", "admin4Pcod": "20150601", "admin4RefN": null, "admin4AltN": null, "admin4Al_1": null, "admin3Name": "Bayejid Bostami", "admin3Pcod": "201506", "admin2Name": "Chittagong", "admin2Pcod": "2015", "admin1Name": "Chittagong", "admin1Pcod": "20", "admin0Name": "Bangladesh", "admin0Pcod": "BD", "date": "2015-01-01", "validOn": "2018-04-10", "validTo": null, "Shape_Leng": 0.20038457574, "Shape_Area": 0.00203084545, "name": "Ward No-01" }, "geometry": { "type": "Point", "coordinates": [ 91.797779946171545, 22.370082599883894 ] } },
{ "type": "Feature", "properties": { "rand_point_id": 843, "OBJECTID": 120, "admin4Name": "Ward No-01", "admin4Pcod": "20150601", "admin4RefN": null, "admin4AltN": null, "admin4Al_1": null, "admin3Name": "Bayejid Bostami", "admin3Pcod": "201506", "admin2Name": "Chittagong", "admin2Pcod": "2015", "admin1Name": "Chittagong", "admin1Pcod": "20", "admin0Name": "Bangladesh", "admin0Pcod": "BD", "date": "2015-01-01", "validOn": "2018-04-10", "validTo": null, "Shape_Leng": 0.20038457574, "Shape_Area": 0.00203084545, "name": "Ward No-01" }, "geometry": { "type": "Point", "coordinates": [ 91.786199269926016, 22.455436299287047 ] } },
{ "type": "Feature", "properties": { "rand_point_id": 844, "OBJECTID": 120, "admin4Name": "Ward No-01", "admin4Pcod": "20150601", "admin4RefN": null, "admin4AltN": null, "admin4Al_1": null, "admin3Name": "Bayejid Bostami", "admin3Pcod": "201506", "admin2Name": "Chittagong", "admin2Pcod": "2015", "admin1Name": "Chittagong", "admin1Pcod": "20", "admin0Name": "Bangladesh", "admin0Pcod": "BD", "date": "2015-01-01", "validOn": "2018-04-10", "validTo": null, "Shape_Leng": 0.20038457574, "Shape_Area": 0.00203084545, "name": "Ward No-01" }, "geometry": { "type": "Point", "coordinates": [ 91.774566038876756, 22.372875457690185 ] } },
{ "type": "Feature", "properties": { "rand_point_id": 845, "OBJECTID": 120, "admin4Name": "Ward No-01", "admin4Pcod": "20150601", "admin4RefN": null, "admin4AltN": null, "admin4Al_1": null, "admin3Name": "Bayejid Bostami", "admin3Pcod": "201506", "admin2Name": "Chittagong", "admin2Pcod": "2015", "admin1Name": "Chittagong", "admin1Pcod": "20", "admin0Name": "Bangladesh", "admin0Pcod": "BD", "date": "2015-01-01", "validOn": "2018-04-10", "validTo": null, "Shape_Leng": 0.20038457574, "Shape_Area": 0.00203084545, "name": "Ward No-01" }, "geometry": { "type": "Point", "coordinates": [ 91.843188377122601, 22.327230798614902 ] } },
{ "type": "Feature", "properties": { "rand_point_id": 846, "OBJECTID": 120, "admin4Name": "Ward No-01", "admin4Pcod": "20150601", "admin4RefN": null, "admin4AltN": null, "admin4Al_1": null, "admin3Name": "Bayejid Bostami", "admin3Pcod": "201506", "admin2Name": "Chittagong", "admin2Pcod": "2015", "admin1Name": "Chittagong", "admin1Pcod": "20", "admin0Name": "Bangladesh", "admin0Pcod": "BD", "date": "2015-01-01", "validOn": "2018-04-10", "validTo": null, "Shape_Leng": 0.20038457574, "Shape_Area": 0.00203084545, "name": "Ward No-01" }, "geometry": { "type": "Point", "coordinates": [ 91.808945747972089, 22.374470057528832 ] } },
{ "type": "Feature", "properties": { "rand_point_id": 847, "OBJECTID": 120, "admin4Name": "Ward No-01", "admin4Pcod": "20150601", "admin4RefN": null, "admin4AltN": null, "admin4Al_1": null, "admin3Name": "Bayejid Bostami", "admin3Pcod": "201506", "admin2Name": "Chittagong", "admin2Pcod": "2015", "admin1Name": "Chittagong", "admin1Pcod": "20", "admin0Name": "Bangladesh", "admin0Pcod": "BD", "date": "2015-01-01", "validOn": "2018-04-10", "validTo": null, "Shape_Leng": 0.20038457574, "Shape_Area": 0.00203084545, "name": "Ward No-01" }, "geometry": { "type": "Point", "coordinates": [ 91.82713135675462, 22.401764874113113 ] } },
{ "type": "Feature", "properties": { "rand_point_id": 848, "OBJECTID": 120, "admin4Name": "Ward No-01", "admin4Pcod": "20150601", "admin4RefN": null, "admin4AltN": null, "admin4Al_1": null, "admin3Name": "Bayejid Bostami", "admin3Pcod": "201506", "admin2Name": "Chittagong", "admin2Pcod": "2015", "admin1Name": "Chittagong", "admin1Pcod": "20", "admin0Name": "Bangladesh", "admin0Pcod": "BD", "date": "2015-01-01", "validOn": "2018-04-10", "validTo": null, "Shape_Leng": 0.20038457574, "Shape_Area": 0.00203084545, "name": "Ward No-01" }, "geometry": { "type": "Point", "coordinates": [ 91.792959215108226, 22.351625462674853 ] } },
{ "type": "Feature", "properties": { "rand_point_id": 849, "OBJECTID": 120, "admin4Name": "Ward No-01", "admin4Pcod": "20150601", "admin4RefN": null, "admin4AltN": null, "admin4Al_1": null, "admin3Name": "Bayejid Bostami", "admin3Pcod": "201506", "admin2Name": "Chittagong", "admin2Pcod": "2015", "admin1Name": "Chittagong", "admin1Pcod": "20", "admin0Name": "Bangladesh", "admin0Pcod": "BD", "date": "2015-01-01", "validOn": "2018-04-10", "validTo": null, "Shape_Leng": 0.20038457574, "Shape_Area": 0.00203084545, "name": "Ward No-01" }, "geometry": { "type": "Point", "coordinates": [ 91.859958921948916, 22.349028986988191 ] } },
{ "type": "Feature", "properties": { "rand_point_id": 850, "OBJECTID": 120, "admin4Name": "Ward No-01", "admin4Pcod": "20150601", "admin4RefN": null, "admin4AltN": null, "admin4Al_1": null, "admin3Name": "Bayejid Bostami", "admin3Pcod": "201506", "admin2Name": "Chittagong", "admin2Pcod": "2015", "admin1Name": "Chittagong", "admin1Pcod": "20", "admin0Name": "Bangladesh", "admin0Pcod": "BD", "date": "2015-01-01", "validOn": "2018-04-10", "validTo": null, "Shape_Leng": 0.20038457574, "Shape_Area": 0.00203084545, "name": "Ward No-01" }, "geometry": { "type": "Point", "coordinates": [ 91.805520134108107, 22.425339055648966 ] } },
{ "type": "Feature", "properties": { "rand_point_id": 851, "OBJECTID": 120, "admin4Name": "Ward No-01", "admin4Pcod": "20150601", "admin4RefN": null, "admin4AltN": null, "admin4Al_1": null, "admin3Name": "Bayejid Bostami", "admin3Pcod": "201506", "admin2Name": "Chittagong", "admin2Pcod": "2015", "admin1Name": "Chittagong", "admin1Pcod": "20", "admin0Name": "Bangladesh", "admin0Pcod": "BD", "date": "2015-01-01", "validOn": "2018-04-10", "validTo": null, "Shape_Leng": 0.20038457574, "Shape_Area": 0.00203084545, "name": "Ward No-01" }, "geometry": { "type": "Point", "coordinates": [ 91.839803069274652, 22.379206023509408 ] } },
{ "type": "Feature", "properties": { "rand_point_id": 852, "OBJECTID": 120, "admin4Name": "Ward No-01", "admin4Pcod": "20150601", "admin4RefN": null, "admin4AltN": null, "admin4Al_1": null, "admin3Name": "Bayejid Bostami", "admin3Pcod": "201506", "admin2Name": "Chittagong", "admin2Pcod": "2015", "admin1Name": "Chittagong", "admin1Pcod": "20", "admin0Name": "Bangladesh", "admin0Pcod": "BD", "date": "2015-01-01", "validOn": "2018-04-10", "validTo": null, "Shape_Leng": 0.20038457574, "Shape_Area": 0.00203084545, "name": "Ward No-01" }, "geometry": { "type": "Point", "coordinates": [ 91.836335337820543, 22.344665130272908 ] } },
{ "type": "Feature", "properties": { "rand_point_id": 853, "OBJECTID": 120, "admin4Name": "Ward No-01", "admin4Pcod": "20150601", "admin4RefN": null, "admin4AltN": null, "admin4Al_1": null, "admin3Name": "Bayejid Bostami", "admin3Pcod": "201506", "admin2Name": "Chittagong", "admin2Pcod": "2015", "admin1Name": "Chittagong", "admin1Pcod": "20", "admin0Name": "Bangladesh", "admin0Pcod": "BD", "date": "2015-01-01", "validOn": "2018-04-10", "validTo": null, "Shape_Leng": 0.20038457574, "Shape_Area": 0.00203084545, "name": "Ward No-01" }, "geometry": { "type": "Point", "coordinates": [ 91.76889527230729, 22.368528971876604 ] } },
{ "type": "Feature", "properties": { "rand_point_id": 854, "OBJECTID": 120, "admin4Name": "Ward No-01", "admin4Pcod": "20150601", "admin4RefN": null, "admin4AltN": null, "admin4Al_1": null, "admin3Name": "Bayejid Bostami", "admin3Pcod": "201506", "admin2Name": "Chittagong", "admin2Pcod": "2015", "admin1Name": "Chittagong", "admin1Pcod": "20", "admin0Name": "Bangladesh", "admin0Pcod": "BD", "date": "2015-01-01", "validOn": "2018-04-10", "validTo": null, "Shape_Leng": 0.20038457574, "Shape_Area": 0.00203084545, "name": "Ward No-01" }, "geometry": { "type": "Point", "coordinates": [ 91.875206962604395, 22.382769557235942 ] } },
{ "type": "Feature", "properties": { "rand_point_id": 855, "OBJECTID": 120, "admin4Name": "Ward No-01", "admin4Pcod": "20150601", "admin4RefN": null, "admin4AltN": null, "admin4Al_1": null, "admin3Name": "Bayejid Bostami", "admin3Pcod": "201506", "admin2Name": "Chittagong", "admin2Pcod": "2015", "admin1Name": "Chittagong", "admin1Pcod": "20", "admin0Name": "Bangladesh", "admin0Pcod": "BD", "date": "2015-01-01", "validOn": "2018-04-10", "validTo": null, "Shape_Leng": 0.20038457574, "Shape_Area": 0.00203084545, "name": "Ward No-01" }, "geometry": { "type": "Point", "coordinates": [ 91.828707065600739, 22.40039497888818 ] } },
{ "type": "Feature", "properties": { "rand_point_id": 856, "OBJECTID": 120, "admin4Name": "Ward No-01", "admin4Pcod": "20150601", "admin4RefN": null, "admin4AltN": null, "admin4Al_1": null, "admin3Name": "Bayejid Bostami", "admin3Pcod": "201506", "admin2Name": "Chittagong", "admin2Pcod": "2015", "admin1Name": "Chittagong", "admin1Pcod": "20", "admin0Name": "Bangladesh", "admin0Pcod": "BD", "date": "2015-01-01", "validOn": "2018-04-10", "validTo": null, "Shape_Leng": 0.20038457574, "Shape_Area": 0.00203084545, "name": "Ward No-01" }, "geometry": { "type": "Point", "coordinates": [ 91.866461392494287, 22.383534502902513 ] } },
{ "type": "Feature", "properties": { "rand_point_id": 857, "OBJECTID": 120, "admin4Name": "Ward No-01", "admin4Pcod": "20150601", "admin4RefN": null, "admin4AltN": null, "admin4Al_1": null, "admin3Name": "Bayejid Bostami", "admin3Pcod": "201506", "admin2Name": "Chittagong", "admin2Pcod": "2015", "admin1Name": "Chittagong", "admin1Pcod": "20", "admin0Name": "Bangladesh", "admin0Pcod": "BD", "date": "2015-01-01", "validOn": "2018-04-10", "validTo": null, "Shape_Leng": 0.20038457574, "Shape_Area": 0.00203084545, "name": "Ward No-01" }, "geometry": { "type": "Point", "coordinates": [ 91.775064474031566, 22.296562776704903 ] } },
{ "type": "Feature", "properties": { "rand_point_id": 858, "OBJECTID": 120, "admin4Name": "Ward No-01", "admin4Pcod": "20150601", "admin4RefN": null, "admin4AltN": null, "admin4Al_1": null, "admin3Name": "Bayejid Bostami", "admin3Pcod": "201506", "admin2Name": "Chittagong", "admin2Pcod": "2015", "admin1Name": "Chittagong", "admin1Pcod": "20", "admin0Name": "Bangladesh", "admin0Pcod": "BD", "date": "2015-01-01", "validOn": "2018-04-10", "validTo": null, "Shape_Leng": 0.20038457574, "Shape_Area": 0.00203084545, "name": "Ward No-01" }, "geometry": { "type": "Point", "coordinates": [ 91.78068000474515, 22.284201749525625 ] } },
{ "type": "Feature", "properties": { "rand_point_id": 859, "OBJECTID": 120, "admin4Name": "Ward No-01", "admin4Pcod": "20150601", "admin4RefN": null, "admin4AltN": null, "admin4Al_1": null, "admin3Name": "Bayejid Bostami", "admin3Pcod": "201506", "admin2Name": "Chittagong", "admin2Pcod": "2015", "admin1Name": "Chittagong", "admin1Pcod": "20", "admin0Name": "Bangladesh", "admin0Pcod": "BD", "date": "2015-01-01", "validOn": "2018-04-10", "validTo": null, "Shape_Leng": 0.20038457574, "Shape_Area": 0.00203084545, "name": "Ward No-01" }, "geometry": { "type": "Point", "coordinates": [ 91.7883993732964, 22.266411222046003 ] } },
{ "type": "Feature", "properties": { "rand_point_id": 860, "OBJECTID": 120, "admin4Name": "Ward No-01", "admin4Pcod": "20150601", "admin4RefN": null, "admin4AltN": null, "admin4Al_1": null, "admin3Name": "Bayejid Bostami", "admin3Pcod": "201506", "admin2Name": "Chittagong", "admin2Pcod": "2015", "admin1Name": "Chittagong", "admin1Pcod": "20", "admin0Name": "Bangladesh", "admin0Pcod": "BD", "date": "2015-01-01", "validOn": "2018-04-10", "validTo": null, "Shape_Leng": 0.20038457574, "Shape_Area": 0.00203084545, "name": "Ward No-01" }, "geometry": { "type": "Point", "coordinates": [ 91.80260677823712, 22.32019971819398 ] } },
{ "type": "Feature", "properties": { "rand_point_id": 861, "OBJECTID": 120, "admin4Name": "Ward No-01", "admin4Pcod": "20150601", "admin4RefN": null, "admin4AltN": null, "admin4Al_1": null, "admin3Name": "Bayejid Bostami", "admin3Pcod": "201506", "admin2Name": "Chittagong", "admin2Pcod": "2015", "admin1Name": "Chittagong", "admin1Pcod": "20", "admin0Name": "Bangladesh", "admin0Pcod": "BD", "date": "2015-01-01", "validOn": "2018-04-10", "validTo": null, "Shape_Leng": 0.20038457574, "Shape_Area": 0.00203084545, "name": "Ward No-01" }, "geometry": { "type": "Point", "coordinates": [ 91.819159491247433, 22.326277356360098 ] } },
{ "type": "Feature", "properties": { "rand_point_id": 862, "OBJECTID": 120, "admin4Name": "Ward No-01", "admin4Pcod": "20150601", "admin4RefN": null, "admin4AltN": null, "admin4Al_1": null, "admin3Name": "Bayejid Bostami", "admin3Pcod": "201506", "admin2Name": "Chittagong", "admin2Pcod": "2015", "admin1Name": "Chittagong", "admin1Pcod": "20", "admin0Name": "Bangladesh", "admin0Pcod": "BD", "date": "2015-01-01", "validOn": "2018-04-10", "validTo": null, "Shape_Leng": 0.20038457574, "Shape_Area": 0.00203084545, "name": "Ward No-01" }, "geometry": { "type": "Point", "coordinates": [ 91.817672873308041, 22.432190246714562 ] } },
{ "type": "Feature", "properties": { "rand_point_id": 863, "OBJECTID": 120, "admin4Name": "Ward No-01", "admin4Pcod": "20150601", "admin4RefN": null, "admin4AltN": null, "admin4Al_1": null, "admin3Name": "Bayejid Bostami", "admin3Pcod": "201506", "admin2Name": "Chittagong", "admin2Pcod": "2015", "admin1Name": "Chittagong", "admin1Pcod": "20", "admin0Name": "Bangladesh", "admin0Pcod": "BD", "date": "2015-01-01", "validOn": "2018-04-10", "validTo": null, "Shape_Leng": 0.20038457574, "Shape_Area": 0.00203084545, "name": "Ward No-01" }, "geometry": { "type": "Point", "coordinates": [ 91.818241114270705, 22.436394623763618 ] } },
{ "type": "Feature", "properties": { "rand_point_id": 864, "OBJECTID": 120, "admin4Name": "Ward No-01", "admin4Pcod": "20150601", "admin4RefN": null, "admin4AltN": null, "admin4Al_1": null, "admin3Name": "Bayejid Bostami", "admin3Pcod": "201506", "admin2Name": "Chittagong", "admin2Pcod": "2015", "admin1Name": "Chittagong", "admin1Pcod": "20", "admin0Name": "Bangladesh", "admin0Pcod": "BD", "date": "2015-01-01", "validOn": "2018-04-10", "validTo": null, "Shape_Leng": 0.20038457574, "Shape_Area": 0.00203084545, "name": "Ward No-01" }, "geometry": { "type": "Point", "coordinates": [ 91.826307709869866, 22.328670754001841 ] } },
{ "type": "Feature", "properties": { "rand_point_id": 865, "OBJECTID": 120, "admin4Name": "Ward No-01", "admin4Pcod": "20150601", "admin4RefN": null, "admin4AltN": null, "admin4Al_1": null, "admin3Name": "Bayejid Bostami", "admin3Pcod": "201506", "admin2Name": "Chittagong", "admin2Pcod": "2015", "admin1Name": "Chittagong", "admin1Pcod": "20", "admin0Name": "Bangladesh", "admin0Pcod": "BD", "date": "2015-01-01", "validOn": "2018-04-10", "validTo": null, "Shape_Leng": 0.20038457574, "Shape_Area": 0.00203084545, "name": "Ward No-01" }, "geometry": { "type": "Point", "coordinates": [ 91.80063928272051, 22.26117023723441 ] } },
{ "type": "Feature", "properties": { "rand_point_id": 866, "OBJECTID": 120, "admin4Name": "Ward No-01", "admin4Pcod": "20150601", "admin4RefN": null, "admin4AltN": null, "admin4Al_1": null, "admin3Name": "Bayejid Bostami", "admin3Pcod": "201506", "admin2Name": "Chittagong", "admin2Pcod": "2015", "admin1Name": "Chittagong", "admin1Pcod": "20", "admin0Name": "Bangladesh", "admin0Pcod": "BD", "date": "2015-01-01", "validOn": "2018-04-10", "validTo": null, "Shape_Leng": 0.20038457574, "Shape_Area": 0.00203084545, "name": "Ward No-01" }, "geometry": { "type": "Point", "coordinates": [ 91.806768333430639, 22.448948138059556 ] } },
{ "type": "Feature", "properties": { "rand_point_id": 867, "OBJECTID": 120, "admin4Name": "Ward No-01", "admin4Pcod": "20150601", "admin4RefN": null, "admin4AltN": null, "admin4Al_1": null, "admin3Name": "Bayejid Bostami", "admin3Pcod": "201506", "admin2Name": "Chittagong", "admin2Pcod": "2015", "admin1Name": "Chittagong", "admin1Pcod": "20", "admin0Name": "Bangladesh", "admin0Pcod": "BD", "date": "2015-01-01", "validOn": "2018-04-10", "validTo": null, "Shape_Leng": 0.20038457574, "Shape_Area": 0.00203084545, "name": "Ward No-01" }, "geometry": { "type": "Point", "coordinates": [ 91.843232626836937, 22.348383379399092 ] } },
{ "type": "Feature", "properties": { "rand_point_id": 868, "OBJECTID": 120, "admin4Name": "Ward No-01", "admin4Pcod": "20150601", "admin4RefN": null, "admin4AltN": null, "admin4Al_1": null, "admin3Name": "Bayejid Bostami", "admin3Pcod": "201506", "admin2Name": "Chittagong", "admin2Pcod": "2015", "admin1Name": "Chittagong", "admin1Pcod": "20", "admin0Name": "Bangladesh", "admin0Pcod": "BD", "date": "2015-01-01", "validOn": "2018-04-10", "validTo": null, "Shape_Leng": 0.20038457574, "Shape_Area": 0.00203084545, "name": "Ward No-01" }, "geometry": { "type": "Point", "coordinates": [ 91.801704583981831, 22.253712211140616 ] } },
{ "type": "Feature", "properties": { "rand_point_id": 869, "OBJECTID": 120, "admin4Name": "Ward No-01", "admin4Pcod": "20150601", "admin4RefN": null, "admin4AltN": null, "admin4Al_1": null, "admin3Name": "Bayejid Bostami", "admin3Pcod": "201506", "admin2Name": "Chittagong", "admin2Pcod": "2015", "admin1Name": "Chittagong", "admin1Pcod": "20", "admin0Name": "Bangladesh", "admin0Pcod": "BD", "date": "2015-01-01", "validOn": "2018-04-10", "validTo": null, "Shape_Leng": 0.20038457574, "Shape_Area": 0.00203084545, "name": "Ward No-01" }, "geometry": { "type": "Point", "coordinates": [ 91.835567903129515, 22.346502495114127 ] } },
{ "type": "Feature", "properties": { "rand_point_id": 870, "OBJECTID": 120, "admin4Name": "Ward No-01", "admin4Pcod": "20150601", "admin4RefN": null, "admin4AltN": null, "admin4Al_1": null, "admin3Name": "Bayejid Bostami", "admin3Pcod": "201506", "admin2Name": "Chittagong", "admin2Pcod": "2015", "admin1Name": "Chittagong", "admin1Pcod": "20", "admin0Name": "Bangladesh", "admin0Pcod": "BD", "date": "2015-01-01", "validOn": "2018-04-10", "validTo": null, "Shape_Leng": 0.20038457574, "Shape_Area": 0.00203084545, "name": "Ward No-01" }, "geometry": { "type": "Point", "coordinates": [ 91.758285640488992, 22.36507045103388 ] } },
{ "type": "Feature", "properties": { "rand_point_id": 871, "OBJECTID": 120, "admin4Name": "Ward No-01", "admin4Pcod": "20150601", "admin4RefN": null, "admin4AltN": null, "admin4Al_1": null, "admin3Name": "Bayejid Bostami", "admin3Pcod": "201506", "admin2Name": "Chittagong", "admin2Pcod": "2015", "admin1Name": "Chittagong", "admin1Pcod": "20", "admin0Name": "Bangladesh", "admin0Pcod": "BD", "date": "2015-01-01", "validOn": "2018-04-10", "validTo": null, "Shape_Leng": 0.20038457574, "Shape_Area": 0.00203084545, "name": "Ward No-01" }, "geometry": { "type": "Point", "coordinates": [ 91.849607363206829, 22.338813861086685 ] } },
{ "type": "Feature", "properties": { "rand_point_id": 872, "OBJECTID": 120, "admin4Name": "Ward No-01", "admin4Pcod": "20150601", "admin4RefN": null, "admin4AltN": null, "admin4Al_1": null, "admin3Name": "Bayejid Bostami", "admin3Pcod": "201506", "admin2Name": "Chittagong", "admin2Pcod": "2015", "admin1Name": "Chittagong", "admin1Pcod": "20", "admin0Name": "Bangladesh", "admin0Pcod": "BD", "date": "2015-01-01", "validOn": "2018-04-10", "validTo": null, "Shape_Leng": 0.20038457574, "Shape_Area": 0.00203084545, "name": "Ward No-01" }, "geometry": { "type": "Point", "coordinates": [ 91.814525679230911, 22.330725042364239 ] } },
{ "type": "Feature", "properties": { "rand_point_id": 873, "OBJECTID": 120, "admin4Name": "Ward No-01", "admin4Pcod": "20150601", "admin4RefN": null, "admin4AltN": null, "admin4Al_1": null, "admin3Name": "Bayejid Bostami", "admin3Pcod": "201506", "admin2Name": "Chittagong", "admin2Pcod": "2015", "admin1Name": "Chittagong", "admin1Pcod": "20", "admin0Name": "Bangladesh", "admin0Pcod": "BD", "date": "2015-01-01", "validOn": "2018-04-10", "validTo": null, "Shape_Leng": 0.20038457574, "Shape_Area": 0.00203084545, "name": "Ward No-01" }, "geometry": { "type": "Point", "coordinates": [ 91.823384636475481, 22.343610083928926 ] } },
{ "type": "Feature", "properties": { "rand_point_id": 874, "OBJECTID": 120, "admin4Name": "Ward No-01", "admin4Pcod": "20150601", "admin4RefN": null, "admin4AltN": null, "admin4Al_1": null, "admin3Name": "Bayejid Bostami", "admin3Pcod": "201506", "admin2Name": "Chittagong", "admin2Pcod": "2015", "admin1Name": "Chittagong", "admin1Pcod": "20", "admin0Name": "Bangladesh", "admin0Pcod": "BD", "date": "2015-01-01", "validOn": "2018-04-10", "validTo": null, "Shape_Leng": 0.20038457574, "Shape_Area": 0.00203084545, "name": "Ward No-01" }, "geometry": { "type": "Point", "coordinates": [ 91.812987222961013, 22.456504834848911 ] } },
{ "type": "Feature", "properties": { "rand_point_id": 875, "OBJECTID": 120, "admin4Name": "Ward No-01", "admin4Pcod": "20150601", "admin4RefN": null, "admin4AltN": null, "admin4Al_1": null, "admin3Name": "Bayejid Bostami", "admin3Pcod": "201506", "admin2Name": "Chittagong", "admin2Pcod": "2015", "admin1Name": "Chittagong", "admin1Pcod": "20", "admin0Name": "Bangladesh", "admin0Pcod": "BD", "date": "2015-01-01", "validOn": "2018-04-10", "validTo": null, "Shape_Leng": 0.20038457574, "Shape_Area": 0.00203084545, "name": "Ward No-01" }, "geometry": { "type": "Point", "coordinates": [ 91.798911919177755, 22.363511146222308 ] } },
{ "type": "Feature", "properties": { "rand_point_id": 876, "OBJECTID": 120, "admin4Name": "Ward No-01", "admin4Pcod": "20150601", "admin4RefN": null, "admin4AltN": null, "admin4Al_1": null, "admin3Name": "Bayejid Bostami", "admin3Pcod": "201506", "admin2Name": "Chittagong", "admin2Pcod": "2015", "admin1Name": "Chittagong", "admin1Pcod": "20", "admin0Name": "Bangladesh", "admin0Pcod": "BD", "date": "2015-01-01", "validOn": "2018-04-10", "validTo": null, "Shape_Leng": 0.20038457574, "Shape_Area": 0.00203084545, "name": "Ward No-01" }, "geometry": { "type": "Point", "coordinates": [ 91.766381918303111, 22.317725299577273 ] } },
{ "type": "Feature", "properties": { "rand_point_id": 877, "OBJECTID": 120, "admin4Name": "Ward No-01", "admin4Pcod": "20150601", "admin4RefN": null, "admin4AltN": null, "admin4Al_1": null, "admin3Name": "Bayejid Bostami", "admin3Pcod": "201506", "admin2Name": "Chittagong", "admin2Pcod": "2015", "admin1Name": "Chittagong", "admin1Pcod": "20", "admin0Name": "Bangladesh", "admin0Pcod": "BD", "date": "2015-01-01", "validOn": "2018-04-10", "validTo": null, "Shape_Leng": 0.20038457574, "Shape_Area": 0.00203084545, "name": "Ward No-01" }, "geometry": { "type": "Point", "coordinates": [ 91.797930467070316, 22.332367877937276 ] } },
{ "type": "Feature", "properties": { "rand_point_id": 878, "OBJECTID": 120, "admin4Name": "Ward No-01", "admin4Pcod": "20150601", "admin4RefN": null, "admin4AltN": null, "admin4Al_1": null, "admin3Name": "Bayejid Bostami", "admin3Pcod": "201506", "admin2Name": "Chittagong", "admin2Pcod": "2015", "admin1Name": "Chittagong", "admin1Pcod": "20", "admin0Name": "Bangladesh", "admin0Pcod": "BD", "date": "2015-01-01", "validOn": "2018-04-10", "validTo": null, "Shape_Leng": 0.20038457574, "Shape_Area": 0.00203084545, "name": "Ward No-01" }, "geometry": { "type": "Point", "coordinates": [ 91.803059273936384, 22.407949626236547 ] } },
{ "type": "Feature", "properties": { "rand_point_id": 879, "OBJECTID": 120, "admin4Name": "Ward No-01", "admin4Pcod": "20150601", "admin4RefN": null, "admin4AltN": null, "admin4Al_1": null, "admin3Name": "Bayejid Bostami", "admin3Pcod": "201506", "admin2Name": "Chittagong", "admin2Pcod": "2015", "admin1Name": "Chittagong", "admin1Pcod": "20", "admin0Name": "Bangladesh", "admin0Pcod": "BD", "date": "2015-01-01", "validOn": "2018-04-10", "validTo": null, "Shape_Leng": 0.20038457574, "Shape_Area": 0.00203084545, "name": "Ward No-01" }, "geometry": { "type": "Point", "coordinates": [ 91.829822094472163, 22.39952415795057 ] } },
{ "type": "Feature", "properties": { "rand_point_id": 880, "OBJECTID": 120, "admin4Name": "Ward No-01", "admin4Pcod": "20150601", "admin4RefN": null, "admin4AltN": null, "admin4Al_1": null, "admin3Name": "Bayejid Bostami", "admin3Pcod": "201506", "admin2Name": "Chittagong", "admin2Pcod": "2015", "admin1Name": "Chittagong", "admin1Pcod": "20", "admin0Name": "Bangladesh", "admin0Pcod": "BD", "date": "2015-01-01", "validOn": "2018-04-10", "validTo": null, "Shape_Leng": 0.20038457574, "Shape_Area": 0.00203084545, "name": "Ward No-01" }, "geometry": { "type": "Point", "coordinates": [ 91.79221255762161, 22.311647349228064 ] } },
{ "type": "Feature", "properties": { "rand_point_id": 881, "OBJECTID": 120, "admin4Name": "Ward No-01", "admin4Pcod": "20150601", "admin4RefN": null, "admin4AltN": null, "admin4Al_1": null, "admin3Name": "Bayejid Bostami", "admin3Pcod": "201506", "admin2Name": "Chittagong", "admin2Pcod": "2015", "admin1Name": "Chittagong", "admin1Pcod": "20", "admin0Name": "Bangladesh", "admin0Pcod": "BD", "date": "2015-01-01", "validOn": "2018-04-10", "validTo": null, "Shape_Leng": 0.20038457574, "Shape_Area": 0.00203084545, "name": "Ward No-01" }, "geometry": { "type": "Point", "coordinates": [ 91.869776329269129, 22.3692381534029 ] } },
{ "type": "Feature", "properties": { "rand_point_id": 882, "OBJECTID": 120, "admin4Name": "Ward No-01", "admin4Pcod": "20150601", "admin4RefN": null, "admin4AltN": null, "admin4Al_1": null, "admin3Name": "Bayejid Bostami", "admin3Pcod": "201506", "admin2Name": "Chittagong", "admin2Pcod": "2015", "admin1Name": "Chittagong", "admin1Pcod": "20", "admin0Name": "Bangladesh", "admin0Pcod": "BD", "date": "2015-01-01", "validOn": "2018-04-10", "validTo": null, "Shape_Leng": 0.20038457574, "Shape_Area": 0.00203084545, "name": "Ward No-01" }, "geometry": { "type": "Point", "coordinates": [ 91.772297061037193, 22.266102147942465 ] } },
{ "type": "Feature", "properties": { "rand_point_id": 883, "OBJECTID": 120, "admin4Name": "Ward No-01", "admin4Pcod": "20150601", "admin4RefN": null, "admin4AltN": null, "admin4Al_1": null, "admin3Name": "Bayejid Bostami", "admin3Pcod": "201506", "admin2Name": "Chittagong", "admin2Pcod": "2015", "admin1Name": "Chittagong", "admin1Pcod": "20", "admin0Name": "Bangladesh", "admin0Pcod": "BD", "date": "2015-01-01", "validOn": "2018-04-10", "validTo": null, "Shape_Leng": 0.20038457574, "Shape_Area": 0.00203084545, "name": "Ward No-01" }, "geometry": { "type": "Point", "coordinates": [ 91.775893921530951, 22.356052990917433 ] } },
{ "type": "Feature", "properties": { "rand_point_id": 884, "OBJECTID": 120, "admin4Name": "Ward No-01", "admin4Pcod": "20150601", "admin4RefN": null, "admin4AltN": null, "admin4Al_1": null, "admin3Name": "Bayejid Bostami", "admin3Pcod": "201506", "admin2Name": "Chittagong", "admin2Pcod": "2015", "admin1Name": "Chittagong", "admin1Pcod": "20", "admin0Name": "Bangladesh", "admin0Pcod": "BD", "date": "2015-01-01", "validOn": "2018-04-10", "validTo": null, "Shape_Leng": 0.20038457574, "Shape_Area": 0.00203084545, "name": "Ward No-01" }, "geometry": { "type": "Point", "coordinates": [ 91.847219837293636, 22.365922427333043 ] } },
{ "type": "Feature", "properties": { "rand_point_id": 885, "OBJECTID": 120, "admin4Name": "Ward No-01", "admin4Pcod": "20150601", "admin4RefN": null, "admin4AltN": null, "admin4Al_1": null, "admin3Name": "Bayejid Bostami", "admin3Pcod": "201506", "admin2Name": "Chittagong", "admin2Pcod": "2015", "admin1Name": "Chittagong", "admin1Pcod": "20", "admin0Name": "Bangladesh", "admin0Pcod": "BD", "date": "2015-01-01", "validOn": "2018-04-10", "validTo": null, "Shape_Leng": 0.20038457574, "Shape_Area": 0.00203084545, "name": "Ward No-01" }, "geometry": { "type": "Point", "coordinates": [ 91.780784545134338, 22.376656404345965 ] } },
{ "type": "Feature", "properties": { "rand_point_id": 886, "OBJECTID": 120, "admin4Name": "Ward No-01", "admin4Pcod": "20150601", "admin4RefN": null, "admin4AltN": null, "admin4Al_1": null, "admin3Name": "Bayejid Bostami", "admin3Pcod": "201506", "admin2Name": "Chittagong", "admin2Pcod": "2015", "admin1Name": "Chittagong", "admin1Pcod": "20", "admin0Name": "Bangladesh", "admin0Pcod": "BD", "date": "2015-01-01", "validOn": "2018-04-10", "validTo": null, "Shape_Leng": 0.20038457574, "Shape_Area": 0.00203084545, "name": "Ward No-01" }, "geometry": { "type": "Point", "coordinates": [ 91.781131161068672, 22.279935695269515 ] } },
{ "type": "Feature", "properties": { "rand_point_id": 887, "OBJECTID": 120, "admin4Name": "Ward No-01", "admin4Pcod": "20150601", "admin4RefN": null, "admin4AltN": null, "admin4Al_1": null, "admin3Name": "Bayejid Bostami", "admin3Pcod": "201506", "admin2Name": "Chittagong", "admin2Pcod": "2015", "admin1Name": "Chittagong", "admin1Pcod": "20", "admin0Name": "Bangladesh", "admin0Pcod": "BD", "date": "2015-01-01", "validOn": "2018-04-10", "validTo": null, "Shape_Leng": 0.20038457574, "Shape_Area": 0.00203084545, "name": "Ward No-01" }, "geometry": { "type": "Point", "coordinates": [ 91.8132198660238, 22.263354032073785 ] } },
{ "type": "Feature", "properties": { "rand_point_id": 888, "OBJECTID": 120, "admin4Name": "Ward No-01", "admin4Pcod": "20150601", "admin4RefN": null, "admin4AltN": null, "admin4Al_1": null, "admin3Name": "Bayejid Bostami", "admin3Pcod": "201506", "admin2Name": "Chittagong", "admin2Pcod": "2015", "admin1Name": "Chittagong", "admin1Pcod": "20", "admin0Name": "Bangladesh", "admin0Pcod": "BD", "date": "2015-01-01", "validOn": "2018-04-10", "validTo": null, "Shape_Leng": 0.20038457574, "Shape_Area": 0.00203084545, "name": "Ward No-01" }, "geometry": { "type": "Point", "coordinates": [ 91.87109003637741, 22.39590003576799 ] } },
{ "type": "Feature", "properties": { "rand_point_id": 889, "OBJECTID": 120, "admin4Name": "Ward No-01", "admin4Pcod": "20150601", "admin4RefN": null, "admin4AltN": null, "admin4Al_1": null, "admin3Name": "Bayejid Bostami", "admin3Pcod": "201506", "admin2Name": "Chittagong", "admin2Pcod": "2015", "admin1Name": "Chittagong", "admin1Pcod": "20", "admin0Name": "Bangladesh", "admin0Pcod": "BD", "date": "2015-01-01", "validOn": "2018-04-10", "validTo": null, "Shape_Leng": 0.20038457574, "Shape_Area": 0.00203084545, "name": "Ward No-01" }, "geometry": { "type": "Point", "coordinates": [ 91.80587820579305, 22.263242257771761 ] } },
{ "type": "Feature", "properties": { "rand_point_id": 890, "OBJECTID": 120, "admin4Name": "Ward No-01", "admin4Pcod": "20150601", "admin4RefN": null, "admin4AltN": null, "admin4Al_1": null, "admin3Name": "Bayejid Bostami", "admin3Pcod": "201506", "admin2Name": "Chittagong", "admin2Pcod": "2015", "admin1Name": "Chittagong", "admin1Pcod": "20", "admin0Name": "Bangladesh", "admin0Pcod": "BD", "date": "2015-01-01", "validOn": "2018-04-10", "validTo": null, "Shape_Leng": 0.20038457574, "Shape_Area": 0.00203084545, "name": "Ward No-01" }, "geometry": { "type": "Point", "coordinates": [ 91.848638399405047, 22.363366750067662 ] } },
{ "type": "Feature", "properties": { "rand_point_id": 891, "OBJECTID": 120, "admin4Name": "Ward No-01", "admin4Pcod": "20150601", "admin4RefN": null, "admin4AltN": null, "admin4Al_1": null, "admin3Name": "Bayejid Bostami", "admin3Pcod": "201506", "admin2Name": "Chittagong", "admin2Pcod": "2015", "admin1Name": "Chittagong", "admin1Pcod": "20", "admin0Name": "Bangladesh", "admin0Pcod": "BD", "date": "2015-01-01", "validOn": "2018-04-10", "validTo": null, "Shape_Leng": 0.20038457574, "Shape_Area": 0.00203084545, "name": "Ward No-01" }, "geometry": { "type": "Point", "coordinates": [ 91.783110793887317, 22.358983180287165 ] } },
{ "type": "Feature", "properties": { "rand_point_id": 892, "OBJECTID": 120, "admin4Name": "Ward No-01", "admin4Pcod": "20150601", "admin4RefN": null, "admin4AltN": null, "admin4Al_1": null, "admin3Name": "Bayejid Bostami", "admin3Pcod": "201506", "admin2Name": "Chittagong", "admin2Pcod": "2015", "admin1Name": "Chittagong", "admin1Pcod": "20", "admin0Name": "Bangladesh", "admin0Pcod": "BD", "date": "2015-01-01", "validOn": "2018-04-10", "validTo": null, "Shape_Leng": 0.20038457574, "Shape_Area": 0.00203084545, "name": "Ward No-01" }, "geometry": { "type": "Point", "coordinates": [ 91.775398176327755, 22.308572049363839 ] } },
{ "type": "Feature", "properties": { "rand_point_id": 893, "OBJECTID": 120, "admin4Name": "Ward No-01", "admin4Pcod": "20150601", "admin4RefN": null, "admin4AltN": null, "admin4Al_1": null, "admin3Name": "Bayejid Bostami", "admin3Pcod": "201506", "admin2Name": "Chittagong", "admin2Pcod": "2015", "admin1Name": "Chittagong", "admin1Pcod": "20", "admin0Name": "Bangladesh", "admin0Pcod": "BD", "date": "2015-01-01", "validOn": "2018-04-10", "validTo": null, "Shape_Leng": 0.20038457574, "Shape_Area": 0.00203084545, "name": "Ward No-01" }, "geometry": { "type": "Point", "coordinates": [ 91.768428517221849, 22.301416185382593 ] } },
{ "type": "Feature", "properties": { "rand_point_id": 894, "OBJECTID": 120, "admin4Name": "Ward No-01", "admin4Pcod": "20150601", "admin4RefN": null, "admin4AltN": null, "admin4Al_1": null, "admin3Name": "Bayejid Bostami", "admin3Pcod": "201506", "admin2Name": "Chittagong", "admin2Pcod": "2015", "admin1Name": "Chittagong", "admin1Pcod": "20", "admin0Name": "Bangladesh", "admin0Pcod": "BD", "date": "2015-01-01", "validOn": "2018-04-10", "validTo": null, "Shape_Leng": 0.20038457574, "Shape_Area": 0.00203084545, "name": "Ward No-01" }, "geometry": { "type": "Point", "coordinates": [ 91.839315452846137, 22.360982789230363 ] } },
{ "type": "Feature", "properties": { "rand_point_id": 895, "OBJECTID": 120, "admin4Name": "Ward No-01", "admin4Pcod": "20150601", "admin4RefN": null, "admin4AltN": null, "admin4Al_1": null, "admin3Name": "Bayejid Bostami", "admin3Pcod": "201506", "admin2Name": "Chittagong", "admin2Pcod": "2015", "admin1Name": "Chittagong", "admin1Pcod": "20", "admin0Name": "Bangladesh", "admin0Pcod": "BD", "date": "2015-01-01", "validOn": "2018-04-10", "validTo": null, "Shape_Leng": 0.20038457574, "Shape_Area": 0.00203084545, "name": "Ward No-01" }, "geometry": { "type": "Point", "coordinates": [ 91.839369995937105, 22.361882486327421 ] } },
{ "type": "Feature", "properties": { "rand_point_id": 896, "OBJECTID": 120, "admin4Name": "Ward No-01", "admin4Pcod": "20150601", "admin4RefN": null, "admin4AltN": null, "admin4Al_1": null, "admin3Name": "Bayejid Bostami", "admin3Pcod": "201506", "admin2Name": "Chittagong", "admin2Pcod": "2015", "admin1Name": "Chittagong", "admin1Pcod": "20", "admin0Name": "Bangladesh", "admin0Pcod": "BD", "date": "2015-01-01", "validOn": "2018-04-10", "validTo": null, "Shape_Leng": 0.20038457574, "Shape_Area": 0.00203084545, "name": "Ward No-01" }, "geometry": { "type": "Point", "coordinates": [ 91.80667406950316, 22.320378376751655 ] } },
{ "type": "Feature", "properties": { "rand_point_id": 897, "OBJECTID": 120, "admin4Name": "Ward No-01", "admin4Pcod": "20150601", "admin4RefN": null, "admin4AltN": null, "admin4Al_1": null, "admin3Name": "Bayejid Bostami", "admin3Pcod": "201506", "admin2Name": "Chittagong", "admin2Pcod": "2015", "admin1Name": "Chittagong", "admin1Pcod": "20", "admin0Name": "Bangladesh", "admin0Pcod": "BD", "date": "2015-01-01", "validOn": "2018-04-10", "validTo": null, "Shape_Leng": 0.20038457574, "Shape_Area": 0.00203084545, "name": "Ward No-01" }, "geometry": { "type": "Point", "coordinates": [ 91.82488459833786, 22.377840199728098 ] } },
{ "type": "Feature", "properties": { "rand_point_id": 898, "OBJECTID": 120, "admin4Name": "Ward No-01", "admin4Pcod": "20150601", "admin4RefN": null, "admin4AltN": null, "admin4Al_1": null, "admin3Name": "Bayejid Bostami", "admin3Pcod": "201506", "admin2Name": "Chittagong", "admin2Pcod": "2015", "admin1Name": "Chittagong", "admin1Pcod": "20", "admin0Name": "Bangladesh", "admin0Pcod": "BD", "date": "2015-01-01", "validOn": "2018-04-10", "validTo": null, "Shape_Leng": 0.20038457574, "Shape_Area": 0.00203084545, "name": "Ward No-01" }, "geometry": { "type": "Point", "coordinates": [ 91.817767054032899, 22.333590670877005 ] } },
{ "type": "Feature", "properties": { "rand_point_id": 899, "OBJECTID": 120, "admin4Name": "Ward No-01", "admin4Pcod": "20150601", "admin4RefN": null, "admin4AltN": null, "admin4Al_1": null, "admin3Name": "Bayejid Bostami", "admin3Pcod": "201506", "admin2Name": "Chittagong", "admin2Pcod": "2015", "admin1Name": "Chittagong", "admin1Pcod": "20", "admin0Name": "Bangladesh", "admin0Pcod": "BD", "date": "2015-01-01", "validOn": "2018-04-10", "validTo": null, "Shape_Leng": 0.20038457574, "Shape_Area": 0.00203084545, "name": "Ward No-01" }, "geometry": { "type": "Point", "coordinates": [ 91.800971905678011, 22.241642150238423 ] } },
{ "type": "Feature", "properties": { "rand_point_id": 900, "OBJECTID": 120, "admin4Name": "Ward No-01", "admin4Pcod": "20150601", "admin4RefN": null, "admin4AltN": null, "admin4Al_1": null, "admin3Name": "Bayejid Bostami", "admin3Pcod": "201506", "admin2Name": "Chittagong", "admin2Pcod": "2015", "admin1Name": "Chittagong", "admin1Pcod": "20", "admin0Name": "Bangladesh", "admin0Pcod": "BD", "date": "2015-01-01", "validOn": "2018-04-10", "validTo": null, "Shape_Leng": 0.20038457574, "Shape_Area": 0.00203084545, "name": "Ward No-01" }, "geometry": { "type": "Point", "coordinates": [ 91.815283798405247, 22.402745888506296 ] } },
{ "type": "Feature", "properties": { "rand_point_id": 901, "OBJECTID": 120, "admin4Name": "Ward No-01", "admin4Pcod": "20150601", "admin4RefN": null, "admin4AltN": null, "admin4Al_1": null, "admin3Name": "Bayejid Bostami", "admin3Pcod": "201506", "admin2Name": "Chittagong", "admin2Pcod": "2015", "admin1Name": "Chittagong", "admin1Pcod": "20", "admin0Name": "Bangladesh", "admin0Pcod": "BD", "date": "2015-01-01", "validOn": "2018-04-10", "validTo": null, "Shape_Leng": 0.20038457574, "Shape_Area": 0.00203084545, "name": "Ward No-01" }, "geometry": { "type": "Point", "coordinates": [ 91.797076824508707, 22.232506083365013 ] } },
{ "type": "Feature", "properties": { "rand_point_id": 902, "OBJECTID": 120, "admin4Name": "Ward No-01", "admin4Pcod": "20150601", "admin4RefN": null, "admin4AltN": null, "admin4Al_1": null, "admin3Name": "Bayejid Bostami", "admin3Pcod": "201506", "admin2Name": "Chittagong", "admin2Pcod": "2015", "admin1Name": "Chittagong", "admin1Pcod": "20", "admin0Name": "Bangladesh", "admin0Pcod": "BD", "date": "2015-01-01", "validOn": "2018-04-10", "validTo": null, "Shape_Leng": 0.20038457574, "Shape_Area": 0.00203084545, "name": "Ward No-01" }, "geometry": { "type": "Point", "coordinates": [ 91.79375337428246, 22.380588663831581 ] } },
{ "type": "Feature", "properties": { "rand_point_id": 903, "OBJECTID": 120, "admin4Name": "Ward No-01", "admin4Pcod": "20150601", "admin4RefN": null, "admin4AltN": null, "admin4Al_1": null, "admin3Name": "Bayejid Bostami", "admin3Pcod": "201506", "admin2Name": "Chittagong", "admin2Pcod": "2015", "admin1Name": "Chittagong", "admin1Pcod": "20", "admin0Name": "Bangladesh", "admin0Pcod": "BD", "date": "2015-01-01", "validOn": "2018-04-10", "validTo": null, "Shape_Leng": 0.20038457574, "Shape_Area": 0.00203084545, "name": "Ward No-01" }, "geometry": { "type": "Point", "coordinates": [ 91.788448436326789, 22.28738367259939 ] } },
{ "type": "Feature", "properties": { "rand_point_id": 904, "OBJECTID": 120, "admin4Name": "Ward No-01", "admin4Pcod": "20150601", "admin4RefN": null, "admin4AltN": null, "admin4Al_1": null, "admin3Name": "Bayejid Bostami", "admin3Pcod": "201506", "admin2Name": "Chittagong", "admin2Pcod": "2015", "admin1Name": "Chittagong", "admin1Pcod": "20", "admin0Name": "Bangladesh", "admin0Pcod": "BD", "date": "2015-01-01", "validOn": "2018-04-10", "validTo": null, "Shape_Leng": 0.20038457574, "Shape_Area": 0.00203084545, "name": "Ward No-01" }, "geometry": { "type": "Point", "coordinates": [ 91.829523281892591, 22.345149268402796 ] } },
{ "type": "Feature", "properties": { "rand_point_id": 905, "OBJECTID": 120, "admin4Name": "Ward No-01", "admin4Pcod": "20150601", "admin4RefN": null, "admin4AltN": null, "admin4Al_1": null, "admin3Name": "Bayejid Bostami", "admin3Pcod": "201506", "admin2Name": "Chittagong", "admin2Pcod": "2015", "admin1Name": "Chittagong", "admin1Pcod": "20", "admin0Name": "Bangladesh", "admin0Pcod": "BD", "date": "2015-01-01", "validOn": "2018-04-10", "validTo": null, "Shape_Leng": 0.20038457574, "Shape_Area": 0.00203084545, "name": "Ward No-01" }, "geometry": { "type": "Point", "coordinates": [ 91.818366002623677, 22.326698913389944 ] } },
{ "type": "Feature", "properties": { "rand_point_id": 906, "OBJECTID": 120, "admin4Name": "Ward No-01", "admin4Pcod": "20150601", "admin4RefN": null, "admin4AltN": null, "admin4Al_1": null, "admin3Name": "Bayejid Bostami", "admin3Pcod": "201506", "admin2Name": "Chittagong", "admin2Pcod": "2015", "admin1Name": "Chittagong", "admin1Pcod": "20", "admin0Name": "Bangladesh", "admin0Pcod": "BD", "date": "2015-01-01", "validOn": "2018-04-10", "validTo": null, "Shape_Leng": 0.20038457574, "Shape_Area": 0.00203084545, "name": "Ward No-01" }, "geometry": { "type": "Point", "coordinates": [ 91.791210096909509, 22.303892755364672 ] } },
{ "type": "Feature", "properties": { "rand_point_id": 907, "OBJECTID": 120, "admin4Name": "Ward No-01", "admin4Pcod": "20150601", "admin4RefN": null, "admin4AltN": null, "admin4Al_1": null, "admin3Name": "Bayejid Bostami", "admin3Pcod": "201506", "admin2Name": "Chittagong", "admin2Pcod": "2015", "admin1Name": "Chittagong", "admin1Pcod": "20", "admin0Name": "Bangladesh", "admin0Pcod": "BD", "date": "2015-01-01", "validOn": "2018-04-10", "validTo": null, "Shape_Leng": 0.20038457574, "Shape_Area": 0.00203084545, "name": "Ward No-01" }, "geometry": { "type": "Point", "coordinates": [ 91.813102588902936, 22.416643742005725 ] } },
{ "type": "Feature", "properties": { "rand_point_id": 908, "OBJECTID": 120, "admin4Name": "Ward No-01", "admin4Pcod": "20150601", "admin4RefN": null, "admin4AltN": null, "admin4Al_1": null, "admin3Name": "Bayejid Bostami", "admin3Pcod": "201506", "admin2Name": "Chittagong", "admin2Pcod": "2015", "admin1Name": "Chittagong", "admin1Pcod": "20", "admin0Name": "Bangladesh", "admin0Pcod": "BD", "date": "2015-01-01", "validOn": "2018-04-10", "validTo": null, "Shape_Leng": 0.20038457574, "Shape_Area": 0.00203084545, "name": "Ward No-01" }, "geometry": { "type": "Point", "coordinates": [ 91.828308284005786, 22.347789013123844 ] } },
{ "type": "Feature", "properties": { "rand_point_id": 909, "OBJECTID": 120, "admin4Name": "Ward No-01", "admin4Pcod": "20150601", "admin4RefN": null, "admin4AltN": null, "admin4Al_1": null, "admin3Name": "Bayejid Bostami", "admin3Pcod": "201506", "admin2Name": "Chittagong", "admin2Pcod": "2015", "admin1Name": "Chittagong", "admin1Pcod": "20", "admin0Name": "Bangladesh", "admin0Pcod": "BD", "date": "2015-01-01", "validOn": "2018-04-10", "validTo": null, "Shape_Leng": 0.20038457574, "Shape_Area": 0.00203084545, "name": "Ward No-01" }, "geometry": { "type": "Point", "coordinates": [ 91.867327656138272, 22.382009011849771 ] } },
{ "type": "Feature", "properties": { "rand_point_id": 910, "OBJECTID": 120, "admin4Name": "Ward No-01", "admin4Pcod": "20150601", "admin4RefN": null, "admin4AltN": null, "admin4Al_1": null, "admin3Name": "Bayejid Bostami", "admin3Pcod": "201506", "admin2Name": "Chittagong", "admin2Pcod": "2015", "admin1Name": "Chittagong", "admin1Pcod": "20", "admin0Name": "Bangladesh", "admin0Pcod": "BD", "date": "2015-01-01", "validOn": "2018-04-10", "validTo": null, "Shape_Leng": 0.20038457574, "Shape_Area": 0.00203084545, "name": "Ward No-01" }, "geometry": { "type": "Point", "coordinates": [ 91.834216659986623, 22.339643551052536 ] } },
{ "type": "Feature", "properties": { "rand_point_id": 911, "OBJECTID": 120, "admin4Name": "Ward No-01", "admin4Pcod": "20150601", "admin4RefN": null, "admin4AltN": null, "admin4Al_1": null, "admin3Name": "Bayejid Bostami", "admin3Pcod": "201506", "admin2Name": "Chittagong", "admin2Pcod": "2015", "admin1Name": "Chittagong", "admin1Pcod": "20", "admin0Name": "Bangladesh", "admin0Pcod": "BD", "date": "2015-01-01", "validOn": "2018-04-10", "validTo": null, "Shape_Leng": 0.20038457574, "Shape_Area": 0.00203084545, "name": "Ward No-01" }, "geometry": { "type": "Point", "coordinates": [ 91.792693189483913, 22.340290862604466 ] } },
{ "type": "Feature", "properties": { "rand_point_id": 912, "OBJECTID": 120, "admin4Name": "Ward No-01", "admin4Pcod": "20150601", "admin4RefN": null, "admin4AltN": null, "admin4Al_1": null, "admin3Name": "Bayejid Bostami", "admin3Pcod": "201506", "admin2Name": "Chittagong", "admin2Pcod": "2015", "admin1Name": "Chittagong", "admin1Pcod": "20", "admin0Name": "Bangladesh", "admin0Pcod": "BD", "date": "2015-01-01", "validOn": "2018-04-10", "validTo": null, "Shape_Leng": 0.20038457574, "Shape_Area": 0.00203084545, "name": "Ward No-01" }, "geometry": { "type": "Point", "coordinates": [ 91.774463160720899, 22.328646124133751 ] } },
{ "type": "Feature", "properties": { "rand_point_id": 913, "OBJECTID": 120, "admin4Name": "Ward No-01", "admin4Pcod": "20150601", "admin4RefN": null, "admin4AltN": null, "admin4Al_1": null, "admin3Name": "Bayejid Bostami", "admin3Pcod": "201506", "admin2Name": "Chittagong", "admin2Pcod": "2015", "admin1Name": "Chittagong", "admin1Pcod": "20", "admin0Name": "Bangladesh", "admin0Pcod": "BD", "date": "2015-01-01", "validOn": "2018-04-10", "validTo": null, "Shape_Leng": 0.20038457574, "Shape_Area": 0.00203084545, "name": "Ward No-01" }, "geometry": { "type": "Point", "coordinates": [ 91.808269634930483, 22.244899966916137 ] } },
{ "type": "Feature", "properties": { "rand_point_id": 914, "OBJECTID": 120, "admin4Name": "Ward No-01", "admin4Pcod": "20150601", "admin4RefN": null, "admin4AltN": null, "admin4Al_1": null, "admin3Name": "Bayejid Bostami", "admin3Pcod": "201506", "admin2Name": "Chittagong", "admin2Pcod": "2015", "admin1Name": "Chittagong", "admin1Pcod": "20", "admin0Name": "Bangladesh", "admin0Pcod": "BD", "date": "2015-01-01", "validOn": "2018-04-10", "validTo": null, "Shape_Leng": 0.20038457574, "Shape_Area": 0.00203084545, "name": "Ward No-01" }, "geometry": { "type": "Point", "coordinates": [ 91.817873984422391, 22.348702065658486 ] } },
{ "type": "Feature", "properties": { "rand_point_id": 915, "OBJECTID": 120, "admin4Name": "Ward No-01", "admin4Pcod": "20150601", "admin4RefN": null, "admin4AltN": null, "admin4Al_1": null, "admin3Name": "Bayejid Bostami", "admin3Pcod": "201506", "admin2Name": "Chittagong", "admin2Pcod": "2015", "admin1Name": "Chittagong", "admin1Pcod": "20", "admin0Name": "Bangladesh", "admin0Pcod": "BD", "date": "2015-01-01", "validOn": "2018-04-10", "validTo": null, "Shape_Leng": 0.20038457574, "Shape_Area": 0.00203084545, "name": "Ward No-01" }, "geometry": { "type": "Point", "coordinates": [ 91.785847093800683, 22.45077329056009 ] } },
{ "type": "Feature", "properties": { "rand_point_id": 916, "OBJECTID": 120, "admin4Name": "Ward No-01", "admin4Pcod": "20150601", "admin4RefN": null, "admin4AltN": null, "admin4Al_1": null, "admin3Name": "Bayejid Bostami", "admin3Pcod": "201506", "admin2Name": "Chittagong", "admin2Pcod": "2015", "admin1Name": "Chittagong", "admin1Pcod": "20", "admin0Name": "Bangladesh", "admin0Pcod": "BD", "date": "2015-01-01", "validOn": "2018-04-10", "validTo": null, "Shape_Leng": 0.20038457574, "Shape_Area": 0.00203084545, "name": "Ward No-01" }, "geometry": { "type": "Point", "coordinates": [ 91.79105481901334, 22.252899963041191 ] } },
{ "type": "Feature", "properties": { "rand_point_id": 917, "OBJECTID": 120, "admin4Name": "Ward No-01", "admin4Pcod": "20150601", "admin4RefN": null, "admin4AltN": null, "admin4Al_1": null, "admin3Name": "Bayejid Bostami", "admin3Pcod": "201506", "admin2Name": "Chittagong", "admin2Pcod": "2015", "admin1Name": "Chittagong", "admin1Pcod": "20", "admin0Name": "Bangladesh", "admin0Pcod": "BD", "date": "2015-01-01", "validOn": "2018-04-10", "validTo": null, "Shape_Leng": 0.20038457574, "Shape_Area": 0.00203084545, "name": "Ward No-01" }, "geometry": { "type": "Point", "coordinates": [ 91.806501234933918, 22.431683152951166 ] } },
{ "type": "Feature", "properties": { "rand_point_id": 918, "OBJECTID": 120, "admin4Name": "Ward No-01", "admin4Pcod": "20150601", "admin4RefN": null, "admin4AltN": null, "admin4Al_1": null, "admin3Name": "Bayejid Bostami", "admin3Pcod": "201506", "admin2Name": "Chittagong", "admin2Pcod": "2015", "admin1Name": "Chittagong", "admin1Pcod": "20", "admin0Name": "Bangladesh", "admin0Pcod": "BD", "date": "2015-01-01", "validOn": "2018-04-10", "validTo": null, "Shape_Leng": 0.20038457574, "Shape_Area": 0.00203084545, "name": "Ward No-01" }, "geometry": { "type": "Point", "coordinates": [ 91.778616321075546, 22.302234019604963 ] } },
{ "type": "Feature", "properties": { "rand_point_id": 919, "OBJECTID": 120, "admin4Name": "Ward No-01", "admin4Pcod": "20150601", "admin4RefN": null, "admin4AltN": null, "admin4Al_1": null, "admin3Name": "Bayejid Bostami", "admin3Pcod": "201506", "admin2Name": "Chittagong", "admin2Pcod": "2015", "admin1Name": "Chittagong", "admin1Pcod": "20", "admin0Name": "Bangladesh", "admin0Pcod": "BD", "date": "2015-01-01", "validOn": "2018-04-10", "validTo": null, "Shape_Leng": 0.20038457574, "Shape_Area": 0.00203084545, "name": "Ward No-01" }, "geometry": { "type": "Point", "coordinates": [ 91.873546588491507, 22.388603244857226 ] } },
{ "type": "Feature", "properties": { "rand_point_id": 920, "OBJECTID": 120, "admin4Name": "Ward No-01", "admin4Pcod": "20150601", "admin4RefN": null, "admin4AltN": null, "admin4Al_1": null, "admin3Name": "Bayejid Bostami", "admin3Pcod": "201506", "admin2Name": "Chittagong", "admin2Pcod": "2015", "admin1Name": "Chittagong", "admin1Pcod": "20", "admin0Name": "Bangladesh", "admin0Pcod": "BD", "date": "2015-01-01", "validOn": "2018-04-10", "validTo": null, "Shape_Leng": 0.20038457574, "Shape_Area": 0.00203084545, "name": "Ward No-01" }, "geometry": { "type": "Point", "coordinates": [ 91.780853382080707, 22.273313887343004 ] } },
{ "type": "Feature", "properties": { "rand_point_id": 921, "OBJECTID": 120, "admin4Name": "Ward No-01", "admin4Pcod": "20150601", "admin4RefN": null, "admin4AltN": null, "admin4Al_1": null, "admin3Name": "Bayejid Bostami", "admin3Pcod": "201506", "admin2Name": "Chittagong", "admin2Pcod": "2015", "admin1Name": "Chittagong", "admin1Pcod": "20", "admin0Name": "Bangladesh", "admin0Pcod": "BD", "date": "2015-01-01", "validOn": "2018-04-10", "validTo": null, "Shape_Leng": 0.20038457574, "Shape_Area": 0.00203084545, "name": "Ward No-01" }, "geometry": { "type": "Point", "coordinates": [ 91.831388478053029, 22.403688860010146 ] } },
{ "type": "Feature", "properties": { "rand_point_id": 922, "OBJECTID": 120, "admin4Name": "Ward No-01", "admin4Pcod": "20150601", "admin4RefN": null, "admin4AltN": null, "admin4Al_1": null, "admin3Name": "Bayejid Bostami", "admin3Pcod": "201506", "admin2Name": "Chittagong", "admin2Pcod": "2015", "admin1Name": "Chittagong", "admin1Pcod": "20", "admin0Name": "Bangladesh", "admin0Pcod": "BD", "date": "2015-01-01", "validOn": "2018-04-10", "validTo": null, "Shape_Leng": 0.20038457574, "Shape_Area": 0.00203084545, "name": "Ward No-01" }, "geometry": { "type": "Point", "coordinates": [ 91.865984960810337, 22.362136799162354 ] } },
{ "type": "Feature", "properties": { "rand_point_id": 923, "OBJECTID": 120, "admin4Name": "Ward No-01", "admin4Pcod": "20150601", "admin4RefN": null, "admin4AltN": null, "admin4Al_1": null, "admin3Name": "Bayejid Bostami", "admin3Pcod": "201506", "admin2Name": "Chittagong", "admin2Pcod": "2015", "admin1Name": "Chittagong", "admin1Pcod": "20", "admin0Name": "Bangladesh", "admin0Pcod": "BD", "date": "2015-01-01", "validOn": "2018-04-10", "validTo": null, "Shape_Leng": 0.20038457574, "Shape_Area": 0.00203084545, "name": "Ward No-01" }, "geometry": { "type": "Point", "coordinates": [ 91.853760721182681, 22.344424927031501 ] } },
{ "type": "Feature", "properties": { "rand_point_id": 924, "OBJECTID": 120, "admin4Name": "Ward No-01", "admin4Pcod": "20150601", "admin4RefN": null, "admin4AltN": null, "admin4Al_1": null, "admin3Name": "Bayejid Bostami", "admin3Pcod": "201506", "admin2Name": "Chittagong", "admin2Pcod": "2015", "admin1Name": "Chittagong", "admin1Pcod": "20", "admin0Name": "Bangladesh", "admin0Pcod": "BD", "date": "2015-01-01", "validOn": "2018-04-10", "validTo": null, "Shape_Leng": 0.20038457574, "Shape_Area": 0.00203084545, "name": "Ward No-01" }, "geometry": { "type": "Point", "coordinates": [ 91.850891271327669, 22.338093023473558 ] } },
{ "type": "Feature", "properties": { "rand_point_id": 925, "OBJECTID": 120, "admin4Name": "Ward No-01", "admin4Pcod": "20150601", "admin4RefN": null, "admin4AltN": null, "admin4Al_1": null, "admin3Name": "Bayejid Bostami", "admin3Pcod": "201506", "admin2Name": "Chittagong", "admin2Pcod": "2015", "admin1Name": "Chittagong", "admin1Pcod": "20", "admin0Name": "Bangladesh", "admin0Pcod": "BD", "date": "2015-01-01", "validOn": "2018-04-10", "validTo": null, "Shape_Leng": 0.20038457574, "Shape_Area": 0.00203084545, "name": "Ward No-01" }, "geometry": { "type": "Point", "coordinates": [ 91.879683253714376, 22.41615350855173 ] } },
{ "type": "Feature", "properties": { "rand_point_id": 926, "OBJECTID": 120, "admin4Name": "Ward No-01", "admin4Pcod": "20150601", "admin4RefN": null, "admin4AltN": null, "admin4Al_1": null, "admin3Name": "Bayejid Bostami", "admin3Pcod": "201506", "admin2Name": "Chittagong", "admin2Pcod": "2015", "admin1Name": "Chittagong", "admin1Pcod": "20", "admin0Name": "Bangladesh", "admin0Pcod": "BD", "date": "2015-01-01", "validOn": "2018-04-10", "validTo": null, "Shape_Leng": 0.20038457574, "Shape_Area": 0.00203084545, "name": "Ward No-01" }, "geometry": { "type": "Point", "coordinates": [ 91.78311594018254, 22.457992757232073 ] } },
{ "type": "Feature", "properties": { "rand_point_id": 927, "OBJECTID": 120, "admin4Name": "Ward No-01", "admin4Pcod": "20150601", "admin4RefN": null, "admin4AltN": null, "admin4Al_1": null, "admin3Name": "Bayejid Bostami", "admin3Pcod": "201506", "admin2Name": "Chittagong", "admin2Pcod": "2015", "admin1Name": "Chittagong", "admin1Pcod": "20", "admin0Name": "Bangladesh", "admin0Pcod": "BD", "date": "2015-01-01", "validOn": "2018-04-10", "validTo": null, "Shape_Leng": 0.20038457574, "Shape_Area": 0.00203084545, "name": "Ward No-01" }, "geometry": { "type": "Point", "coordinates": [ 91.777201022373177, 22.335795785205203 ] } },
{ "type": "Feature", "properties": { "rand_point_id": 928, "OBJECTID": 120, "admin4Name": "Ward No-01", "admin4Pcod": "20150601", "admin4RefN": null, "admin4AltN": null, "admin4Al_1": null, "admin3Name": "Bayejid Bostami", "admin3Pcod": "201506", "admin2Name": "Chittagong", "admin2Pcod": "2015", "admin1Name": "Chittagong", "admin1Pcod": "20", "admin0Name": "Bangladesh", "admin0Pcod": "BD", "date": "2015-01-01", "validOn": "2018-04-10", "validTo": null, "Shape_Leng": 0.20038457574, "Shape_Area": 0.00203084545, "name": "Ward No-01" }, "geometry": { "type": "Point", "coordinates": [ 91.786293121089031, 22.426452664818566 ] } },
{ "type": "Feature", "properties": { "rand_point_id": 929, "OBJECTID": 120, "admin4Name": "Ward No-01", "admin4Pcod": "20150601", "admin4RefN": null, "admin4AltN": null, "admin4Al_1": null, "admin3Name": "Bayejid Bostami", "admin3Pcod": "201506", "admin2Name": "Chittagong", "admin2Pcod": "2015", "admin1Name": "Chittagong", "admin1Pcod": "20", "admin0Name": "Bangladesh", "admin0Pcod": "BD", "date": "2015-01-01", "validOn": "2018-04-10", "validTo": null, "Shape_Leng": 0.20038457574, "Shape_Area": 0.00203084545, "name": "Ward No-01" }, "geometry": { "type": "Point", "coordinates": [ 91.780154545299339, 22.435014407449447 ] } },
{ "type": "Feature", "properties": { "rand_point_id": 930, "OBJECTID": 120, "admin4Name": "Ward No-01", "admin4Pcod": "20150601", "admin4RefN": null, "admin4AltN": null, "admin4Al_1": null, "admin3Name": "Bayejid Bostami", "admin3Pcod": "201506", "admin2Name": "Chittagong", "admin2Pcod": "2015", "admin1Name": "Chittagong", "admin1Pcod": "20", "admin0Name": "Bangladesh", "admin0Pcod": "BD", "date": "2015-01-01", "validOn": "2018-04-10", "validTo": null, "Shape_Leng": 0.20038457574, "Shape_Area": 0.00203084545, "name": "Ward No-01" }, "geometry": { "type": "Point", "coordinates": [ 91.810470162644137, 22.441413973259269 ] } },
{ "type": "Feature", "properties": { "rand_point_id": 931, "OBJECTID": 120, "admin4Name": "Ward No-01", "admin4Pcod": "20150601", "admin4RefN": null, "admin4AltN": null, "admin4Al_1": null, "admin3Name": "Bayejid Bostami", "admin3Pcod": "201506", "admin2Name": "Chittagong", "admin2Pcod": "2015", "admin1Name": "Chittagong", "admin1Pcod": "20", "admin0Name": "Bangladesh", "admin0Pcod": "BD", "date": "2015-01-01", "validOn": "2018-04-10", "validTo": null, "Shape_Leng": 0.20038457574, "Shape_Area": 0.00203084545, "name": "Ward No-01" }, "geometry": { "type": "Point", "coordinates": [ 91.805876157904393, 22.412287502615001 ] } },
{ "type": "Feature", "properties": { "rand_point_id": 932, "OBJECTID": 120, "admin4Name": "Ward No-01", "admin4Pcod": "20150601", "admin4RefN": null, "admin4AltN": null, "admin4Al_1": null, "admin3Name": "Bayejid Bostami", "admin3Pcod": "201506", "admin2Name": "Chittagong", "admin2Pcod": "2015", "admin1Name": "Chittagong", "admin1Pcod": "20", "admin0Name": "Bangladesh", "admin0Pcod": "BD", "date": "2015-01-01", "validOn": "2018-04-10", "validTo": null, "Shape_Leng": 0.20038457574, "Shape_Area": 0.00203084545, "name": "Ward No-01" }, "geometry": { "type": "Point", "coordinates": [ 91.852718746770208, 22.341509458605845 ] } },
{ "type": "Feature", "properties": { "rand_point_id": 933, "OBJECTID": 120, "admin4Name": "Ward No-01", "admin4Pcod": "20150601", "admin4RefN": null, "admin4AltN": null, "admin4Al_1": null, "admin3Name": "Bayejid Bostami", "admin3Pcod": "201506", "admin2Name": "Chittagong", "admin2Pcod": "2015", "admin1Name": "Chittagong", "admin1Pcod": "20", "admin0Name": "Bangladesh", "admin0Pcod": "BD", "date": "2015-01-01", "validOn": "2018-04-10", "validTo": null, "Shape_Leng": 0.20038457574, "Shape_Area": 0.00203084545, "name": "Ward No-01" }, "geometry": { "type": "Point", "coordinates": [ 91.820153411289041, 22.339168976614573 ] } },
{ "type": "Feature", "properties": { "rand_point_id": 934, "OBJECTID": 120, "admin4Name": "Ward No-01", "admin4Pcod": "20150601", "admin4RefN": null, "admin4AltN": null, "admin4Al_1": null, "admin3Name": "Bayejid Bostami", "admin3Pcod": "201506", "admin2Name": "Chittagong", "admin2Pcod": "2015", "admin1Name": "Chittagong", "admin1Pcod": "20", "admin0Name": "Bangladesh", "admin0Pcod": "BD", "date": "2015-01-01", "validOn": "2018-04-10", "validTo": null, "Shape_Leng": 0.20038457574, "Shape_Area": 0.00203084545, "name": "Ward No-01" }, "geometry": { "type": "Point", "coordinates": [ 91.78261060952191, 22.275336465893059 ] } },
{ "type": "Feature", "properties": { "rand_point_id": 935, "OBJECTID": 120, "admin4Name": "Ward No-01", "admin4Pcod": "20150601", "admin4RefN": null, "admin4AltN": null, "admin4Al_1": null, "admin3Name": "Bayejid Bostami", "admin3Pcod": "201506", "admin2Name": "Chittagong", "admin2Pcod": "2015", "admin1Name": "Chittagong", "admin1Pcod": "20", "admin0Name": "Bangladesh", "admin0Pcod": "BD", "date": "2015-01-01", "validOn": "2018-04-10", "validTo": null, "Shape_Leng": 0.20038457574, "Shape_Area": 0.00203084545, "name": "Ward No-01" }, "geometry": { "type": "Point", "coordinates": [ 91.796084600752607, 22.313055539659274 ] } },
{ "type": "Feature", "properties": { "rand_point_id": 936, "OBJECTID": 120, "admin4Name": "Ward No-01", "admin4Pcod": "20150601", "admin4RefN": null, "admin4AltN": null, "admin4Al_1": null, "admin3Name": "Bayejid Bostami", "admin3Pcod": "201506", "admin2Name": "Chittagong", "admin2Pcod": "2015", "admin1Name": "Chittagong", "admin1Pcod": "20", "admin0Name": "Bangladesh", "admin0Pcod": "BD", "date": "2015-01-01", "validOn": "2018-04-10", "validTo": null, "Shape_Leng": 0.20038457574, "Shape_Area": 0.00203084545, "name": "Ward No-01" }, "geometry": { "type": "Point", "coordinates": [ 91.84352956652296, 22.332996456964867 ] } },
{ "type": "Feature", "properties": { "rand_point_id": 937, "OBJECTID": 120, "admin4Name": "Ward No-01", "admin4Pcod": "20150601", "admin4RefN": null, "admin4AltN": null, "admin4Al_1": null, "admin3Name": "Bayejid Bostami", "admin3Pcod": "201506", "admin2Name": "Chittagong", "admin2Pcod": "2015", "admin1Name": "Chittagong", "admin1Pcod": "20", "admin0Name": "Bangladesh", "admin0Pcod": "BD", "date": "2015-01-01", "validOn": "2018-04-10", "validTo": null, "Shape_Leng": 0.20038457574, "Shape_Area": 0.00203084545, "name": "Ward No-01" }, "geometry": { "type": "Point", "coordinates": [ 91.801902256707208, 22.329930343559184 ] } },
{ "type": "Feature", "properties": { "rand_point_id": 938, "OBJECTID": 120, "admin4Name": "Ward No-01", "admin4Pcod": "20150601", "admin4RefN": null, "admin4AltN": null, "admin4Al_1": null, "admin3Name": "Bayejid Bostami", "admin3Pcod": "201506", "admin2Name": "Chittagong", "admin2Pcod": "2015", "admin1Name": "Chittagong", "admin1Pcod": "20", "admin0Name": "Bangladesh", "admin0Pcod": "BD", "date": "2015-01-01", "validOn": "2018-04-10", "validTo": null, "Shape_Leng": 0.20038457574, "Shape_Area": 0.00203084545, "name": "Ward No-01" }, "geometry": { "type": "Point", "coordinates": [ 91.813467806967324, 22.420239062024958 ] } },
{ "type": "Feature", "properties": { "rand_point_id": 939, "OBJECTID": 120, "admin4Name": "Ward No-01", "admin4Pcod": "20150601", "admin4RefN": null, "admin4AltN": null, "admin4Al_1": null, "admin3Name": "Bayejid Bostami", "admin3Pcod": "201506", "admin2Name": "Chittagong", "admin2Pcod": "2015", "admin1Name": "Chittagong", "admin1Pcod": "20", "admin0Name": "Bangladesh", "admin0Pcod": "BD", "date": "2015-01-01", "validOn": "2018-04-10", "validTo": null, "Shape_Leng": 0.20038457574, "Shape_Area": 0.00203084545, "name": "Ward No-01" }, "geometry": { "type": "Point", "coordinates": [ 91.780914793408485, 22.324168190058764 ] } },
{ "type": "Feature", "properties": { "rand_point_id": 940, "OBJECTID": 120, "admin4Name": "Ward No-01", "admin4Pcod": "20150601", "admin4RefN": null, "admin4AltN": null, "admin4Al_1": null, "admin3Name": "Bayejid Bostami", "admin3Pcod": "201506", "admin2Name": "Chittagong", "admin2Pcod": "2015", "admin1Name": "Chittagong", "admin1Pcod": "20", "admin0Name": "Bangladesh", "admin0Pcod": "BD", "date": "2015-01-01", "validOn": "2018-04-10", "validTo": null, "Shape_Leng": 0.20038457574, "Shape_Area": 0.00203084545, "name": "Ward No-01" }, "geometry": { "type": "Point", "coordinates": [ 91.833364658085259, 22.405190788970071 ] } },
{ "type": "Feature", "properties": { "rand_point_id": 941, "OBJECTID": 120, "admin4Name": "Ward No-01", "admin4Pcod": "20150601", "admin4RefN": null, "admin4AltN": null, "admin4Al_1": null, "admin3Name": "Bayejid Bostami", "admin3Pcod": "201506", "admin2Name": "Chittagong", "admin2Pcod": "2015", "admin1Name": "Chittagong", "admin1Pcod": "20", "admin0Name": "Bangladesh", "admin0Pcod": "BD", "date": "2015-01-01", "validOn": "2018-04-10", "validTo": null, "Shape_Leng": 0.20038457574, "Shape_Area": 0.00203084545, "name": "Ward No-01" }, "geometry": { "type": "Point", "coordinates": [ 91.766766676724757, 22.340639780247724 ] } },
{ "type": "Feature", "properties": { "rand_point_id": 942, "OBJECTID": 120, "admin4Name": "Ward No-01", "admin4Pcod": "20150601", "admin4RefN": null, "admin4AltN": null, "admin4Al_1": null, "admin3Name": "Bayejid Bostami", "admin3Pcod": "201506", "admin2Name": "Chittagong", "admin2Pcod": "2015", "admin1Name": "Chittagong", "admin1Pcod": "20", "admin0Name": "Bangladesh", "admin0Pcod": "BD", "date": "2015-01-01", "validOn": "2018-04-10", "validTo": null, "Shape_Leng": 0.20038457574, "Shape_Area": 0.00203084545, "name": "Ward No-01" }, "geometry": { "type": "Point", "coordinates": [ 91.822441752587764, 22.342165781181777 ] } },
{ "type": "Feature", "properties": { "rand_point_id": 943, "OBJECTID": 120, "admin4Name": "Ward No-01", "admin4Pcod": "20150601", "admin4RefN": null, "admin4AltN": null, "admin4Al_1": null, "admin3Name": "Bayejid Bostami", "admin3Pcod": "201506", "admin2Name": "Chittagong", "admin2Pcod": "2015", "admin1Name": "Chittagong", "admin1Pcod": "20", "admin0Name": "Bangladesh", "admin0Pcod": "BD", "date": "2015-01-01", "validOn": "2018-04-10", "validTo": null, "Shape_Leng": 0.20038457574, "Shape_Area": 0.00203084545, "name": "Ward No-01" }, "geometry": { "type": "Point", "coordinates": [ 91.77362901431033, 22.361652091472433 ] } },
{ "type": "Feature", "properties": { "rand_point_id": 944, "OBJECTID": 120, "admin4Name": "Ward No-01", "admin4Pcod": "20150601", "admin4RefN": null, "admin4AltN": null, "admin4Al_1": null, "admin3Name": "Bayejid Bostami", "admin3Pcod": "201506", "admin2Name": "Chittagong", "admin2Pcod": "2015", "admin1Name": "Chittagong", "admin1Pcod": "20", "admin0Name": "Bangladesh", "admin0Pcod": "BD", "date": "2015-01-01", "validOn": "2018-04-10", "validTo": null, "Shape_Leng": 0.20038457574, "Shape_Area": 0.00203084545, "name": "Ward No-01" }, "geometry": { "type": "Point", "coordinates": [ 91.800331541677792, 22.269810634586502 ] } },
{ "type": "Feature", "properties": { "rand_point_id": 945, "OBJECTID": 120, "admin4Name": "Ward No-01", "admin4Pcod": "20150601", "admin4RefN": null, "admin4AltN": null, "admin4Al_1": null, "admin3Name": "Bayejid Bostami", "admin3Pcod": "201506", "admin2Name": "Chittagong", "admin2Pcod": "2015", "admin1Name": "Chittagong", "admin1Pcod": "20", "admin0Name": "Bangladesh", "admin0Pcod": "BD", "date": "2015-01-01", "validOn": "2018-04-10", "validTo": null, "Shape_Leng": 0.20038457574, "Shape_Area": 0.00203084545, "name": "Ward No-01" }, "geometry": { "type": "Point", "coordinates": [ 91.785433947320143, 22.30792743095018 ] } },
{ "type": "Feature", "properties": { "rand_point_id": 946, "OBJECTID": 120, "admin4Name": "Ward No-01", "admin4Pcod": "20150601", "admin4RefN": null, "admin4AltN": null, "admin4Al_1": null, "admin3Name": "Bayejid Bostami", "admin3Pcod": "201506", "admin2Name": "Chittagong", "admin2Pcod": "2015", "admin1Name": "Chittagong", "admin1Pcod": "20", "admin0Name": "Bangladesh", "admin0Pcod": "BD", "date": "2015-01-01", "validOn": "2018-04-10", "validTo": null, "Shape_Leng": 0.20038457574, "Shape_Area": 0.00203084545, "name": "Ward No-01" }, "geometry": { "type": "Point", "coordinates": [ 91.836259089265241, 22.331343082113793 ] } },
{ "type": "Feature", "properties": { "rand_point_id": 947, "OBJECTID": 120, "admin4Name": "Ward No-01", "admin4Pcod": "20150601", "admin4RefN": null, "admin4AltN": null, "admin4Al_1": null, "admin3Name": "Bayejid Bostami", "admin3Pcod": "201506", "admin2Name": "Chittagong", "admin2Pcod": "2015", "admin1Name": "Chittagong", "admin1Pcod": "20", "admin0Name": "Bangladesh", "admin0Pcod": "BD", "date": "2015-01-01", "validOn": "2018-04-10", "validTo": null, "Shape_Leng": 0.20038457574, "Shape_Area": 0.00203084545, "name": "Ward No-01" }, "geometry": { "type": "Point", "coordinates": [ 91.788905291044088, 22.435139964448258 ] } },
{ "type": "Feature", "properties": { "rand_point_id": 948, "OBJECTID": 120, "admin4Name": "Ward No-01", "admin4Pcod": "20150601", "admin4RefN": null, "admin4AltN": null, "admin4Al_1": null, "admin3Name": "Bayejid Bostami", "admin3Pcod": "201506", "admin2Name": "Chittagong", "admin2Pcod": "2015", "admin1Name": "Chittagong", "admin1Pcod": "20", "admin0Name": "Bangladesh", "admin0Pcod": "BD", "date": "2015-01-01", "validOn": "2018-04-10", "validTo": null, "Shape_Leng": 0.20038457574, "Shape_Area": 0.00203084545, "name": "Ward No-01" }, "geometry": { "type": "Point", "coordinates": [ 91.775012870379371, 22.352919584496409 ] } },
{ "type": "Feature", "properties": { "rand_point_id": 949, "OBJECTID": 120, "admin4Name": "Ward No-01", "admin4Pcod": "20150601", "admin4RefN": null, "admin4AltN": null, "admin4Al_1": null, "admin3Name": "Bayejid Bostami", "admin3Pcod": "201506", "admin2Name": "Chittagong", "admin2Pcod": "2015", "admin1Name": "Chittagong", "admin1Pcod": "20", "admin0Name": "Bangladesh", "admin0Pcod": "BD", "date": "2015-01-01", "validOn": "2018-04-10", "validTo": null, "Shape_Leng": 0.20038457574, "Shape_Area": 0.00203084545, "name": "Ward No-01" }, "geometry": { "type": "Point", "coordinates": [ 91.824547510549493, 22.252423284183504 ] } },
{ "type": "Feature", "properties": { "rand_point_id": 950, "OBJECTID": 120, "admin4Name": "Ward No-01", "admin4Pcod": "20150601", "admin4RefN": null, "admin4AltN": null, "admin4Al_1": null, "admin3Name": "Bayejid Bostami", "admin3Pcod": "201506", "admin2Name": "Chittagong", "admin2Pcod": "2015", "admin1Name": "Chittagong", "admin1Pcod": "20", "admin0Name": "Bangladesh", "admin0Pcod": "BD", "date": "2015-01-01", "validOn": "2018-04-10", "validTo": null, "Shape_Leng": 0.20038457574, "Shape_Area": 0.00203084545, "name": "Ward No-01" }, "geometry": { "type": "Point", "coordinates": [ 91.838176088780315, 22.363720401663606 ] } },
{ "type": "Feature", "properties": { "rand_point_id": 951, "OBJECTID": 120, "admin4Name": "Ward No-01", "admin4Pcod": "20150601", "admin4RefN": null, "admin4AltN": null, "admin4Al_1": null, "admin3Name": "Bayejid Bostami", "admin3Pcod": "201506", "admin2Name": "Chittagong", "admin2Pcod": "2015", "admin1Name": "Chittagong", "admin1Pcod": "20", "admin0Name": "Bangladesh", "admin0Pcod": "BD", "date": "2015-01-01", "validOn": "2018-04-10", "validTo": null, "Shape_Leng": 0.20038457574, "Shape_Area": 0.00203084545, "name": "Ward No-01" }, "geometry": { "type": "Point", "coordinates": [ 91.819724900772115, 22.359872893681661 ] } },
{ "type": "Feature", "properties": { "rand_point_id": 952, "OBJECTID": 120, "admin4Name": "Ward No-01", "admin4Pcod": "20150601", "admin4RefN": null, "admin4AltN": null, "admin4Al_1": null, "admin3Name": "Bayejid Bostami", "admin3Pcod": "201506", "admin2Name": "Chittagong", "admin2Pcod": "2015", "admin1Name": "Chittagong", "admin1Pcod": "20", "admin0Name": "Bangladesh", "admin0Pcod": "BD", "date": "2015-01-01", "validOn": "2018-04-10", "validTo": null, "Shape_Leng": 0.20038457574, "Shape_Area": 0.00203084545, "name": "Ward No-01" }, "geometry": { "type": "Point", "coordinates": [ 91.798762669359093, 22.344122581963983 ] } },
{ "type": "Feature", "properties": { "rand_point_id": 953, "OBJECTID": 120, "admin4Name": "Ward No-01", "admin4Pcod": "20150601", "admin4RefN": null, "admin4AltN": null, "admin4Al_1": null, "admin3Name": "Bayejid Bostami", "admin3Pcod": "201506", "admin2Name": "Chittagong", "admin2Pcod": "2015", "admin1Name": "Chittagong", "admin1Pcod": "20", "admin0Name": "Bangladesh", "admin0Pcod": "BD", "date": "2015-01-01", "validOn": "2018-04-10", "validTo": null, "Shape_Leng": 0.20038457574, "Shape_Area": 0.00203084545, "name": "Ward No-01" }, "geometry": { "type": "Point", "coordinates": [ 91.853865414918332, 22.372722881847572 ] } },
{ "type": "Feature", "properties": { "rand_point_id": 954, "OBJECTID": 120, "admin4Name": "Ward No-01", "admin4Pcod": "20150601", "admin4RefN": null, "admin4AltN": null, "admin4Al_1": null, "admin3Name": "Bayejid Bostami", "admin3Pcod": "201506", "admin2Name": "Chittagong", "admin2Pcod": "2015", "admin1Name": "Chittagong", "admin1Pcod": "20", "admin0Name": "Bangladesh", "admin0Pcod": "BD", "date": "2015-01-01", "validOn": "2018-04-10", "validTo": null, "Shape_Leng": 0.20038457574, "Shape_Area": 0.00203084545, "name": "Ward No-01" }, "geometry": { "type": "Point", "coordinates": [ 91.790060121329859, 22.36468684849758 ] } },
{ "type": "Feature", "properties": { "rand_point_id": 955, "OBJECTID": 120, "admin4Name": "Ward No-01", "admin4Pcod": "20150601", "admin4RefN": null, "admin4AltN": null, "admin4Al_1": null, "admin3Name": "Bayejid Bostami", "admin3Pcod": "201506", "admin2Name": "Chittagong", "admin2Pcod": "2015", "admin1Name": "Chittagong", "admin1Pcod": "20", "admin0Name": "Bangladesh", "admin0Pcod": "BD", "date": "2015-01-01", "validOn": "2018-04-10", "validTo": null, "Shape_Leng": 0.20038457574, "Shape_Area": 0.00203084545, "name": "Ward No-01" }, "geometry": { "type": "Point", "coordinates": [ 91.769230144766922, 22.370307002679784 ] } },
{ "type": "Feature", "properties": { "rand_point_id": 956, "OBJECTID": 120, "admin4Name": "Ward No-01", "admin4Pcod": "20150601", "admin4RefN": null, "admin4AltN": null, "admin4Al_1": null, "admin3Name": "Bayejid Bostami", "admin3Pcod": "201506", "admin2Name": "Chittagong", "admin2Pcod": "2015", "admin1Name": "Chittagong", "admin1Pcod": "20", "admin0Name": "Bangladesh", "admin0Pcod": "BD", "date": "2015-01-01", "validOn": "2018-04-10", "validTo": null, "Shape_Leng": 0.20038457574, "Shape_Area": 0.00203084545, "name": "Ward No-01" }, "geometry": { "type": "Point", "coordinates": [ 91.799034382548328, 22.375982075556831 ] } },
{ "type": "Feature", "properties": { "rand_point_id": 957, "OBJECTID": 120, "admin4Name": "Ward No-01", "admin4Pcod": "20150601", "admin4RefN": null, "admin4AltN": null, "admin4Al_1": null, "admin3Name": "Bayejid Bostami", "admin3Pcod": "201506", "admin2Name": "Chittagong", "admin2Pcod": "2015", "admin1Name": "Chittagong", "admin1Pcod": "20", "admin0Name": "Bangladesh", "admin0Pcod": "BD", "date": "2015-01-01", "validOn": "2018-04-10", "validTo": null, "Shape_Leng": 0.20038457574, "Shape_Area": 0.00203084545, "name": "Ward No-01" }, "geometry": { "type": "Point", "coordinates": [ 91.824553124406734, 22.249558581307863 ] } },
{ "type": "Feature", "properties": { "rand_point_id": 958, "OBJECTID": 120, "admin4Name": "Ward No-01", "admin4Pcod": "20150601", "admin4RefN": null, "admin4AltN": null, "admin4Al_1": null, "admin3Name": "Bayejid Bostami", "admin3Pcod": "201506", "admin2Name": "Chittagong", "admin2Pcod": "2015", "admin1Name": "Chittagong", "admin1Pcod": "20", "admin0Name": "Bangladesh", "admin0Pcod": "BD", "date": "2015-01-01", "validOn": "2018-04-10", "validTo": null, "Shape_Leng": 0.20038457574, "Shape_Area": 0.00203084545, "name": "Ward No-01" }, "geometry": { "type": "Point", "coordinates": [ 91.827772588688347, 22.375016878367934 ] } },
{ "type": "Feature", "properties": { "rand_point_id": 959, "OBJECTID": 120, "admin4Name": "Ward No-01", "admin4Pcod": "20150601", "admin4RefN": null, "admin4AltN": null, "admin4Al_1": null, "admin3Name": "Bayejid Bostami", "admin3Pcod": "201506", "admin2Name": "Chittagong", "admin2Pcod": "2015", "admin1Name": "Chittagong", "admin1Pcod": "20", "admin0Name": "Bangladesh", "admin0Pcod": "BD", "date": "2015-01-01", "validOn": "2018-04-10", "validTo": null, "Shape_Leng": 0.20038457574, "Shape_Area": 0.00203084545, "name": "Ward No-01" }, "geometry": { "type": "Point", "coordinates": [ 91.790179773914531, 22.411123752651115 ] } },
{ "type": "Feature", "properties": { "rand_point_id": 960, "OBJECTID": 120, "admin4Name": "Ward No-01", "admin4Pcod": "20150601", "admin4RefN": null, "admin4AltN": null, "admin4Al_1": null, "admin3Name": "Bayejid Bostami", "admin3Pcod": "201506", "admin2Name": "Chittagong", "admin2Pcod": "2015", "admin1Name": "Chittagong", "admin1Pcod": "20", "admin0Name": "Bangladesh", "admin0Pcod": "BD", "date": "2015-01-01", "validOn": "2018-04-10", "validTo": null, "Shape_Leng": 0.20038457574, "Shape_Area": 0.00203084545, "name": "Ward No-01" }, "geometry": { "type": "Point", "coordinates": [ 91.823577625241583, 22.267186021391936 ] } },
{ "type": "Feature", "properties": { "rand_point_id": 961, "OBJECTID": 120, "admin4Name": "Ward No-01", "admin4Pcod": "20150601", "admin4RefN": null, "admin4AltN": null, "admin4Al_1": null, "admin3Name": "Bayejid Bostami", "admin3Pcod": "201506", "admin2Name": "Chittagong", "admin2Pcod": "2015", "admin1Name": "Chittagong", "admin1Pcod": "20", "admin0Name": "Bangladesh", "admin0Pcod": "BD", "date": "2015-01-01", "validOn": "2018-04-10", "validTo": null, "Shape_Leng": 0.20038457574, "Shape_Area": 0.00203084545, "name": "Ward No-01" }, "geometry": { "type": "Point", "coordinates": [ 91.852595704979805, 22.351518792096542 ] } },
{ "type": "Feature", "properties": { "rand_point_id": 962, "OBJECTID": 120, "admin4Name": "Ward No-01", "admin4Pcod": "20150601", "admin4RefN": null, "admin4AltN": null, "admin4Al_1": null, "admin3Name": "Bayejid Bostami", "admin3Pcod": "201506", "admin2Name": "Chittagong", "admin2Pcod": "2015", "admin1Name": "Chittagong", "admin1Pcod": "20", "admin0Name": "Bangladesh", "admin0Pcod": "BD", "date": "2015-01-01", "validOn": "2018-04-10", "validTo": null, "Shape_Leng": 0.20038457574, "Shape_Area": 0.00203084545, "name": "Ward No-01" }, "geometry": { "type": "Point", "coordinates": [ 91.833576151176032, 22.35905966148712 ] } },
{ "type": "Feature", "properties": { "rand_point_id": 963, "OBJECTID": 120, "admin4Name": "Ward No-01", "admin4Pcod": "20150601", "admin4RefN": null, "admin4AltN": null, "admin4Al_1": null, "admin3Name": "Bayejid Bostami", "admin3Pcod": "201506", "admin2Name": "Chittagong", "admin2Pcod": "2015", "admin1Name": "Chittagong", "admin1Pcod": "20", "admin0Name": "Bangladesh", "admin0Pcod": "BD", "date": "2015-01-01", "validOn": "2018-04-10", "validTo": null, "Shape_Leng": 0.20038457574, "Shape_Area": 0.00203084545, "name": "Ward No-01" }, "geometry": { "type": "Point", "coordinates": [ 91.860097865121219, 22.364693138232443 ] } },
{ "type": "Feature", "properties": { "rand_point_id": 964, "OBJECTID": 120, "admin4Name": "Ward No-01", "admin4Pcod": "20150601", "admin4RefN": null, "admin4AltN": null, "admin4Al_1": null, "admin3Name": "Bayejid Bostami", "admin3Pcod": "201506", "admin2Name": "Chittagong", "admin2Pcod": "2015", "admin1Name": "Chittagong", "admin1Pcod": "20", "admin0Name": "Bangladesh", "admin0Pcod": "BD", "date": "2015-01-01", "validOn": "2018-04-10", "validTo": null, "Shape_Leng": 0.20038457574, "Shape_Area": 0.00203084545, "name": "Ward No-01" }, "geometry": { "type": "Point", "coordinates": [ 91.791112286302479, 22.366970083916982 ] } },
{ "type": "Feature", "properties": { "rand_point_id": 965, "OBJECTID": 120, "admin4Name": "Ward No-01", "admin4Pcod": "20150601", "admin4RefN": null, "admin4AltN": null, "admin4Al_1": null, "admin3Name": "Bayejid Bostami", "admin3Pcod": "201506", "admin2Name": "Chittagong", "admin2Pcod": "2015", "admin1Name": "Chittagong", "admin1Pcod": "20", "admin0Name": "Bangladesh", "admin0Pcod": "BD", "date": "2015-01-01", "validOn": "2018-04-10", "validTo": null, "Shape_Leng": 0.20038457574, "Shape_Area": 0.00203084545, "name": "Ward No-01" }, "geometry": { "type": "Point", "coordinates": [ 91.814502644638793, 22.430521003512659 ] } },
{ "type": "Feature", "properties": { "rand_point_id": 966, "OBJECTID": 120, "admin4Name": "Ward No-01", "admin4Pcod": "20150601", "admin4RefN": null, "admin4AltN": null, "admin4Al_1": null, "admin3Name": "Bayejid Bostami", "admin3Pcod": "201506", "admin2Name": "Chittagong", "admin2Pcod": "2015", "admin1Name": "Chittagong", "admin1Pcod": "20", "admin0Name": "Bangladesh", "admin0Pcod": "BD", "date": "2015-01-01", "validOn": "2018-04-10", "validTo": null, "Shape_Leng": 0.20038457574, "Shape_Area": 0.00203084545, "name": "Ward No-01" }, "geometry": { "type": "Point", "coordinates": [ 91.810570330865232, 22.357420909261439 ] } },
{ "type": "Feature", "properties": { "rand_point_id": 967, "OBJECTID": 120, "admin4Name": "Ward No-01", "admin4Pcod": "20150601", "admin4RefN": null, "admin4AltN": null, "admin4Al_1": null, "admin3Name": "Bayejid Bostami", "admin3Pcod": "201506", "admin2Name": "Chittagong", "admin2Pcod": "2015", "admin1Name": "Chittagong", "admin1Pcod": "20", "admin0Name": "Bangladesh", "admin0Pcod": "BD", "date": "2015-01-01", "validOn": "2018-04-10", "validTo": null, "Shape_Leng": 0.20038457574, "Shape_Area": 0.00203084545, "name": "Ward No-01" }, "geometry": { "type": "Point", "coordinates": [ 91.797729223645405, 22.45859967275317 ] } },
{ "type": "Feature", "properties": { "rand_point_id": 968, "OBJECTID": 120, "admin4Name": "Ward No-01", "admin4Pcod": "20150601", "admin4RefN": null, "admin4AltN": null, "admin4Al_1": null, "admin3Name": "Bayejid Bostami", "admin3Pcod": "201506", "admin2Name": "Chittagong", "admin2Pcod": "2015", "admin1Name": "Chittagong", "admin1Pcod": "20", "admin0Name": "Bangladesh", "admin0Pcod": "BD", "date": "2015-01-01", "validOn": "2018-04-10", "validTo": null, "Shape_Leng": 0.20038457574, "Shape_Area": 0.00203084545, "name": "Ward No-01" }, "geometry": { "type": "Point", "coordinates": [ 91.778154505936712, 22.32902074303011 ] } },
{ "type": "Feature", "properties": { "rand_point_id": 969, "OBJECTID": 120, "admin4Name": "Ward No-01", "admin4Pcod": "20150601", "admin4RefN": null, "admin4AltN": null, "admin4Al_1": null, "admin3Name": "Bayejid Bostami", "admin3Pcod": "201506", "admin2Name": "Chittagong", "admin2Pcod": "2015", "admin1Name": "Chittagong", "admin1Pcod": "20", "admin0Name": "Bangladesh", "admin0Pcod": "BD", "date": "2015-01-01", "validOn": "2018-04-10", "validTo": null, "Shape_Leng": 0.20038457574, "Shape_Area": 0.00203084545, "name": "Ward No-01" }, "geometry": { "type": "Point", "coordinates": [ 91.877559753978531, 22.416153923217834 ] } },
{ "type": "Feature", "properties": { "rand_point_id": 970, "OBJECTID": 120, "admin4Name": "Ward No-01", "admin4Pcod": "20150601", "admin4RefN": null, "admin4AltN": null, "admin4Al_1": null, "admin3Name": "Bayejid Bostami", "admin3Pcod": "201506", "admin2Name": "Chittagong", "admin2Pcod": "2015", "admin1Name": "Chittagong", "admin1Pcod": "20", "admin0Name": "Bangladesh", "admin0Pcod": "BD", "date": "2015-01-01", "validOn": "2018-04-10", "validTo": null, "Shape_Leng": 0.20038457574, "Shape_Area": 0.00203084545, "name": "Ward No-01" }, "geometry": { "type": "Point", "coordinates": [ 91.761225066227425, 22.355359022608781 ] } },
{ "type": "Feature", "properties": { "rand_point_id": 971, "OBJECTID": 120, "admin4Name": "Ward No-01", "admin4Pcod": "20150601", "admin4RefN": null, "admin4AltN": null, "admin4Al_1": null, "admin3Name": "Bayejid Bostami", "admin3Pcod": "201506", "admin2Name": "Chittagong", "admin2Pcod": "2015", "admin1Name": "Chittagong", "admin1Pcod": "20", "admin0Name": "Bangladesh", "admin0Pcod": "BD", "date": "2015-01-01", "validOn": "2018-04-10", "validTo": null, "Shape_Leng": 0.20038457574, "Shape_Area": 0.00203084545, "name": "Ward No-01" }, "geometry": { "type": "Point", "coordinates": [ 91.810618282686349, 22.359681988218973 ] } },
{ "type": "Feature", "properties": { "rand_point_id": 972, "OBJECTID": 120, "admin4Name": "Ward No-01", "admin4Pcod": "20150601", "admin4RefN": null, "admin4AltN": null, "admin4Al_1": null, "admin3Name": "Bayejid Bostami", "admin3Pcod": "201506", "admin2Name": "Chittagong", "admin2Pcod": "2015", "admin1Name": "Chittagong", "admin1Pcod": "20", "admin0Name": "Bangladesh", "admin0Pcod": "BD", "date": "2015-01-01", "validOn": "2018-04-10", "validTo": null, "Shape_Leng": 0.20038457574, "Shape_Area": 0.00203084545, "name": "Ward No-01" }, "geometry": { "type": "Point", "coordinates": [ 91.867866943469807, 22.388414501059874 ] } },
{ "type": "Feature", "properties": { "rand_point_id": 973, "OBJECTID": 120, "admin4Name": "Ward No-01", "admin4Pcod": "20150601", "admin4RefN": null, "admin4AltN": null, "admin4Al_1": null, "admin3Name": "Bayejid Bostami", "admin3Pcod": "201506", "admin2Name": "Chittagong", "admin2Pcod": "2015", "admin1Name": "Chittagong", "admin1Pcod": "20", "admin0Name": "Bangladesh", "admin0Pcod": "BD", "date": "2015-01-01", "validOn": "2018-04-10", "validTo": null, "Shape_Leng": 0.20038457574, "Shape_Area": 0.00203084545, "name": "Ward No-01" }, "geometry": { "type": "Point", "coordinates": [ 91.82999810925017, 22.342674072584558 ] } },
{ "type": "Feature", "properties": { "rand_point_id": 974, "OBJECTID": 120, "admin4Name": "Ward No-01", "admin4Pcod": "20150601", "admin4RefN": null, "admin4AltN": null, "admin4Al_1": null, "admin3Name": "Bayejid Bostami", "admin3Pcod": "201506", "admin2Name": "Chittagong", "admin2Pcod": "2015", "admin1Name": "Chittagong", "admin1Pcod": "20", "admin0Name": "Bangladesh", "admin0Pcod": "BD", "date": "2015-01-01", "validOn": "2018-04-10", "validTo": null, "Shape_Leng": 0.20038457574, "Shape_Area": 0.00203084545, "name": "Ward No-01" }, "geometry": { "type": "Point", "coordinates": [ 91.785035118578492, 22.283809905750633 ] } },
{ "type": "Feature", "properties": { "rand_point_id": 975, "OBJECTID": 120, "admin4Name": "Ward No-01", "admin4Pcod": "20150601", "admin4RefN": null, "admin4AltN": null, "admin4Al_1": null, "admin3Name": "Bayejid Bostami", "admin3Pcod": "201506", "admin2Name": "Chittagong", "admin2Pcod": "2015", "admin1Name": "Chittagong", "admin1Pcod": "20", "admin0Name": "Bangladesh", "admin0Pcod": "BD", "date": "2015-01-01", "validOn": "2018-04-10", "validTo": null, "Shape_Leng": 0.20038457574, "Shape_Area": 0.00203084545, "name": "Ward No-01" }, "geometry": { "type": "Point", "coordinates": [ 91.819052822086761, 22.40394745195238 ] } },
{ "type": "Feature", "properties": { "rand_point_id": 976, "OBJECTID": 120, "admin4Name": "Ward No-01", "admin4Pcod": "20150601", "admin4RefN": null, "admin4AltN": null, "admin4Al_1": null, "admin3Name": "Bayejid Bostami", "admin3Pcod": "201506", "admin2Name": "Chittagong", "admin2Pcod": "2015", "admin1Name": "Chittagong", "admin1Pcod": "20", "admin0Name": "Bangladesh", "admin0Pcod": "BD", "date": "2015-01-01", "validOn": "2018-04-10", "validTo": null, "Shape_Leng": 0.20038457574, "Shape_Area": 0.00203084545, "name": "Ward No-01" }, "geometry": { "type": "Point", "coordinates": [ 91.850910205228288, 22.339853234434983 ] } },
{ "type": "Feature", "properties": { "rand_point_id": 977, "OBJECTID": 120, "admin4Name": "Ward No-01", "admin4Pcod": "20150601", "admin4RefN": null, "admin4AltN": null, "admin4Al_1": null, "admin3Name": "Bayejid Bostami", "admin3Pcod": "201506", "admin2Name": "Chittagong", "admin2Pcod": "2015", "admin1Name": "Chittagong", "admin1Pcod": "20", "admin0Name": "Bangladesh", "admin0Pcod": "BD", "date": "2015-01-01", "validOn": "2018-04-10", "validTo": null, "Shape_Leng": 0.20038457574, "Shape_Area": 0.00203084545, "name": "Ward No-01" }, "geometry": { "type": "Point", "coordinates": [ 91.772439673777669, 22.313314158989609 ] } },
{ "type": "Feature", "properties": { "rand_point_id": 978, "OBJECTID": 120, "admin4Name": "Ward No-01", "admin4Pcod": "20150601", "admin4RefN": null, "admin4AltN": null, "admin4Al_1": null, "admin3Name": "Bayejid Bostami", "admin3Pcod": "201506", "admin2Name": "Chittagong", "admin2Pcod": "2015", "admin1Name": "Chittagong", "admin1Pcod": "20", "admin0Name": "Bangladesh", "admin0Pcod": "BD", "date": "2015-01-01", "validOn": "2018-04-10", "validTo": null, "Shape_Leng": 0.20038457574, "Shape_Area": 0.00203084545, "name": "Ward No-01" }, "geometry": { "type": "Point", "coordinates": [ 91.792389608452069, 22.262976924649081 ] } },
{ "type": "Feature", "properties": { "rand_point_id": 979, "OBJECTID": 120, "admin4Name": "Ward No-01", "admin4Pcod": "20150601", "admin4RefN": null, "admin4AltN": null, "admin4Al_1": null, "admin3Name": "Bayejid Bostami", "admin3Pcod": "201506", "admin2Name": "Chittagong", "admin2Pcod": "2015", "admin1Name": "Chittagong", "admin1Pcod": "20", "admin0Name": "Bangladesh", "admin0Pcod": "BD", "date": "2015-01-01", "validOn": "2018-04-10", "validTo": null, "Shape_Leng": 0.20038457574, "Shape_Area": 0.00203084545, "name": "Ward No-01" }, "geometry": { "type": "Point", "coordinates": [ 91.790629653769813, 22.457945995340204 ] } },
{ "type": "Feature", "properties": { "rand_point_id": 980, "OBJECTID": 120, "admin4Name": "Ward No-01", "admin4Pcod": "20150601", "admin4RefN": null, "admin4AltN": null, "admin4Al_1": null, "admin3Name": "Bayejid Bostami", "admin3Pcod": "201506", "admin2Name": "Chittagong", "admin2Pcod": "2015", "admin1Name": "Chittagong", "admin1Pcod": "20", "admin0Name": "Bangladesh", "admin0Pcod": "BD", "date": "2015-01-01", "validOn": "2018-04-10", "validTo": null, "Shape_Leng": 0.20038457574, "Shape_Area": 0.00203084545, "name": "Ward No-01" }, "geometry": { "type": "Point", "coordinates": [ 91.870902913404322, 22.374834913932755 ] } },
{ "type": "Feature", "properties": { "rand_point_id": 981, "OBJECTID": 120, "admin4Name": "Ward No-01", "admin4Pcod": "20150601", "admin4RefN": null, "admin4AltN": null, "admin4Al_1": null, "admin3Name": "Bayejid Bostami", "admin3Pcod": "201506", "admin2Name": "Chittagong", "admin2Pcod": "2015", "admin1Name": "Chittagong", "admin1Pcod": "20", "admin0Name": "Bangladesh", "admin0Pcod": "BD", "date": "2015-01-01", "validOn": "2018-04-10", "validTo": null, "Shape_Leng": 0.20038457574, "Shape_Area": 0.00203084545, "name": "Ward No-01" }, "geometry": { "type": "Point", "coordinates": [ 91.767883844804658, 22.325590110505136 ] } },
{ "type": "Feature", "properties": { "rand_point_id": 982, "OBJECTID": 120, "admin4Name": "Ward No-01", "admin4Pcod": "20150601", "admin4RefN": null, "admin4AltN": null, "admin4Al_1": null, "admin3Name": "Bayejid Bostami", "admin3Pcod": "201506", "admin2Name": "Chittagong", "admin2Pcod": "2015", "admin1Name": "Chittagong", "admin1Pcod": "20", "admin0Name": "Bangladesh", "admin0Pcod": "BD", "date": "2015-01-01", "validOn": "2018-04-10", "validTo": null, "Shape_Leng": 0.20038457574, "Shape_Area": 0.00203084545, "name": "Ward No-01" }, "geometry": { "type": "Point", "coordinates": [ 91.830050324073298, 22.382704016798726 ] } },
{ "type": "Feature", "properties": { "rand_point_id": 983, "OBJECTID": 120, "admin4Name": "Ward No-01", "admin4Pcod": "20150601", "admin4RefN": null, "admin4AltN": null, "admin4Al_1": null, "admin3Name": "Bayejid Bostami", "admin3Pcod": "201506", "admin2Name": "Chittagong", "admin2Pcod": "2015", "admin1Name": "Chittagong", "admin1Pcod": "20", "admin0Name": "Bangladesh", "admin0Pcod": "BD", "date": "2015-01-01", "validOn": "2018-04-10", "validTo": null, "Shape_Leng": 0.20038457574, "Shape_Area": 0.00203084545, "name": "Ward No-01" }, "geometry": { "type": "Point", "coordinates": [ 91.806320641269878, 22.458610103020181 ] } },
{ "type": "Feature", "properties": { "rand_point_id": 984, "OBJECTID": 120, "admin4Name": "Ward No-01", "admin4Pcod": "20150601", "admin4RefN": null, "admin4AltN": null, "admin4Al_1": null, "admin3Name": "Bayejid Bostami", "admin3Pcod": "201506", "admin2Name": "Chittagong", "admin2Pcod": "2015", "admin1Name": "Chittagong", "admin1Pcod": "20", "admin0Name": "Bangladesh", "admin0Pcod": "BD", "date": "2015-01-01", "validOn": "2018-04-10", "validTo": null, "Shape_Leng": 0.20038457574, "Shape_Area": 0.00203084545, "name": "Ward No-01" }, "geometry": { "type": "Point", "coordinates": [ 91.763999824588524, 22.328949983881351 ] } },
{ "type": "Feature", "properties": { "rand_point_id": 985, "OBJECTID": 120, "admin4Name": "Ward No-01", "admin4Pcod": "20150601", "admin4RefN": null, "admin4AltN": null, "admin4Al_1": null, "admin3Name": "Bayejid Bostami", "admin3Pcod": "201506", "admin2Name": "Chittagong", "admin2Pcod": "2015", "admin1Name": "Chittagong", "admin1Pcod": "20", "admin0Name": "Bangladesh", "admin0Pcod": "BD", "date": "2015-01-01", "validOn": "2018-04-10", "validTo": null, "Shape_Leng": 0.20038457574, "Shape_Area": 0.00203084545, "name": "Ward No-01" }, "geometry": { "type": "Point", "coordinates": [ 91.795005580333495, 22.256429490186491 ] } },
{ "type": "Feature", "properties": { "rand_point_id": 986, "OBJECTID": 120, "admin4Name": "Ward No-01", "admin4Pcod": "20150601", "admin4RefN": null, "admin4AltN": null, "admin4Al_1": null, "admin3Name": "Bayejid Bostami", "admin3Pcod": "201506", "admin2Name": "Chittagong", "admin2Pcod": "2015", "admin1Name": "Chittagong", "admin1Pcod": "20", "admin0Name": "Bangladesh", "admin0Pcod": "BD", "date": "2015-01-01", "validOn": "2018-04-10", "validTo": null, "Shape_Leng": 0.20038457574, "Shape_Area": 0.00203084545, "name": "Ward No-01" }, "geometry": { "type": "Point", "coordinates": [ 91.844119903689005, 22.349796493082824 ] } },
{ "type": "Feature", "properties": { "rand_point_id": 987, "OBJECTID": 120, "admin4Name": "Ward No-01", "admin4Pcod": "20150601", "admin4RefN": null, "admin4AltN": null, "admin4Al_1": null, "admin3Name": "Bayejid Bostami", "admin3Pcod": "201506", "admin2Name": "Chittagong", "admin2Pcod": "2015", "admin1Name": "Chittagong", "admin1Pcod": "20", "admin0Name": "Bangladesh", "admin0Pcod": "BD", "date": "2015-01-01", "validOn": "2018-04-10", "validTo": null, "Shape_Leng": 0.20038457574, "Shape_Area": 0.00203084545, "name": "Ward No-01" }, "geometry": { "type": "Point", "coordinates": [ 91.809379551034397, 22.329840325612263 ] } },
{ "type": "Feature", "properties": { "rand_point_id": 988, "OBJECTID": 120, "admin4Name": "Ward No-01", "admin4Pcod": "20150601", "admin4RefN": null, "admin4AltN": null, "admin4Al_1": null, "admin3Name": "Bayejid Bostami", "admin3Pcod": "201506", "admin2Name": "Chittagong", "admin2Pcod": "2015", "admin1Name": "Chittagong", "admin1Pcod": "20", "admin0Name": "Bangladesh", "admin0Pcod": "BD", "date": "2015-01-01", "validOn": "2018-04-10", "validTo": null, "Shape_Leng": 0.20038457574, "Shape_Area": 0.00203084545, "name": "Ward No-01" }, "geometry": { "type": "Point", "coordinates": [ 91.7569070264191, 22.343579698355619 ] } },
{ "type": "Feature", "properties": { "rand_point_id": 989, "OBJECTID": 120, "admin4Name": "Ward No-01", "admin4Pcod": "20150601", "admin4RefN": null, "admin4AltN": null, "admin4Al_1": null, "admin3Name": "Bayejid Bostami", "admin3Pcod": "201506", "admin2Name": "Chittagong", "admin2Pcod": "2015", "admin1Name": "Chittagong", "admin1Pcod": "20", "admin0Name": "Bangladesh", "admin0Pcod": "BD", "date": "2015-01-01", "validOn": "2018-04-10", "validTo": null, "Shape_Leng": 0.20038457574, "Shape_Area": 0.00203084545, "name": "Ward No-01" }, "geometry": { "type": "Point", "coordinates": [ 91.823409368628319, 22.259366022579982 ] } },
{ "type": "Feature", "properties": { "rand_point_id": 990, "OBJECTID": 120, "admin4Name": "Ward No-01", "admin4Pcod": "20150601", "admin4RefN": null, "admin4AltN": null, "admin4Al_1": null, "admin3Name": "Bayejid Bostami", "admin3Pcod": "201506", "admin2Name": "Chittagong", "admin2Pcod": "2015", "admin1Name": "Chittagong", "admin1Pcod": "20", "admin0Name": "Bangladesh", "admin0Pcod": "BD", "date": "2015-01-01", "validOn": "2018-04-10", "validTo": null, "Shape_Leng": 0.20038457574, "Shape_Area": 0.00203084545, "name": "Ward No-01" }, "geometry": { "type": "Point", "coordinates": [ 91.787933487398277, 22.385314419814879 ] } },
{ "type": "Feature", "properties": { "rand_point_id": 991, "OBJECTID": 120, "admin4Name": "Ward No-01", "admin4Pcod": "20150601", "admin4RefN": null, "admin4AltN": null, "admin4Al_1": null, "admin3Name": "Bayejid Bostami", "admin3Pcod": "201506", "admin2Name": "Chittagong", "admin2Pcod": "2015", "admin1Name": "Chittagong", "admin1Pcod": "20", "admin0Name": "Bangladesh", "admin0Pcod": "BD", "date": "2015-01-01", "validOn": "2018-04-10", "validTo": null, "Shape_Leng": 0.20038457574, "Shape_Area": 0.00203084545, "name": "Ward No-01" }, "geometry": { "type": "Point", "coordinates": [ 91.790710817031012, 22.33232399988303 ] } },
{ "type": "Feature", "properties": { "rand_point_id": 992, "OBJECTID": 120, "admin4Name": "Ward No-01", "admin4Pcod": "20150601", "admin4RefN": null, "admin4AltN": null, "admin4Al_1": null, "admin3Name": "Bayejid Bostami", "admin3Pcod": "201506", "admin2Name": "Chittagong", "admin2Pcod": "2015", "admin1Name": "Chittagong", "admin1Pcod": "20", "admin0Name": "Bangladesh", "admin0Pcod": "BD", "date": "2015-01-01", "validOn": "2018-04-10", "validTo": null, "Shape_Leng": 0.20038457574, "Shape_Area": 0.00203084545, "name": "Ward No-01" }, "geometry": { "type": "Point", "coordinates": [ 91.787367229820191, 22.351707416583949 ] } },
{ "type": "Feature", "properties": { "rand_point_id": 993, "OBJECTID": 120, "admin4Name": "Ward No-01", "admin4Pcod": "20150601", "admin4RefN": null, "admin4AltN": null, "admin4Al_1": null, "admin3Name": "Bayejid Bostami", "admin3Pcod": "201506", "admin2Name": "Chittagong", "admin2Pcod": "2015", "admin1Name": "Chittagong", "admin1Pcod": "20", "admin0Name": "Bangladesh", "admin0Pcod": "BD", "date": "2015-01-01", "validOn": "2018-04-10", "validTo": null, "Shape_Leng": 0.20038457574, "Shape_Area": 0.00203084545, "name": "Ward No-01" }, "geometry": { "type": "Point", "coordinates": [ 91.864016989894026, 22.338814993327599 ] } },
{ "type": "Feature", "properties": { "rand_point_id": 994, "OBJECTID": 120, "admin4Name": "Ward No-01", "admin4Pcod": "20150601", "admin4RefN": null, "admin4AltN": null, "admin4Al_1": null, "admin3Name": "Bayejid Bostami", "admin3Pcod": "201506", "admin2Name": "Chittagong", "admin2Pcod": "2015", "admin1Name": "Chittagong", "admin1Pcod": "20", "admin0Name": "Bangladesh", "admin0Pcod": "BD", "date": "2015-01-01", "validOn": "2018-04-10", "validTo": null, "Shape_Leng": 0.20038457574, "Shape_Area": 0.00203084545, "name": "Ward No-01" }, "geometry": { "type": "Point", "coordinates": [ 91.774855951962977, 22.35452832889748 ] } },
{ "type": "Feature", "properties": { "rand_point_id": 995, "OBJECTID": 120, "admin4Name": "Ward No-01", "admin4Pcod": "20150601", "admin4RefN": null, "admin4AltN": null, "admin4Al_1": null, "admin3Name": "Bayejid Bostami", "admin3Pcod": "201506", "admin2Name": "Chittagong", "admin2Pcod": "2015", "admin1Name": "Chittagong", "admin1Pcod": "20", "admin0Name": "Bangladesh", "admin0Pcod": "BD", "date": "2015-01-01", "validOn": "2018-04-10", "validTo": null, "Shape_Leng": 0.20038457574, "Shape_Area": 0.00203084545, "name": "Ward No-01" }, "geometry": { "type": "Point", "coordinates": [ 91.772821920496654, 22.300086012698415 ] } },
{ "type": "Feature", "properties": { "rand_point_id": 996, "OBJECTID": 120, "admin4Name": "Ward No-01", "admin4Pcod": "20150601", "admin4RefN": null, "admin4AltN": null, "admin4Al_1": null, "admin3Name": "Bayejid Bostami", "admin3Pcod": "201506", "admin2Name": "Chittagong", "admin2Pcod": "2015", "admin1Name": "Chittagong", "admin1Pcod": "20", "admin0Name": "Bangladesh", "admin0Pcod": "BD", "date": "2015-01-01", "validOn": "2018-04-10", "validTo": null, "Shape_Leng": 0.20038457574, "Shape_Area": 0.00203084545, "name": "Ward No-01" }, "geometry": { "type": "Point", "coordinates": [ 91.802574254924963, 22.355850828947634 ] } },
{ "type": "Feature", "properties": { "rand_point_id": 997, "OBJECTID": 120, "admin4Name": "Ward No-01", "admin4Pcod": "20150601", "admin4RefN": null, "admin4AltN": null, "admin4Al_1": null, "admin3Name": "Bayejid Bostami", "admin3Pcod": "201506", "admin2Name": "Chittagong", "admin2Pcod": "2015", "admin1Name": "Chittagong", "admin1Pcod": "20", "admin0Name": "Bangladesh", "admin0Pcod": "BD", "date": "2015-01-01", "validOn": "2018-04-10", "validTo": null, "Shape_Leng": 0.20038457574, "Shape_Area": 0.00203084545, "name": "Ward No-01" }, "geometry": { "type": "Point", "coordinates": [ 91.794223754779992, 22.262912278593962 ] } },
{ "type": "Feature", "properties": { "rand_point_id": 998, "OBJECTID": 120, "admin4Name": "Ward No-01", "admin4Pcod": "20150601", "admin4RefN": null, "admin4AltN": null, "admin4Al_1": null, "admin3Name": "Bayejid Bostami", "admin3Pcod": "201506", "admin2Name": "Chittagong", "admin2Pcod": "2015", "admin1Name": "Chittagong", "admin1Pcod": "20", "admin0Name": "Bangladesh", "admin0Pcod": "BD", "date": "2015-01-01", "validOn": "2018-04-10", "validTo": null, "Shape_Leng": 0.20038457574, "Shape_Area": 0.00203084545, "name": "Ward No-01" }, "geometry": { "type": "Point", "coordinates": [ 91.785966784668517, 22.30695456887754 ] } },
{ "type": "Feature", "properties": { "rand_point_id": 999, "OBJECTID": 120, "admin4Name": "Ward No-01", "admin4Pcod": "20150601", "admin4RefN": null, "admin4AltN": null, "admin4Al_1": null, "admin3Name": "Bayejid Bostami", "admin3Pcod": "201506", "admin2Name": "Chittagong", "admin2Pcod": "2015", "admin1Name": "Chittagong", "admin1Pcod": "20", "admin0Name": "Bangladesh", "admin0Pcod": "BD", "date": "2015-01-01", "validOn": "2018-04-10", "validTo": null, "Shape_Leng": 0.20038457574, "Shape_Area": 0.00203084545, "name": "Ward No-01" }, "geometry": { "type": "Point", "coordinates": [ 91.878614235525021, 22.386127575375443 ] } }
]
}
